SMILES,QED,SA,predicted_pIC50
Cc1noc(C)c1-c1cc2c(cc1Cl)NC(C)(C)C(=O)C2(C)C,0.8245780254111686,3.008572307652271,7.279063091135201
CN(C)C(=O)NC(=O)C(C)(C)[C@@H]1c2ccc(-c3ccc(C(=O)N4CCOCC4)cc3)nc2Oc2c(F)cccc21,0.520053417352539,3.5041386564508965,5.978979663152669
CC(C)(CC(O)(CC1CCCCC1)C(=O)Nc1ccc2c(c1)COC2=O)c1ccccc1,0.5738555143566664,3.179117053382921,7.1249106742687
C/C=C/C1=CC2=C(CO1)C(=O)[C@]1(C)OC(=O)[C@H](C(O)CCCCC)C1C2,0.5814526915632312,4.776557187775072,6.283814671506746
Cc1nn(CC2CCN(C)CC2)c2ncc(C(=O)Nc3ccc(C(F)(F)F)cc3)c(Cl)c12,0.5882656176669322,2.570299166769315,6.6840610877521325
Cc1nn(Cc2cccnc2)c2ncc(C(=O)Nc3ccc(C(C)C)cc3)c(Cl)c12,0.48142226339788713,2.3524448924666963,6.649510828909068
CNC(=O)NC(=O)C(C)(C)[C@@H]1c2ccc(Cl)nc2Oc2c(F)cccc21,0.7835684404017841,3.482399299277928,6.297847304613015
Cc1nn(CCN2CCN(C(C)C)CC2)c2ncc(C(=O)Nc3ccc(Cl)cc3)c(Cl)c12,0.5753208199404439,2.477621742395936,6.48781393811788
COc1ccc(F)cc1C(C)(C)CC(O)(Cn1cnc(=O)c2ccccc21)C(F)(F)F,0.5861055796983415,3.1718705107854923,6.501656323160675
Cc1c(NS(C)(=O)=O)cccc1N(Cc1ccccc1)Cc1ccc(Oc2ccc(CCC(=O)NCCO[C@@H]3CC[C@]4(C)[C@H](C3)C[C@H](O)[C@@H]3[C@@H]4C[C@@H](O)[C@]4(C)[C@H]3CC[C@H]4[C@@H](C)CCC(=O)O)cc2)cc1,0.05365873939755812,5.388650910452057,7.587191634862494
CCCOC[C@]12Cc3cnn(-c4ccc(F)cc4)c3C=C1CCN(S(=O)(=O)c1ccc(C(F)(F)F)cc1)C2,0.2894465618562566,3.408136377849317,7.6652882815085865
CN1CCC(Oc2ccc(N3C(=S)N(c4cnc(C#N)c(C(F)(F)F)c4)C(=O)C34CCC4)cc2)CC1,0.5552614637706631,3.553725103459585,5.308037426725261
C[C@@H]1C[C@H]2[C@@H]3C[C@H](F)C4=CC(=O)C=C[C@]4(C)[C@@]3(F)[C@@H](O)C[C@]2(C)[C@@]1(O)C(=O)SCCCP(=O)(O)O,0.3126132050984234,5.2579934672558295,7.741287064525483
C[C@H](CCC(=O)N1CCOCC1)[C@H]1CC[C@H]2[C@@H]3[C@@H](O)C[C@@H]4C[C@H](O)CC[C@]4(C)[C@H]3CC[C@]12C,0.6565816469106466,4.426003621870303,6.335116817760528
COc1c(O)ccc2c1-c1ccc3c(c1/C(=C/c1cccc(C)n1)O2)C(C)=CC(C)(C)N3,0.5056596669958027,3.1245755885497823,8.84978208133919
CC[C@@]12C[C@@H](O)[C@](O)(c3ccccc3)C[C@H]1CCc1cc(O)ccc12,0.7832692192100982,3.8066855433721276,5.860697696412951
Cn1c(=O)[nH]c(N2CCN(c3ccccc3)CC2)c(Cc2ccccc2)c1=O,0.7565596715772934,2.282017801072918,5.529697634359366
CC#C[C@]1(O)CC[C@H]2[C@@H]3CCc4cc(C(=O)Nc5cccnc5C)ccc4[C@H]3[C@@H](OCc3ccc(Cl)cc3)C[C@@]21C,0.32197396370282283,4.2868894496306,9.65265256292052
CCC(C)(C)C(O)(Cc1cc2ccncc2[nH]1)CC(C)(C)c1cc(F)ccc1OC,0.49237002981359784,3.41889867964254,7.669957250264534
Cc1cc(C)c(S(=O)(=O)N[C@@H](C)CNc2cc(C)cc3c2cnn3-c2ccc(F)cc2)c(C)c1,0.3823228246948914,3.040728189528954,7.864420411473105
C=CCC1Oc2cccc(NC)c2-c2ccc3c(c21)C(C)=CC(C)(C)N3,0.6675025944074193,3.577570916547403,6.777454325409201
CCS(=O)(=O)Nc1ccc2c(c1)C(c1ccccc1)Oc1cccc(OC)c1-2,0.685398533555002,2.7876579232743275,6.857365795520446
O=C(Nc1ccc(C(F)(F)F)cc1)c1cnc2c(cnn2C2CCN(Cc3ccccc3)CC2)c1Cl,0.3453170496132461,2.493720514989814,7.079220439549287
CCC(C)(C)C#C[C@]1(O)CC[C@H]2[C@@H]3CCC4=CC(=O)CC[C@@H]4[C@H]3[C@@H](c3ccc(N(C)C)cc3)C[C@@]21C,0.479023644480538,4.789952629913686,7.882953295268268
Cc1nn(-c2ccc(I)cc2)c2ncc(C(=O)Nc3ccc(Cl)cc3)c(Cl)c12,0.3410243254942859,2.303605986726927,5.6231351818014055
Nc1cc(Cl)cc(Cl)c1S(=O)(=O)NC(Cc1c[nH]c2ccccc12)C(F)(F)F,0.4982104948029011,3.0671656763107684,6.874549291273462
Cc1cc(NC[C@H](C)NS(=O)(=O)C2CC2)c2cnn(-c3cccc(C(=O)N4CCC[C@H]4C(N)=O)c3)c2c1,0.392534709409763,3.5629930657924014,7.547102077795148
Nc1c(C(=O)NCC(O)(CC2(C3CCCC3)CCCc3ccccc32)C(F)(F)F)cnn1-c1ccc(F)cc1F,0.32658862953379475,3.883291114044477,7.6968190656638775
CC1=CC(C)(C)Nc2ccc3c(c21)/C(=C/c1ccsc1)Oc1ccc(F)cc1-3,0.4812556302484587,3.0006619677395863,6.848071119717453
CC[C@H]1OC(=O)[C@H](C)[C@@H](O)[C@H](C)[C@@H](O[C@@H]2O[C@H](C)C[C@H](N(C)C)[C@H]2O)[C@](C)(O)C[C@@H](C)CN(CCCNC(=O)[C@H]2[C@H](C)C[C@H]3[C@@H]4CCC5=CC(=O)C=C[C@]5(C)[C@@]4(F)[C@@H](O)C[C@@]32C)[C@H](C)[C@@H](O)[C@]1(C)O,0.1280695987261541,6.896189824200231,8.033794892329794
C[C@@H](c1ccc(N)cc1)c1ccc([C@@H]2O[C@@H]3C[C@H]4[C@@H]5C[C@H](F)C6=CC(=O)C=C[C@]6(C)[C@@]5(F)[C@@H](O)C[C@]4(C)[C@]3(C(=O)CO)O2)cc1,0.400467821835129,5.16237856389363,8.173622043116435
CC(C)(C)C#C[C@]1(O)CC[C@H]2[C@@H]3CCC4=CC(=O)CCC4=C3[C@@H](c3ccc(N4CCCC4)cc3)C[C@@]21C,0.4487966891631875,4.4060577967992485,7.071389848613093
Cc1ccncc1Nc1ccc2c(c1)CCC1=C3C[C@@H](O)C[C@]3(C)CC[C@]12Cc1ccccc1,0.4291554299600361,4.003238982513482,6.248398534505691
Cc1ccc(F)cc1C(C)(C)CC(O)(Cc1cc2cnncc2[nH]1)C(F)(F)F,0.6204901730538112,3.496380048780402,8.184107360649726
CCCCNC(=O)O[C@]1(C(=O)CO)[C@@H](C)C[C@H]2[C@@H]3CCC4=CC(=O)C=C[C@]4(C)[C@@]3(F)[C@@H](O)C[C@@]21C,0.49091947889423343,4.717537942255923,8.478197716478126
COc1ccc(Cn2nnc(Cn3nc(C)c4c(Cl)c(C(=O)Nc5ccc(C(F)(F)F)cc5)cnc43)c2C)cc1,0.27107808149268575,2.788963058059011,6.696390781293073
Cc1c(NS(C)(=O)=O)cccc1N(Cc1ccccc1)Cc1ccc(Oc2ccc(CCCC(=O)O)cc2)cc1,0.18796251261794686,2.421184074542527,8.014894318776802
CC(C)(C)OC(=O)N1CCC(n2ncc3c(Cl)c(C(=O)Nc4ccc(Cl)cc4)cnc32)CC1,0.5192423283361545,2.5342818480737055,6.6388280854935715
CC(C)(C(=O)Nc1nccs1)C(c1ccccc1)c1ccc2c(-c3cccc(C#N)c3)ncn2c1,0.31902693288074807,3.3976483599082297,5.73665175817254
CC(C)(C(=O)Nc1nccs1)C(c1ccccc1)c1ccc(O)c(F)c1,0.679038961409007,2.9220939934704795,6.220142643106514
CCCN(c1ccccc1)S(=O)(=O)c1ccc(-c2ccc3c(cnn3-c3ccc(F)cc3)c2)c(C(F)(F)F)c1,0.1967474020028066,2.594467622159211,7.597067160277068
Cc1nn(-c2ccccc2)c2ncc(C(=O)NCCCc3ccccc3)c(Cl)c12,0.47179098344327547,2.1570429434992473,5.689858293133395
CC[C@@]12C[C@@](C)(O)[C@](O)(c3ccc(C)cc3)C[C@H]1CCc1cc(O)ccc12,0.7407121346577923,3.8668265832263558,7.8465450334490425
C[C@@]1(c2ccc(Sc3ccc(N)cc3)cc2)O[C@@H]2C[C@H]3[C@@H]4CCC5=CC(=O)C=C[C@]5(C)[C@H]4[C@@H](O)C[C@]3(C)[C@]2(C(=O)CO)O1,0.40062522454208527,4.975016392812451,7.994017896517858
CCN(C[C@](O)(CNC(=O)c1cnn(-c2ccc(F)cc2)c1N)C(F)(F)F)C(=O)c1c(Cl)cccc1Cl,0.3584214587152692,3.3248272463082866,8.324376087235581
Cc1noc(=O)c2ccc(NC(=O)C(O)(CC(C)(C)c3cccc4c3OCC4)C(F)(F)F)cc12,0.5767111342902008,3.481415676990018,7.974319117366662
CC(C)(C(=O)Nc1nccs1)C(c1ccccc1)c1ccn2c(-c3ccccc3)ncc2c1,0.33099983420133644,3.2810667124713238,5.707121646369229
COc1ccccc1-c1c[nH]c2c(NS(C)(=O)=O)cccc12,0.7761331214081384,2.1523424638865087,6.6377099376582
Cc1ccc(F)cc1C(C)(C)CC(O)(Cn1ccc(=O)c2ccccc21)C(F)(F)F,0.5820009757942233,3.151194197674643,7.740078864882136
Cc1noc(=O)c2ccc(NC(=O)C(O)(CC3CCCc4ccc(F)cc43)C(F)(F)F)cc12,0.5595154352650922,3.6711166288561143,6.0875718795436065
COc1ccc(F)cc1C(C)(C)C[C@](O)(Cc1cc2ccncc2[nH]1)C(F)(F)F,0.567725605551682,3.270500027494138,7.194299784540026
Cc1cc(-c2cccc3cc[nH]c23)c(Cl)c2c1NC(C)(C)C(=O)C2C,0.5919424363569973,3.560589758601017,7.7014022453103586
C[C@]12C=CC(=O)C=C1[C@@H](F)C[C@H]1[C@@H]3C[C@H]4CN(c5ccccc5)C[C@@]4(C(=O)CO)[C@@]3(C)C[C@H](O)[C@@]12F,0.6675045856563734,4.8857071094633024,7.766226696888072
COc1cccc2c1-c1ccc(NS(C)(=O)=O)cc1C(c1cccc(Oc3ccccc3)c1)O2,0.37135866783004184,2.844288872918513,7.45890561193245
C[C@H]1c2c(cc(F)c(-c3cccc4c(Cl)c[nH]c34)c2F)NC(C)(C)[C@@H]1OC(=O)NCc1ccccc1,0.2688950671636078,3.749655846005835,7.722044242028136
COc1ccc(-n2ncc3c(NC[C@H](C)NS(=O)(=O)c4c(C)cc(C)cc4C)cc(C)cc32)cc1,0.35968243672548217,3.030164794295522,7.7368389579176995
Cc1noc(C)c1-c1ccc(CNS(=O)(=O)c2c(C)noc2C)cc1,0.749867002658679,2.359735517113098,5.716682881339371
COc1c(O)ccc2c1-c1ccc3c(c1/C(=C/c1cccc(Oc4ccccc4)c1)O2)C(C)=CC(C)(C)N3,0.2929851677394417,2.932799763640528,8.717930215471439
CC(=O)[C@@]1(O)CC[C@H]2[C@@H]3CCC4=CC(=O)CC[C@]4(C)[C@H]3CC[C@@]21C,0.7945777931739687,4.0678517684852835,7.078013057339749
Nc1c(C(=O)NCC(O)(CC2(c3cc(F)ccc3Cl)CCC2)C(F)(F)F)cnn1-c1ccccc1,0.39870226749237553,3.3942454990933015,7.90201051424265
CC(C)Cc1cc2c(cc1F)OC[C@H](CS(N)(=O)=O)N2C(=O)c1ccc2c(c1)NC(=O)CO2,0.6784660371284771,3.509189593916802,5.895854299181772
CC(C)(CC(O)(Cn1ccc(=O)c2ccccc21)C(F)(F)F)c1cccc2c1OCC2,0.6426325987922697,3.313213751265942,7.7153955295845265
CC(C)C#C[C@]1(O)CC[C@H]2[C@@H]3CCC4=CC(=O)CCC4=C3[C@@H](c3ccc(N(C)C)cc3)C[C@@]21C,0.5503338263558539,4.45289901805543,7.397235230814449
CC#C[C@]1(O)C[C@H]2CCc3cc(O)ccc3[C@]2(CC)C[C@@]1(C)O,0.6985832567040295,4.311632306450079,8.27714730729932
O=c1[nH]c(N2CCC(c3ccccc3)CC2)c(Cc2ccc(Cl)cc2)c(=O)[nH]1,0.707406516534638,2.3914007070558245,5.776542277325478
COc1cc(C)c(Cl)cc1S(=O)(=O)Nc1ccc2c(c1)CCCN2C(=O)c1ccc2ccccc2c1,0.3395203927622488,2.381428602675973,5.350810581834522
CC(O)(CC(C)(C)c1ccccc1)C(=O)Nc1ccc2c(c1)COC2=O,0.8078685692924644,2.9648825603830193,6.542140890565105
CC(Cc1c[nH]c2ccccc12)NS(=O)(=O)c1cc(Cl)ccc1Cl,0.6867906961684543,2.5460169311665535,5.913859925734314
C[C@H](NC(=O)C(C)(F)F)[C@H](Oc1ccc2c(cnn2-c2cccc(C(=O)N3CCC[C@H]3C(N)=O)c2)c1)c1ccccc1,0.30679841235134914,3.7523891901427895,8.796803382285448
CC(C)(CC(O)(CCc1ccccc1)C(=O)Nc1ccc2c(c1)COC2=O)c1ccccc1,0.479122320453565,3.0319504992962028,7.0187821628728795
Cc1nn(Cc2cscn2)c2ncc(C(=O)Nc3ccc(Cl)cc3)c(Cl)c12,0.5166974925882781,2.5177916961037567,6.611358919066185
Cc1ccnc(C(=O)[C@]23Cc4cnn(-c5ccc(F)cc5)c4C=C2CCN(S(=O)(=O)c2cc(F)cc(F)c2)C3)c1,0.32229969322491686,3.643850385761409,8.118418789870436
CC(C)NS(=O)(=O)c1ccc(-c2ccc3c(cnn3-c3ccc(F)cc3)c2)c(C(F)(F)F)c1,0.38425499236835314,2.462427520461519,5.044999572904876
O=S(=O)(c1ccc(F)cc1)N1CCC2=Cc3c(cnn3-c3ccc(F)cc3)CC2(Cc2ccc(F)cc2)C1,0.33670838011200155,3.2232726299021595,7.122296431518772
Cc1cc(C)c(S(=O)(=O)N[C@@H](C)CNc2cccc3c2cnn3-c2ccc(F)cc2)c(C)c1,0.4075221395648318,2.939386591233866,8.699261412829074
COc1ccc(F)cc1C(C)(C)CC(O)(Cc1cc2ccncc2[nH]1)C1CC1,0.6192354200477524,3.3283331007891235,7.702545797443592
COc1cc(F)ccc1-c1c(C)[nH]c2c(NS(C)(=O)=O)cc(F)cc12,0.7377336086245406,2.5355225031449677,7.534250062230576
C[C@]12Cc3cnn(-c4ccc(F)cc4)c3C=C1CC[C@@H]2[C@@H](O)c1cccc2ccccc12,0.4218491984615065,3.558800638577085,8.084083270792418
Cc1cc(C)c(S(=O)(=O)N[C@@H](C)CNc2cc(C)cc3c2cnn3-c2ccc(C#N)cc2)c(C)c1,0.38583213854705933,3.1475915984192326,7.747674826200541
COc1ccccc1-c1ccc2c(c1)C(C(C)OCC=C(C)C)=CC(C)(C)N2,0.5974718151022252,3.3155325090731456,6.318419646071838
C[C@H]1C(=O)C(C)(C)Nc2ccc3c(c21)[C@H](c1ccc(Cl)cc1)Oc1ccccc1-3,0.5129314313230283,3.5026290603263117,6.402787968686616
Cc1cc(C)c(S(=O)(=O)N[C@@H](C)CNc2cc(C)cc3c2cnn3-c2cccc(NC3CC3)c2)c(C)c1,0.2685096993651095,3.2022711880558585,8.068613800622787
Cc1cccc(S(=O)(=O)N2CCC3=Cc4c(cnn4-c4ccc(F)cc4)C[C@]3(C(=O)c3cccc(C)n3)C2)c1,0.3341790598336114,3.5243063271742017,7.855513659293271
CC1(C)Nc2c(cc(-c3cccn4nccc34)c3c2CCC3)C(C)(C)C1=O,0.69371005779412,3.219535476008062,6.720035088378958
C[C@]12Cc3cnn(-c4ccc(F)cc4)c3C=C1CCCC2[C@@H](O)c1csc2ccccc12,0.3815063684316676,3.8004919537135624,8.478039830037593
CC1=CC(C)(C)Nc2ccc3c(c21)/C(=C/c1cc(F)ccc1F)Oc1ccccc1-3,0.46825405470472276,2.8302838064938474,6.401349409819104
C[C@]12CCC(=O)C=C1CC[C@@H]1[C@@H]2[C@@H](O)C[C@@]2(C)[C@H]1CC[C@]2(O)C(=O)CSc1ccccn1,0.6680982234912067,4.3891232628463195,7.550458158885967
COc1cccc2c1-c1ccc(NC(C)=O)cc1C(c1ccccc1)O2,0.7414333330849082,2.587653791152249,6.815283097255558
COc1ccc(F)cc1C(C)(C)C[C@](O)(Cc1ccc(Cl)cc1)C(F)(F)F,0.6264223577908086,2.855988648141997,6.446781381563764
CCS(=O)(=O)c1cc2cc(CC(O)(CC(C)(C)c3ccccc3C(N)=O)C(F)(F)F)[nH]c2cn1,0.43791777089887163,3.5988640449991802,6.77211319206203
CC(C)(C)C#C[C@]1(O)CC[C@H]2[C@@H]3CCC4=CC(=O)CCC4=C3[C@@H](c3ccc(N4CCS(=O)(=O)CC4)cc3)C[C@@]21C,0.4759536680972093,4.645602976172627,7.502972898091834
Cc1ccccc1C(C)(C)CC(O)(Cn1ccc(=O)c2ccccc21)C(F)(F)F,0.6535287716816762,3.062599151155286,7.631393043888515
O=C(Nc1ccc(Cl)cc1)c1cnc2c(cnn2Cc2ccccn2)c1Cl,0.5520084439695092,2.2804768494119863,6.575605661119318
CC#C[C@]1(O)CC[C@H]2[C@@H]3CCC4=CC(=O)CCC4=C3[C@@H](c3ccc(N(C)CCCC4OC(C(=O)O)C(O)C(O)C4O)cc3)C[C@@]21C,0.2848054160729754,5.185188150539441,7.7485387820501535
CSc1ccc([C@@H](Oc2ccc3c(cnn3-c3ccc(F)cc3)c2)[C@H](C)NC(=O)C(F)(F)F)cc1,0.24561509790034217,3.3667395677543874,10.31820809346107
C=CCC[C@H](O)[C@H]1CCCC2=Cc3c(cnn3-c3ccc(F)cc3)C[C@@]21C,0.749127166326154,3.832624611169246,8.458545822955964
C[C@H](O)[C@H]1CCCC2=Cc3c(cnn3-c3ccc(F)cc3)C[C@@]21C,0.9005844798305032,3.640293470715612,8.083454262397073
C[C@]12Cc3cnn(C4CCOCC4)c3C=C1CC[C@@H]1[C@@H]2[C@@H](O)C[C@@]2(C)[C@H]1CC[C@]2(O)C(=O)CSc1nc2ccccc2s1,0.3338047135583769,4.776673797847456,7.472269304012032
CC(C)(C(=O)Nc1nncs1)C(c1ccccc1)c1ccc2c(cnn2-c2ccc(Cl)cc2)c1,0.3036075224252721,3.1433022167175713,6.855369820940033
CC(C)[C@H](NC(=O)C(F)(F)F)[C@H](Oc1ccc2c(cnn2-c2ccc(=O)n(C)c2)c1)c1cccc(Cl)c1,0.3547347628407496,3.7492689081681903,8.276350075548583
C[C@]12Cc3cnn(-c4ccc(F)cc4)c3C=C1CCC[C@@H]2[C@@H](O)Cc1ccc(F)cc1,0.6052487649710753,3.602773458232819,8.454357420528908
C=CCOc1ccc(CN(Cc2ccccc2)c2cccc(NS(C)(=O)=O)c2C)cc1,0.447317468820977,2.2958673399660334,7.56153256871976
CCCC[C@@](C)(O)[C@H]1CCCC2=Cc3c(-c4ccc(F)cc4)ncn3C[C@@]21C,0.7059552716003824,4.056470161671779,6.264655012108814
Cc1noc(=O)c2ccc(NC(=O)C(O)(CC3(CC(C)C)CCCc4ccccc43)C(F)(F)F)cc12,0.4684574468408127,3.8293725530611553,6.5525676500060674
CCCCc1ccc(NC(=O)c2cnc3c(c(C)nn3-c3ccccc3)c2Cl)cc1,0.4188013307310468,2.1772990774609084,6.4378588090070865
COc1c(O)ccc2c1-c1ccc3c(c1/C(=C/c1cccc(C(F)(F)F)c1)O2)C(C)=CC(C)(C)N3,0.39773330000362667,3.04964919363786,8.639692719117063
COCCn1cnc2c(Cl)c(C(=O)Nc3ccc(C(C)C)cc3)cnc21,0.7066146406268735,2.361643609590109,5.382844028616358
CC1=CC(C)(C)Nc2ccc3c(c21)C(c1cc(Cl)cc(Cl)c1)Oc1ccccc1-3,0.4329193548331102,3.235015271990303,6.664880713666368
Cn1ncc(S(=O)(=O)N2CC[C@H]3Cc4c(cnn4-c4ccc(F)cc4)C[C@]3(C(=O)c3cc(C(F)(F)F)ccn3)C2)n1,0.2593501953701768,4.30731758998164,7.3420193245206145
C[C@]12C=CC(=O)C=C1[C@@H](F)C[C@H]1[C@@H]3C[C@H]4O[C@H](c5ccc(Oc6cccc(N)c6)cc5)O[C@@]4(C(=O)CO)[C@@]3(C)C[C@H](O)[C@@]12F,0.41755448006762363,5.024105420606219,8.030477849931854
CC(C)(C(=O)Nc1nncs1)[C@@H]1c2ccc(-c3ccc(C(=O)N4CCOCC4)cc3)nc2Oc2c(F)cccc21,0.36202416753583694,3.5152359080036923,6.054605518803356
C[C@H](NC(=O)C(F)(F)F)[C@H](Oc1ccc(C#N)cc1Br)c1cnc(C2CC2)nc1,0.6863893428024459,3.634084419292753,8.263287811456172
COCC[C@@]12CC[C@@]3(C)C[C@@H](O)CC3=C1CCc1cc(Nc3ncc(C)nc3C)ccc12,0.6257448053319878,4.348708205451899,5.658481001729284
CCC(=O)O[C@]1(C(=O)SCCOCCOCCP(=O)(O)O)[C@H](C)C[C@H]2[C@@H]3C[C@H](F)C4=CC(=O)C=C[C@]4(C)[C@@]3(F)[C@@H](O)C[C@@]21C,0.15880862755799977,5.348481402507213,9.056890397687896
COc1c(C(=O)Nc2ccc(C(F)(F)F)cc2)cnc2c1c(Cl)nn2C1CCOCC1,0.6170671348866029,2.7273949502867474,5.786280165042836
C[C@@H]1C[C@H]2[C@@H]3CCC4=CC(=O)C=C[C@]4(C)[C@H]3[C@@H](O)C[C@]2(C)[C@@]1(O)C(=O)CSc1nc2cccnc2s1,0.5636035191198967,4.734023432510289,7.808643064312762
CCOc1cccc2c1-c1ccc(NS(C)(=O)=O)cc1C(c1ccccc1)O2,0.685398533555002,2.7535306155820205,7.012626717175009
C=CCC1Oc2ccc(Br)c(OC)c2-c2ccc3c(c21)C(C)=CC(C)(C)N3,0.5515372424349512,3.597747801988149,6.543651384145163
COC(=O)c1ccsc1/C=C1\Oc2ccc(O)c(OC)c2-c2ccc3c(c21)C(C)=CC(C)(C)N3,0.42618612945522827,3.2710529952570244,8.875948619874412
CC(C)(C(=O)NC(N)=O)[C@@H]1c2ccc(-c3ccc(NC4CC4)nc3)nc2Oc2c(F)cccc21,0.520777192011548,3.5299607625326592,6.062606230569407
CC[C@@]12C[C@@](C)(O)[C@](O)(c3ccccc3)C[C@H]1C=C(C)c1cc(O)ccc12,0.7348977055010075,4.122502275534048,8.913576509151978
CC1=CC(C)(C)Nc2ccc3c(c21)C(c1cc(C)cc(Br)c1)Oc1ccccc1-3,0.41762703373426485,3.2959670543542794,6.750005355476604
CC(Cc1c[nH]c2ccccc12)NS(=O)(=O)c1ccc(C(C)C)cc1,0.6951529581819376,2.4722633180850124,5.523926945563787
COC(C)(C)C#C[C@]1(O)CC[C@H]2[C@@H]3CCC4=CC(=O)CC[C@@H]4[C@H]3[C@@H](c3ccc(N(C)C)cc3)C[C@@]21C,0.5496703944377855,4.7570624760675315,7.913676532396738
CC(C)Cn1ncc2cc(C(c3ccccc3)C(C)(C)C(=O)Nc3nncs3)ccc21,0.426882431776684,3.242052753542735,5.849161053018654
CN(C)c1cccc([C@H]2C[C@@]3(C)[C@@H](CC[C@@]3(O)C#CC(C)(C)C)[C@@H]3CCC4=CC(=O)CCC4=C32)c1,0.5052017846521274,4.51600500899856,6.845006418866527
CC#C[C@]1(O)CC[C@H]2[C@@H]3CCC4=CC(=O)CCC4=C3[C@@H](c3ccc(N(C)CCCCC(=O)O)cc3)C[C@@]21C,0.3423877955835228,4.444987806023342,7.795342630542303
Cc1cc(C)c(S(=O)(=O)N[C@@H](C)CNc2cccc3c2cnn3-c2cccnc2)c(C)c1,0.4429626873136408,3.0472325056229863,8.58072643127629
O=C(Nc1ccc(Cl)cc1)c1cnc2c(cnn2Cc2ccncc2)c1Cl,0.5520084439695092,2.2661833582877247,6.669253833962248
Cc1[nH]nnc1Cn1nc(C)c2c(Cl)c(C(=O)Nc3ccc(Cl)cc3)cnc21,0.5274743400607959,2.818164117204045,6.593431797377252
COc1ccc(C)c(C)c1S(=O)(=O)Nc1ccc2c(c1)CCCN2C(=O)c1ccco1,0.6390432971087765,2.466434738085157,5.495059839243421
CC#C[C@]1(O)CC[C@H]2[C@@H]3CCC4=CC(=O)CCC4=C3[C@@H](c3ccc(N(C)CCO[C@H]4CC[C@@]5(C)[C@@H](C4)C[C@@H](O)[C@@H]4[C@@H]5C[C@H](O)[C@]5(C)[C@@H]([C@H](C)CCC(=O)O)CC[C@@H]45)cc3)C[C@@]21C,0.1718261131210443,5.985993007830177,8.727953003257266
COCCNC(=O)c1cnc2c(c(C)nn2C)c1Cl,0.8585894889525839,2.348732079619193,5.624643600651894
O=C(c1ccco1)N1CCCc2cc(NS(=O)(=O)c3ccc([N+](=O)[O-])cc3)ccc21,0.49037732731793443,2.3014144852268785,4.578761481214348
CCc1cccc2[nH]c(CC(O)(CC(C)(C)c3cc(F)ccc3OC)C(F)(F)F)cc12,0.44007130337401024,3.198550730565712,7.5729212930668535
C#C[C@]1(O)CC[C@H]2[C@@H]3CCC4=CC(=O)CCC4=C3[C@@H](c3ccc(N(C)C(=O)CNC(=O)O[C@H]4C[C@H]5[C@@H]([C@H](O)C[C@@H]6C[C@H](O)CC[C@@]65C)[C@@H]5CC[C@H]([C@H](C)CCC(=O)O)[C@@]45C)cc3)C[C@@]21C,0.15361487334106624,6.053681450194616,7.928288488632227
O=C(Nc1ccc(C(F)(F)F)cc1)c1cnc2c(ncn2Cc2ccccc2)c1Cl,0.47103193744470384,2.2938463404304983,5.548189553301838
COc1cccc2c1-c1ccc3c(c1C(CC(=O)N(C)C)O2)C(C)=CC(C)(C)N3,0.808701574480722,3.3890254924405845,6.150872150680399
Cc1nn(CC2CC2)c2ncc(C(=O)Nc3ccc(Cl)cc3)c(Cl)c12,0.7186136740001079,2.2989905768359833,6.5606673061697585
CCS(=O)(=O)c1cc2cc(C[C@](O)(CC(C)(C)c3ccc(F)cc3C(N)=O)C(F)(F)F)[nH]c2cn1,0.393646603004665,3.6687898384233275,6.783531982179123
Cc1cc(Cn2nc(C)c3c(Cl)c(C(=O)Nc4ccc(C(F)(F)F)cc4)cnc32)ncn1,0.4720500820118086,2.6551449748937745,6.7814967284647665
CC(C)(C)[C@H](O)[C@H]1CCCC2=Cc3c(cnn3-c3ccc(F)cc3)C[C@@]21C,0.7945518892492545,3.807433026753662,7.52912042719987
CNC(=O)C[C@H]1COc2cc(F)ccc2N1C(=O)c1ccc2c(c1)NC(=O)CO2,0.8190331161812816,3.158206266361785,5.822639928880291
COC(=O)C(C)(C)O/N=C1\CC(C)(C)Nc2cc(F)c(-c3cccc4c(C)c[nH]c34)c(F)c21,0.3915924309524572,3.446757968475043,7.4965022913704615
COc1c(O)ccc2c1-c1ccc3c(c1/C(=C/c1ccc(F)cc1C(=O)N1CCCCC1)O2)C(C)=CC(C)(C)N3,0.36399590289427164,3.1461266204921525,6.895930314636985
Cc1nn(CCN2CCN(C(C)C)CC2)c2ncc(C(=O)Nc3ccc(C(F)(F)F)cc3)c(Cl)c12,0.5230543116019813,2.6134710810288198,6.656381509622805
Cc1ncccc1NC(=O)c1ccc2c(c1)CC[C@@H]1[C@@H]2[C@@H](O)C[C@@]2(C)[C@H]1CC[C@@]2(O)C#C[Si](C)(C)C,0.3950348134440638,4.382769164867657,6.205789009796245
Cc1ccc(CN(Cc2ccccc2)c2cccc(NS(C)(=O)=O)c2C)cc1,0.6211518920761505,2.0821691804951836,7.2644651608904285
C[C@H]1OC2(CCC3=Cc4c(cnn4-c4ccc(F)cc4)C[C@@]32C)O[C@@H]1C,0.7672238872225757,4.4562428602258946,7.795447040037979
CC(C)(C(=O)Nc1nncs1)C(c1ccccc1)c1ccc2c(-c3ccc(F)cc3F)ncn2c1,0.3210260471382374,3.480734056785609,6.257387244851847
COc1cccc2c1-c1ccc(NS(C)(=O)=O)cc1C(c1cc(C)cc(C)c1)O2,0.6701624978400461,2.91752183859443,8.061553549625309
CC1=CC(C)(C)Nc2ccc3c(c21)C(c1ccc(Cl)c(F)c1)Oc1ccccc1-3,0.46047993357110234,3.203260300132891,6.703585801487983
COCC[C@@]12CC[C@@]3(C)C[C@H](O)CC3=C1CCc1cc(Nc3cnccc3C)ccc12,0.6202408695516953,4.203262481569032,5.842507991935647
C[C@]12C=CC(=O)C=C1[C@@H](F)C[C@H]1[C@@H]3C[C@H]4CN(CC5CC5)C[C@@]4(C(=O)CO)[C@@]3(C)C[C@H](O)[C@@]12F,0.6540187640446429,5.056496228899443,7.787953130894242
CC(C)C[C@H]1COc2cc(F)ccc2N1C(=O)c1ccc2c(c1)NC(=O)CO2,0.8778966083269973,3.1229367110055843,5.8135193061180095
Cc1c(NS(C)(=O)=O)cccc1N(Cc1ccc(Oc2ccc(F)c(OCC(=O)O)c2)cc1)Cc1ccc(F)cc1F,0.1982089094480852,2.692422853739835,8.367809805033462
Cc1nn(C2CCNCC2)c2ncc(C(=O)Nc3ccc(Cl)cc3)c(Cl)c12,0.6857635724466675,2.4612022855143465,6.656914455804011
Cc1cccc(SCC(=O)[C@@]2(O)CC[C@H]3[C@@H]4CCC5=CC(=O)CC[C@]5(C)[C@H]4[C@@H](O)C[C@@]32C)n1,0.6400741663030974,4.46825962270469,7.2134873312593495
CC(C)(CC(O)(C(=O)Nc1ccc2c(c1)COC2=O)C(F)(F)F)c1cc(F)ccc1O,0.48469026929848924,3.3045009357821824,7.918958458649678
C[C@]12C=CC(=O)C=C1CC[C@@H]1[C@@H]2[C@@H](O)C[C@@]2(C)[C@H]1CC[C@]2(O)C(=O)CSc1nc2ccccc2s1,0.5662804400058052,4.427195303519431,7.459006281587794
C[C@]12Cc3cnn(-c4ccc(F)cc4)c3C=C1CCC[C@@H]2[C@@H](O)CCC1CC1,0.7634122046589856,3.7603536865013796,8.600768996779466
Cc1nn(-c2ccc(OC(F)(F)F)cc2)c2ncc(C(=O)Nc3ccc(Cl)cc3)c(Cl)c12,0.37779503911939166,2.3756689161210858,5.7706673061697575
CCCCOc1ccc(NC(=O)c2cnc3c(c(C)nn3C)c2Cl)cc1,0.6524646488725796,2.188253725501596,6.357247968357379
Cc1ncncc1Nc1ccc2c(c1)CC[C@@H]1C3=CC(=O)C[C@]3(C)CC[C@@]21Cc1ccccc1,0.5099116682976924,4.063058562933063,5.9801606818653115
Nc1ccc(S(=O)(=O)N(Cc2ccccc2)c2ccc(Oc3ccccc3)cc2)cc1,0.3954409844671139,1.955246780525476,5.767577518148616
Cc1ccccc1S(=O)(=O)N1CCC2=Cc3c(cnn3-c3ccc(F)cc3)C[C@]2(C)C1,0.6118282483206353,3.199140690605673,7.779077977539603
CC(C)CCN1C[C@@H]2C[C@H]3[C@@H]4C[C@H](F)C5=CC(=O)C=C[C@]5(C)[C@@]4(F)[C@@H](O)C[C@]3(C)[C@]2(C(=O)SCF)C1,0.5435304619782912,5.224482227202706,8.43130707696003
Cc1c(NS(C)(=O)=O)cccc1N(Cc1ccccc1)Cc1ccc(C(=O)c2ccccc2)cc1,0.30481896052150487,2.2158920627893277,7.384225092307135
C[C@]12C=CC(=O)C=C1[C@@H](F)C[C@H]1[C@@H]3C[C@H]4O[C@@H](c5ccc(Sc6ccc(N)cc6)cc5)O[C@@]4(C(=O)CO)[C@@]3(C)C[C@H](O)[C@@]12F,0.39576805434848333,5.103934688898902,7.775585410004131
Cc1nn(CCCN2CCOCC2)c2ncc(C(=O)Nc3ccc(Cl)cc3)c(Cl)c12,0.6169545898620182,2.4017903118079573,6.621407845784371
C[C@]12Cn3cnc(-c4ccc(F)cc4)c3C=C1CCC[C@@H]2[C@](C)(O)C(F)(F)F,0.7107465966453085,4.169132967220661,6.102491989989672
C[C@@H]1C[C@H]2[C@@H]3CCC4=CC(=O)C=C[C@]4(C)[C@@]3(Cl)[C@@H](O)C[C@]2(C)[C@@]1(OC(=O)c1ccco1)C(=O)CCl,0.44910184900220873,4.8339844604745466,8.394534052690254
COC(=O)[C@@H]1CC2=CC(=O)CC[C@]2(C)[C@@]23O[C@@H]2C[C@@]2(C)[C@@H](CC[C@@]24CCC(=O)O4)[C@H]13,0.4843337144772066,5.574030453441843,5.741276165889076
COc1ccc(F)cc1C(C)(C)CC(O)(Cc1cc2cnccc2[nH]1)C1CC1,0.6192354200477524,3.3151987812624952,8.207133918026496
Cc1cc(NS(C)(=O)=O)c(C)c(N(Cc2ccccc2)Cc2ccccc2)c1,0.6211518920761506,2.1469551590735687,6.015661819208959
Cc1c(NS(C)(=O)=O)cccc1N(Cc1ccccc1)Cc1cccc(C#N)c1,0.6304293114108774,2.269461169176008,6.11906348364958
CCC1(CC(O)(C(=O)Nc2ccc3c(=O)onc(C)c3c2)C(F)(F)F)CCCc2ccccc21,0.5541690759423372,3.739488754440748,6.765268304374434
Cc1nnc(NC(=O)C(C)(C)C(c2ccccc2)c2ccc3c(cnn3-c3ccc(F)cc3)c2)s1,0.31442012286018484,3.097849133708687,6.9164250094216895
S=C=Nc1cccc2ccccc12,0.48837238667997585,2.2080429888752224,5.0200746892535655
CC(C)(C(=O)NC(N)=O)C1c2ccccc2Oc2ccccc21,0.8937154518630333,2.514191696050757,5.718421243453707
CCCOc1ccc(NC(=O)c2cnc3c(c(C)nn3-c3ccc(F)cc3)c2Cl)cc1,0.4274244690998445,2.25013097632967,5.774206530718614
O=C(Nc1ccc(C(F)(F)F)cc1)c1cnc2c(ncn2CCC2CCNCC2)c1Cl,0.587146158808921,2.671319962343656,5.536434490522552
CC1(C)O[C@@H]2C[C@H]3[C@@H]4CCC5=CC(=O)CC[C@]5(C)[C@@]4(F)[C@@H](O)C[C@]3(C)[C@]2(C(=O)CCl)O1,0.6406683863701529,4.895605419968936,8.350950882838298
CC(C)(C)C#C[C@]1(O)CC[C@H]2[C@@H]3CCC4=CC(=O)CCC4=C3[C@@H](c3ccc(N4CCOCC4)cc3)C[C@@]21C,0.47834003800144187,4.446662057161612,7.586894224672224
O=C(c1ccccn1)[C@]12Cc3cnn(-c4ccc(F)cc4)c3C=C1CCN(S(=O)(=O)c1cc(F)cc(F)c1)C2,0.33967111721556903,3.579755807423682,7.219135430487028
C[C@]12C=CC(=O)C=C1[C@@H](F)C[C@H]1[C@@H]3C[C@H]4O[C@H](c5ccc(Cc6ccc(N)cc6)cc5)O[C@@]4(C(=O)CO)[C@@]3(C)C[C@H](O)[C@@]12F,0.42967174555566673,5.005551574452373,7.9293202973308965
CC(C)(C)c1ccc(S(=O)(=O)N2CCC3=Cc4c(cnn4-c4ccc(F)cc4)CC3(Cc3ccc(F)cc3)C2)cn1,0.28870602124604167,3.4756690458434205,7.88628513326809
C[C@H]1C[C@H]2[C@@H]3CCC4=CC(=O)C=C[C@]4(C)[C@@]3(F)[C@@H](O)C[C@]2(C)[C@@]1(OC(=O)NC(C)(C)CC(C)(C)C)C(=O)CO,0.4538891472586003,4.9240722319430095,8.026237013461257
O=C(c1nccs1)[C@]12Cc3cnn(-c4ccc(F)cc4)c3C=C1CCN(S(=O)(=O)c1cccc(C(F)(F)F)c1)C2,0.2306675707753623,3.6874780236102858,7.213588036393832
Cc1c(NS(C)(=O)=O)cccc1N(Cc1ccccc1)Cc1ccccc1Cl,0.5756681511782069,2.150152043202098,7.248531508969816
O[C@@]1(Cc2ccccc2)CCCCC[C@@]12C=Cc1c(cnn1-c1ccc(F)cc1)C2,0.6277031809659205,4.037789400402257,7.43159580546299
CC(C)Oc1ccc(-c2ccc3c(n2)Oc2ccccc2[C@@H]3C(C)(C)C(=O)Nc2nncs2)cc1F,0.3256933603664044,3.427796831966372,6.390031594483367
CC(C)C[C@@H](CN(CC(=O)N[C@H](C(N)=O)[C@@H](C)O)S(=O)(=O)CCN)NC(=O)[C@H](CC(C)C)NC(=O)[C@H](Cc1c[nH]c2ccccc12)NC(=O)[C@H](CCC(N)=O)NC(=O)[C@@H](NC(=O)[C@H](Cc1ccccc1)NC(=O)[C@H](CC(=O)O)NC(=O)[C@H](CCC(N)=O)NC(=O)[C@H](C)NC(=O)[C@H](CCCNC(=N)N)NC(=O)[C@H](CCCCNC(=O)COCCOCCNC(=O)COCCOCCNC(=O)CCC(NC(=O)CCCCCCCCCCCCCCCCC(=O)O)C(=O)O)NC(=O)[C@H](CO)NC(=O)[C@H](CC(=O)O)NC(=O)[C@H](CC(C)C)NC(=O)[C@H](Cc1ccc(O)cc1)NC(=O)[C@H](CCCCN)NC(=O)[C@H](CO)NC(=O)[C@H](Cc1ccc(O)cc1)NC(=O)[C@H](CC(=O)O)NC(=O)[C@H](CO)NC(=O)[C@@H](NC(=O)[C@H](Cc1ccccc1)NC(=O)[C@@H](NC(=O)CNC(=O)[C@H](CCC(N)=O)NC(=O)C(C)(C)NC(=O)[C@@H](N)Cc1cnc[nH]1)[C@@H](C)O)[C@@H](C)O)C(C)C,0.009561349207078728,9.972234629275745,6.222354364681322
CC(C)(C(=O)NC(N)=O)[C@@H]1c2ccc(-c3ccc(-c4ccccc4)cc3)nc2Oc2c(F)cccc21,0.37303501107844333,3.227231221106643,5.998748726339498
Cn1c(=O)[nH]c(N2CCC(Cc3ccccc3)CC2)c(Cc2ccccc2)c1=O,0.7294256826020037,2.3806434929497975,5.602007035985914
CCOc1c(NS(C)(=O)=O)cccc1N(Cc1ccccc1)Cc1ccccc1,0.5572020847105258,2.173435264431326,6.3576862861890815
COc1ccccc1-c1ccc2c(c1)C(CSC1CCCCC1)=CC(C)(C)N2,0.5897958347895496,2.6808195104746293,6.228199666819434
COc1ccc(F)cc1C(C)(C)CC(O)(Cc1cc2ccc(F)cc2[nH]1)C(F)(F)F,0.49898438482125484,3.169501889982336,7.513433349483107
CC(C)(CC(O)(Cn1ccc(=O)c2ccccc21)C(F)(F)F)c1ccc(F)cc1O,0.5940207551546627,3.2400249669054126,7.839629598862651
Cc1nn(Cc2cccnc2)c2ncc(C(=O)Nc3ccc(C(F)(F)F)cc3)c(Cl)c12,0.47364462000752444,2.4221843402071723,6.679125336488839
Oc1cccc(-c2ccc3c(cnn3-c3ccc(F)cc3)c2)c1,0.5902938770095648,1.9903439061540844,5.070894247508803
Cc1nn(-c2ccc(I)cc2)c2ncc(C(=O)Nc3ccc(C(F)(F)F)cc3)c(Cl)c12,0.3032848924191972,2.446156655301861,6.377208010966793
CC(C)(C)C#C[C@]1(O)CC[C@H]2[C@@H]3CCC4=CC(=O)CC[C@@H]4[C@H]3[C@@H](c3ccc(N4CCN(S(C)(=O)=O)CC4)cc3)C[C@@]21C,0.4769485465988026,4.714489462947615,7.88352038577786
CC(=O)NC(=O)C(C)(C)[C@@H]1c2ccc(-c3ccc(C(=O)N4CCCC4)cc3)nc2Oc2c(F)cccc21,0.540560881976464,3.3430574119887595,5.859036039197302
CCC(Cc1ccc(OC)c(C)c1C)NS(=O)(=O)c1c(C)cc(C)cc1C,0.7564376852316747,2.827219417372765,5.777446000570557
CC1=CC(C)(C)Nc2ccc3c(c21)/C(=C/c1ncccc1C)Oc1ccc(F)cc1-3,0.49551991363815345,3.072663173009685,6.6550941502693055
N#Cc1ccccc1-c1ccc2c(cnn2-c2ccc(F)cc2)c1,0.5378906772912421,2.074224891902107,5.041133857805401
COc1ccc([C@@H](Oc2ccc3c(cnn3-c3ccc(F)cc3)c2)[C@@H](NC(=O)C(C)(F)F)OC(C)(C)C)cn1,0.2772003518129121,3.798866538950537,7.17542875473624
Cc1cc(C)nc(Cn2nc(C)c3c(Cl)c(C(=O)Nc4ccc(C(F)(F)F)cc4)cnc32)c1,0.4109227969446963,2.6030511891005705,6.691464714647077
C=CCOc1ccc([C@H]2C[C@@]3(C)[C@@H](CC[C@@]3(O)C#CC)[C@@H]3CCC4=CC(=O)CCC4=C32)cc1Cl,0.3951254237273431,4.470234266031138,8.990278593633208
COc1ccc([C@@H](Oc2ccc(C#N)cc2)[C@H](C)NC(=O)C(C)(F)F)cn1,0.8031207057469912,3.343310277104747,7.962466137736157
Cn1c(=O)[nH]c([C@H]2CC[C@@H](c3ccccc3)CC2)c(Cc2cccc(C(F)(F)F)c2)c1=O,0.6095085529282293,2.5359725116267064,5.713019549286378
C=CCC1Oc2cccc(C=C)c2-c2ccc3c(c21)C(C)=CC(C)(C)N3,0.6328031353150033,3.6727831399404494,6.708900573823374
Cc1nn(Cc2ccncn2)c2ncc(C(=O)Nc3ccc(C(C)C)cc3)c(Cl)c12,0.509265123290587,2.529770141335474,6.755629481069912
CC#C[C@@]1(O)CC[C@@]2(Cc3ccccc3)c3ccc(C(=O)NCc4ccncc4)cc3CC[C@@H]2C1,0.5229836862135738,3.71908445802171,7.373158848957403
O[C@]1(Cc2ccccc2)CCCCC[C@@]12C=Cc1c(cnn1-c1ccc(F)cc1)C2,0.6277031809659205,4.037789400402257,7.43159580546299
CC#C[C@@]1(O)CC[C@@]2(CCC)c3ccc(O)cc3CC[C@@H]2C1,0.8121796189473126,4.028677637983289,5.83417550299845
Cc1noc(=O)c2ccc(NC(=O)C(O)(CC(C)(C)c3cc(F)ccc3O)C(F)(F)F)cc12,0.48925852205795833,3.375695864569228,8.164210987824072
CC(=O)OCC(=O)[C@@]1(OC(C)=O)[C@@H](C)C[C@H]2[C@@H]3C[C@H](F)C4=CC(=O)C=C[C@]4(C)[C@@]3(F)[C@@H](O)C[C@@]21C,0.5990209425922626,4.884577586362528,8.17853148529301
COC(=O)[C@@]12CN(Cc3ccccc3)C[C@@H]1C[C@H]1[C@@H]3C[C@H](F)C4=CC(=O)C=C[C@]4(C)[C@@]3(F)[C@@H](O)C[C@@]12C,0.6163816460244858,4.787834734014768,8.166040425128983
COc1cc([C@H](O)[C@H]2CCCC3=Cc4c(cnn4-c4ccc(F)cc4)C[C@@]32C)ccc1F,0.5759210777111734,3.6975829307266235,8.124766884694878
C=CCSCC1=CC(C)(C)Nc2ccc(-c3cc(F)ccc3OC)cc21,0.49770760207093945,2.8568674241317336,6.705873320149849
Cc1nn(CCN2CCN(S(C)(=O)=O)CC2)c2ncc(C(=O)Nc3ccc(Cl)cc3)c(Cl)c12,0.546573894045062,2.524490209277717,6.604264512288416
CC(C)(C(=O)Nn1ncnn1)C(c1ccccc1)c1ccc2c(cnn2-c2ccc(F)cc2)c1,0.41670299308879616,3.4628403642842907,7.024819753642217
CC1(C)O[C@@H]2CC3C4C[C@H](F)C5=CC(=O)C=C[C@]5(C)[C@@]4(F)[C@@H](O)C[C@]3(C)[C@]2(C(=O)CSC2CCOC2=O)O1,0.5301476283431623,5.313697288348509,8.374869927517327
CC1(C(=O)Nc2nccs2)CC2c3ccccc3C1([N+](=O)[O-])c1ccccc12,0.5366404863158623,4.162401006732324,5.774246007326335
CCOc1ncc(C)c2c1[C@H](c1ccc(C#N)cc1OC)C(C#N)=C(C)N2,0.8852103201168615,3.326252417372764,5.400937706445098
Cc1noc(C)c1-c1cc2c(c3c1OCO3)NC(C)(C)C(=O)C2(C)C,0.85094423753449,3.303489245226417,7.096271867538226
O=S(=O)(Cc1ccccc1)Nc1ccc(-c2ccc3c(cnn3-c3ccc(F)cc3)c2)c(C(F)(F)F)c1,0.2483488309772138,2.4790387028614553,6.8844051618190205
Cc1nn(CCN2CCN(C)CC2)c2ncc(C(=O)Nc3ccc(Cl)cc3)c(Cl)c12,0.6483454776265096,2.399925797444073,6.6158286314539545
CC(C)(c1nc2nccnc2[nH]1)[C@@H]1c2ccc(-c3ccc(C(=O)N4CCOCC4)cc3)nc2Oc2c(F)cccc21,0.32614858375199535,3.695138598704352,5.877568684831412
Cc1cc(C)c(S(=O)(=O)NC(Cn2ccc3ncccc32)C(F)(F)F)c(C)c1,0.6932843987244953,3.101090575096192,6.275267948764145
CC(C)S(=O)(=O)N[C@@H](C)[C@H](Oc1ccc2c(cnn2-c2ccc(F)cc2)c1)c1ccccc1,0.39577397398138736,3.248783626374725,8.333095416962784
COc1cc(C)c(Cl)cc1S(=O)(=O)Nc1ccc2c(c1)CCCN2C(=O)C1CC1,0.7665900666778719,2.347545498444303,5.127653820831444
Cc1cc(C)c(S(=O)(=O)N[C@@H](C)COc2cccc3cnccc23)c(C)c1,0.6996758118472367,2.7521724173727637,7.3868679201090455
O=S(=O)(NC(Cc1c[nH]c2ccccc12)C(F)(F)F)c1c(Cl)cc(Cl)cc1Cl,0.5101936954540566,2.9967670933148156,6.141549565568536
CCNS(=O)(=O)c1ccc(-c2ccc3c(cnn3-c3ccc(F)cc3)c2)c(C(F)(F)F)c1,0.41665807775814473,2.4400815349629212,5.0279997073344616
O=C(Nc1ccc(Cl)cc1)c1cnc2c(cnn2Cc2cccnc2)c1Cl,0.5520084439695092,2.259736021009619,6.568202034224376
Cc1cc(C)c(S(=O)(=O)N(C)C(C)Cc2c[nH]c3ccccc23)c(C)c1,0.7260247123502711,2.74984415301574,5.880491028898474
Cc1noc(C)c1-c1ccc(CNC(=O)c2cnc3c(c(C)nn3C)c2Cl)cc1,0.5472547144056232,2.496646118102422,6.7365315799601175
O=c1[nH]c([C@H]2CC[C@@H](c3ccccc3)CC2)c(Cc2cccc(C(F)(F)F)c2)c(=O)n1CCO,0.5516047198930166,2.628249842423017,5.871111952310509
COc1cccc2c1-c1ccc(NS(C)(=O)=O)cc1C(c1cccs1)O2,0.7257976863889897,2.9332400447905034,7.7142384115314115
CN(C)c1ccc([C@H]2C[C@@]3(C)[C@@H](CC[C@@]3(O)C#CC3CC3)[C@@H]3CCC4=CC(=O)CC[C@]4(C)[C@H]32)cc1,0.5281993476396826,4.643256556552114,7.46449086078896
Cc1c(F)c(-c2cccc3cc[nH]c23)cc2c1NC(C)(C)[C@H](O)[C@H]2C,0.5877442644941636,3.798733508597847,7.83724179386688
O=C1COc2ccc(C(=O)N3c4cc(CC5CCCCC5)c(F)cc4OC[C@@H]3CCO)cc2N1,0.6908327658769025,3.371989814833741,5.805871439333848
CC(C)n1cc(-c2ccc(C#N)cc2)c2ccc(NS(C)(=O)=O)cc21,0.766028005681466,2.362982339855572,5.6144188618068025
CC(C)(C(=O)Nc1nccs1)[C@@H](c1ccccc1)c1ccc2c(cnn2-c2ccc(F)cc2)c1,0.3115878495462623,3.0564896578478704,6.915796127298666
CCO/N=C1\CC(C)(C)Nc2cc(F)c(-c3cccc4cc[nH]c34)c(F)c21,0.6034416562488659,3.274284261433163,7.836969943187137
Cc1cnc(NC(=O)c2ccc3c(c2)CC[C@@H]2C[C@@](O)(C(F)(F)F)CC[C@@]32Cc2ccccc2)c(C)n1,0.4616631622298504,3.907188589416993,8.5329294703192
CC(C)Oc1ccc(-c2ccc3c(n2)Oc2c(F)cccc2[C@@H]3C(C)(C)c2nc3nccnc3[nH]2)cc1Cl,0.25871628246702677,3.750071089088234,6.182220412982208
Cc1ncccc1CNC(=O)c1ccc2c(c1)CC[C@@H]1C[C@@](O)(CCC(F)(F)F)CC[C@@]21Cc1ccccc1,0.3567960692779406,3.851483826367989,8.238534450252944
C[C@]12CCC3=C4CCC(=O)C=C4CC[C@H]3[C@@H]1CC[C@@H]2O,0.7319031148945251,4.050180335808111,6.561879894860898
CC#C[C@]1(O)CC[C@H]2[C@@H]3CCC4=CC(=O)CCC4=C3[C@@H](c3ccc(N(C)C[C@@H]4C[C@@H](O)CC(=O)O4)cc3)C[C@@]21C,0.4174495003251613,4.912420040193727,8.319320570935147
C[C@]12C=CC(=O)C=C1[C@@H](F)C[C@H]1[C@@H]3C[C@H]4CN(Cc5ccc(Cl)cc5)C[C@@]4(C(=O)CO)[C@@]3(C)C[C@H](O)[C@@]12F,0.5914147360204859,4.869047175678032,7.614340025824229
O=S(=O)(c1ccc(OC(F)(F)F)cc1)N(Cc1ccccc1)c1ccc(Oc2ccccc2)cc1,0.26842136021895163,2.1258671397124047,5.201231815845982
Cn1ccc(S(=O)(=O)N2CC[C@H]3Cc4c(cnn4-c4ccc(F)cc4)C[C@]3(C(=O)c3cc(C(F)(F)F)ccn3)C2)n1,0.2594590103162567,4.178943275600371,7.274472153202543
C[C@H](NC(=O)C(C)(F)F)[C@H](Oc1ccc2c(cnn2-c2cccc(C(=O)N[C@@H]3CCC[C@@H]3O)c2)c1)c1ccc2c(c1)OCCO2,0.24750553999135294,4.113307309023714,9.0257150317632
CC1=CC(C)(C)Nc2ccc3c(c21)/C(=C/c1cccc(F)c1)Oc1ccccc1-3,0.48880619402177716,2.730464365450789,6.30547749050266
CC1C(=O)C(C)(C)Nc2ccc3c(c21)/C(=C/c1ccccc1)Oc1ccccc1-3,0.5516798915048926,3.264440281597211,6.077438886766091
CC(C)(C(=O)NC(N)=O)[C@H]1c2ccccc2Oc2nc(-c3ccc(C(=O)N4CCCC4)c(Cl)c3)ccc21,0.4985431444259411,3.30350667234379,5.943883298256106
Cc1nn(-c2ccc(Cl)cc2)c2ncc(C(=O)Nc3ccc(Cl)cc3)c(Cl)c12,0.4364108703153301,2.162978138625661,5.826468515134739
CCN(C[C@@](O)(CNC(=O)c1cnn(-c2ccc(F)cc2)c1N)C(F)(F)F)C(=O)c1c(F)cccc1Cl,0.3746035177832064,3.3301344770775163,8.115900251917804
COc1ccc(F)cc1-c1ccc([C@H](C)NS(=O)(=O)c2c(C)noc2C)cc1,0.6675918682001372,2.6573485776199828,6.289024466892624
O=c1[nH]c(N2CCC(c3ccc(Cl)cc3)CC2)c(Cc2ccccc2)c(=O)[nH]1,0.707406516534638,2.3854314762865947,5.804485788827363
CC(Cc1c[nH]c2ccccc12)NS(=O)(=O)c1cc(F)c(Br)cc1F,0.5999373047493584,2.7951121666277725,5.631522822369381
Cn1nc(F)c2c(Cl)c(C(=O)Nc3ccc(Cl)cc3)cnc21,0.7750244428102697,2.402998010402394,6.679968761790995
CC(C)(C(=O)NC(N)=O)[C@@H]1c2ccc(-c3ccc(C(=O)N4CCOCC4)c(F)c3)nc2Oc2c(F)cccc21,0.5204271674948762,3.513437228011525,6.095311180174293
COC[C@H]1OC2(CCC3=Cc4c(cnn4-c4ccc(F)cc4)C[C@@]32C)O[C@@H]1COC,0.7493954482260982,4.48131902367158,8.103275018254017
C[C@]12Cc3cnn(-c4ccc(F)cc4)c3C=C1CC[C@@H]1[C@@H]2[C@@H](O)C[C@@]2(C)[C@H]1CC[C@]2(O)C(=O)COc1ccc2ccccc2c1,0.2643377141033802,4.462179641337105,8.920290001125624
Cc1nc2c(Cl)c(C(=O)Nc3ccc(C(F)(F)F)cc3)cnc2n1C,0.7370677963847312,2.453402593642707,5.699370394811367
CCC(CC)C1(CC(O)(C(=O)Nc2ccc3c(=O)onc(C)c3c2)C(F)(F)F)CCCc2ccccc21,0.4123621281765786,3.991708274684026,6.710239523087018
C=C1C[C@H](C)CC(C)(C)[C@@H]1Cc1cc(OC)c(Br)cc1O,0.7440528851483498,3.786696126967086,5.927515321896181
O=C(c1ccco1)N1CCCc2cc(N(S(=O)(=O)c3ccc(F)cc3)S(=O)(=O)c3ccc(F)cc3)ccc21,0.33879825284729004,2.6246160531556946,4.392491524585572
Cc1nn(CC2CC2)c2ncc(C(=O)Nc3ccc(C(F)(F)F)cc3)c(Cl)c12,0.6549426179834145,2.437433718488837,6.647042953277421
CC(C)C[C@@H](c1ccc2c(cnn2-c2ccc(F)cc2)c1)C(C)(C)CNC(=O)NC(C)(C)C,0.43459026484943725,3.2159195009328636,7.0290092746193995
CCn1nc(C)c(Br)c1C(=O)NCC(O)(CC1(C)CCCc2ccccc21)C(F)(F)F,0.6031554655222042,3.809416100247205,7.092539368078316
CCNC(=O)c1ccccc1CC[C@]1(O)CCC2=Cc3c(cnn3-c3ccc(F)cc3)C(O)[C@@]21C,0.4945854493562375,4.0042684563762965,8.245863446345988
C[C@H]1C[C@@H]2[C@H]([C@@H](O)C[C@@]3(C)[C@H]2CC[C@]3(O)C(=O)CSc2nc3ccccc3s2)[C@@]2(C)C=CC(=O)C=C12,0.534986749586204,4.6143611324341265,7.533213480296266
Cc1cc(C)c(S(=O)(=O)N[C@@H](C)CNc2cccc3ncccc23)c(C)c1,0.6763227983350648,2.722927494295842,5.832601513452617
Cc1cc(NC[C@H](C)NS(=O)(=O)C(C)C)c2cnn(-c3cccc(C(=O)NC(C)C)c3)c2c1,0.44224831957051164,3.144994885548246,7.503896664684763
CO/N=C(\C)c1ccsc1/C=C1\Oc2ccc(O)c(OC)c2-c2ccc3c(c21)C(C)=CC(C)(C)N3,0.30562434524921167,3.467024109885089,9.467765687567702
Cc1nnc(C(=O)N[C@@H]([C@H](C)O)[C@H](Oc2ccc3c(cnn3-c3ccc(F)cc3)c2)c2cc(F)cc(F)c2)o1,0.3008883920859121,3.946397260501424,7.8835181019373435
Cc1nn(CCCN2CCCC2)c2ncc(C(=O)Nc3ccc(Cl)cc3)c(Cl)c12,0.6088748193028929,2.334022289454497,6.569397399760273
Cc1ccc(C(=O)[C@]23Cc4cnn(-c5ccc(F)cc5)c4C=C2CCN(S(=O)(=O)c2cccc(C)c2)C3)nc1,0.3341790598336114,3.5187217117895866,7.941600191021096
CCC1(CC(O)(C(=O)Nc2ccc3c(=O)onc(C)c3c2)C(F)(F)F)CCCc2ccc([N+](=O)[O-])cc21,0.3555833683634545,3.918184485427271,6.090374051483244
C=CCC1Oc2ccc(F)c(OC)c2-c2ccc3c(c21)C(C)=CC(C)(C)N3,0.6649327179702071,3.554972417372765,6.5862601776956495
Cc1cc(C)c(S(=O)(=O)NC(Cc2c[nH]c3ccc(C#N)cc23)C(F)(F)F)c(C)c1,0.6222619615200342,3.142541206221652,5.409669443480539
CCC[C@]1(O)C[C@H]2CCc3cc(O)ccc3[C@]2(CC)C[C@@]1(C)O,0.7965397361234705,4.174599339417112,7.627314371111264
Cn1c(=O)[nH]c([C@H]2CC[C@@H](c3ccccc3)CC2)c(Cc2ccccc2)c1=O,0.7472459951965716,2.3087118181669357,5.550216085990711
CC#C[C@]1(O)CC[C@H]2[C@@H]3CCC4=CC(=O)CCC4=C3[C@@H](c3ccc(OC)cc3)C[C@@]21C,0.6613351339628503,4.253746693644087,8.745409629530661
CC(=O)NCCOc1cccc(Oc2ccc(CN(Cc3ccccc3)c3cccc(NS(C)(=O)=O)c3C)cc2)c1,0.1939953029630142,2.51199275517299,8.276853700941444
C[C@]12Cc3cnn(-c4ccc(F)cc4)c3C=C1CC[C@@H]1[C@@H]2[C@@H](O)C[C@@]2(C)[C@H]1CC[C@]2(O)C(=O)CSc1ccccn1,0.38369551001633834,4.552446346629291,8.811281329818438
Cc1cncc(Cn2nc(C)c3c(Cl)c(C(=O)Nc4ccc(C(F)(F)F)cc4)cnc32)c1,0.4422645930656695,2.5544289852654263,6.676320596340831
C[C@]12Cc3cnn(-c4ccc(F)cc4)c3C=C1CC[C@@H]1[C@@H]2[C@@H](O)C[C@@]2(C)[C@H]1CC[C@]2(O)C(=O)CO,0.6255127237340646,4.4380551436792715,9.255636952399676
O=C(Nc1ccc(Cl)cc1)c1cnc2c(cnn2Cc2nccs2)c1Cl,0.5439150607130597,2.470191335617507,6.5730066843279955
CC(C)(C(=O)NC(=O)Nc1ccccc1)[C@@H]1c2ccc(-c3ccc(C(=O)N4CCOCC4)cc3)nc2Oc2c(F)cccc21,0.2946515273195399,3.3936613965034947,6.049580721828324
CC[C@H]1OC2(CCCC3=Cc4c(cnn4-c4ccc(F)cc4)C[C@@]32C)O[C@@H]1CC,0.6929400361492293,4.438373578208866,8.204198380356361
COc1cc(F)ccc1-c1c(Cc2ccccc2)[nH]c2c(NS(C)(=O)=O)cc(C(C)C)cc12,0.34732635403644785,2.64712348686969,7.8265890899492385
CCC1(CC(O)(Cc2cc3ccncc3[nH]2)C(F)(F)F)CCCc2ccccc21,0.5942689293593186,3.7546071091068,7.639508172693789
CC1(C)O[C@@H]2CC3C4C[C@H](F)C5=CC(=O)C=C[C@]5(C)[C@@]4(F)[C@@H](O)C[C@]3(C)[C@]2(SC(CCO)C(=O)O)O1,0.4982147132716041,5.4118169257093465,7.139657860728924
Cc1ccc(C(=O)Nc2cccc(C(F)(F)F)c2)cc1Nc1nc(-c2cccnc2)nc2c1cnn2C,0.3171059369433006,2.5164338676966196,6.027770111813459
CC(C)C[C@@H](NC(=O)COCCOCCNC(=O)[C@@]1(O)[C@H](C)C[C@H]2[C@@H]3CCC4=CC(=O)C=C[C@]4(C)[C@@]3(F)[C@@H](O)C[C@@]21C)C(=O)N[C@H](CO)C(=O)N[C@H](Cc1ccccc1)C(N)=O,0.08474087390679509,5.342805569714374,7.117964168140998
CCC(Cc1cc(C)ccc1C)NS(=O)(=O)c1c(C)cc(C)cc1C,0.8235739084591165,2.683016304799791,5.127665319475137
C[C@]12Cc3cnn(C4CCCCC4)c3C=C1CC[C@@H]1[C@@H]2[C@@H](O)C[C@@]2(C)[C@H]1CC[C@]2(O)C(=O)CSc1ccccn1,0.4336828363460695,4.681251815728696,8.225471371168275
C[C@]12C=CC(=O)C=C1[C@@H](F)C[C@H]1[C@@H]3C[C@H]4CN(C(=O)OCc5ccccc5)C[C@@]4(C(=O)CO)[C@@]3(C)C[C@H](O)[C@@]12F,0.5870290822757305,4.881111725270179,8.253201400447706
Cc1nn(-c2ccccc2)c2ncc(C(=O)Nc3ccc(N(C)C)cc3)c(Cl)c12,0.5341424048331148,2.228893626962126,6.523743644556271
CC(C)C[C@@H](c1ccc2c(cnn2-c2ccc(F)cc2)c1)C(C)(C)CNC(=O)CC(F)(F)F,0.39368769612985,3.268765654779018,7.1321062459167965
C[C@]12CCC(=O)C=C1CC[C@@H]1[C@@H]2[C@@H](O)C[C@@]2(C)[C@H]1CC[C@]2(OC(=O)c1ccco1)C(=O)CSc1ncccn1,0.30631484071839904,4.6301856498861,8.09336339795811
C[C@]12Cc3cnn(-c4ccc(F)cc4)c3C=C1CC[C@@H]1[C@@H]2[C@@H](O)C[C@@]2(C)[C@H]1CC[C@]2(O)C(=O)COc1nc2ccccc2s1,0.2802425868325579,4.631163142737816,8.598718988892216
Cc1noc(=O)c2ccc(NC(=O)C(O)(CC3(C4CCC4)CCCc4ccccc43)C(F)(F)F)cc12,0.5029590240692232,3.801146539075141,7.176965703349471
Cc1cc(-c2cccc3cc[nH]c23)c(Cl)c2c1NC(C)(C)C(O)C2(C)C,0.5202039000758476,3.7102562873602674,7.786675878613113
CCOC[C@]12Cc3cnn(-c4ccc(F)cc4)c3C=C1CCN(S(=O)(=O)c1ccc(C(C)(C)C)cc1)C2,0.4360777908904256,3.3618748676100623,7.658836667292593
CCC(Cc1ccc(O)c(C)c1C)NS(=O)(=O)c1c(C)cc(C)cc1C,0.7937344045380987,2.902996774429843,7.563813986879229
CC(C)NC(=O)c1ccccc1CC[C@]1(O)CCC2=Cc3c(cnn3-c3ccc(F)cc3)C[C@@]21C,0.5136931581928367,3.5943406951983707,8.382814370795842
CCOC(=O)c1ccc(C2Oc3cccc(OC)c3-c3ccc(NS(C)(=O)=O)cc32)cc1,0.5568167021467727,2.832114044084525,7.318010453055443
COc1cccc2c1-c1ccc(NS(C)(=O)=O)cc1C(c1ccc(C)cc1)O2,0.7052072377079902,2.7555228843259343,7.98194539223052
CC1(C)O[C@@H]2CC3C4C[C@H](F)C5=CC(=O)C=C[C@]5(C)[C@@]4(F)[C@@H](O)C[C@]3(C)[C@]2(S[C@@H]2CCOC2=O)O1,0.5660001451443862,5.4066212422391775,8.403650317302747
C[C@@H]1CC(C)(C)O[C@]2(CCC3=Cc4c(cnn4-c4ccc(F)cc4)C[C@@]32C)O1,0.6923235478496244,4.491743631812171,8.483730856931208
CCN(C)C(=O)c1ccc(-c2ccc3c(n2)Oc2ccccc2[C@H]3C(C)(C)C(=O)Nc2nncs2)cc1,0.3607522956306498,3.4006301254291653,5.70482307304632
C[C@H](c1ccc(F)cc1)N1C(=O)O[C@](Cc2ccccc2)(c2nc3cc(C(F)(F)F)ccc3[nH]2)C1=O,0.3486536972411109,3.638575419501647,5.418421321568977
COCCCCn1nc(C)c2c(Cl)c(C(=O)Nc3ccc(Cl)cc3)cnc21,0.5754932715823337,2.299615233093082,6.622817415723606
Cc1ncccc1NC(=O)c1ccc2c(c1)[C@H](O)C[C@@H]1C[C@@](O)(C(F)(F)F)CC[C@@]21Cc1ccccc1,0.42352750183219207,4.056819465416315,8.672937065268814
C[C@H](NC(=O)C(C)(F)F)[C@H](Oc1ccc(C#N)cc1Br)c1cnc(C2CC2)nc1,0.6602583913779603,3.7151299889130067,8.399919730656917
Cc1noc(=O)c2ccc(NC(=O)C(O)(CC3CCCc4c(F)cccc43)C(F)(F)F)cc12,0.5595154352650922,3.7026417345196814,6.091082076663687
Cc1cccc(Cc2c(=O)n(C)c(=O)[nH]c2[C@H]2CC[C@@H](c3ccccc3)CC2)c1,0.7195163823371927,2.4041071828743306,5.859457597424717
COc1cccc2c1-c1ccc3c(c1C(C)O2)C(C)=CC(C)(C)N3,0.7601557435583709,3.252298905908228,6.26845418072783
CC#C[C@]1(O)C[C@H]2CCc3cc(O)ccc3[C@]2(CC)C[C@@H]1O,0.6984559816643073,4.330266187906743,7.141077491801619
O=S(=O)(Nc1ccccc1)N1CCC2=Cc3c(cnn3-c3ccc(F)cc3)CC2(Cc2ccc(F)cc2)C1,0.3625982478788546,3.298139037806182,7.110702627945443
CC[C@@H](C)n1cc(-c2ccc(C#N)cc2)c2ccc(NS(C)(=O)=O)cc21,0.7201143809111002,2.8706364065368657,5.596521391449968
Cc1ccncc1NC(=O)c1ccc2c(c1)CC[C@@H]1C[C@@](O)(C(F)(F)F)CC[C@@]21Cc1ccccc1,0.45654381025635765,3.744744246777133,8.606082371154292
Cc1c(NS(C)(=O)=O)cccc1N(Cc1ccc(Oc2ccccc2)cc1)Cc1cccc(CCCC(=O)NCCO[C@H]2CC[C@@]3(C)[C@@H](C2)C[C@@H](O)[C@@H]2[C@@H]3C[C@H](O)[C@]3(C)[C@@H]([C@H](C)CCC(=O)O)CC[C@@H]23)c1,0.050564116601553556,5.451093804120536,7.12247704466153
CC(C)[C@H](NC(=O)C(F)(F)F)[C@H](Oc1ccc2c(cnn2-c2ccc(=O)n(C)c2)c1)c1cc(Cl)cc(Cl)c1,0.3039571171371265,3.8584328521199662,6.9930236776200205
Cc1noc(C)c1S(=O)(=O)NCc1ccc(-c2ccccc2)cc1,0.7708180287267357,1.9351156094198831,5.368353789313244
Cc1nn(Cc2ccccn2)c2ncc(C(=O)Nc3ccc(C(C)C)cc3)c(Cl)c12,0.48142226339788713,2.371477652647693,6.6724586698221735
Cc1ccc(C(C)(C)CC(O)(Cc2cc3cc(S(C)(=O)=O)ncc3[nH]2)C(F)(F)F)c(C(N)=O)c1,0.46005213390144817,3.5991518556500672,6.936798459258587
O=C1COc2ccc(C(=O)N3c4ccc(F)cc4OC[C@@H]3CCO)cc2N1,0.8598700838356209,3.1019341276624743,5.742126499809022
C#CCOc1ccc2c(c1OC)-c1ccc3c(c1C(CC=C)O2)C(C)=CC(C)(C)N3,0.4933026221304418,3.6918446860751324,6.618758134963223
COc1ccc(F)cc1C(C)(C)CC(C)(O)Cc1cc2ccncc2[nH]1,0.6893402599309423,3.264359483459943,6.941295955482109
COc1cc(C)c(Cl)cc1S(=O)(=O)Nc1ccc2c(c1)CCCN2C(C)=O,0.8352591183662865,2.282860057472119,5.3905765752534975
Cc1cccc(Cn2ncc3c(Cl)c(C(=O)Nc4ccc(Cl)cc4)cnc32)n1,0.5255658758772256,2.3592977369703547,6.5715056458214605
COc1cccc2c1-c1ccc(N)cc1C(c1ccccc1)O2,0.7124255897813817,2.6137640838472684,6.252103185430126
CC(C)[C@H](NC(=O)C(F)(F)F)[C@H](Oc1ccc2c(cnn2-c2ccc(=O)n(C)c2)c1)c1cc(F)cc(F)c1,0.34498917197565043,3.867044094723516,8.480796339698786
O=C1COc2ccc(C3=Nn4cnnc4SC3c3ccccc3F)cc2N1,0.7382574499790014,3.6284512333416066,5.247786778117293
C[C@]12Cc3cnn(-c4ccc(F)cc4)c3C=C1CCC[C@@H]2[C@@H](O)c1ccsc1,0.6321731844298137,3.800242746330439,8.367458993579543
Cc1nn(Cc2cnccn2)c2ncc(C(=O)Nc3ccc(Cl)cc3)c(Cl)c12,0.5437282604014654,2.4531642754318934,6.482928856167738
Cc1ccc(F)cc1C(C)(C)CC(O)(Cn1ccc(=O)c2cnccc21)C(F)(F)F,0.6160894984371862,3.353881377161822,7.461947724454505
Cc1nn(C2CCN(C(C)C)CC2)c2ncc(C(=O)Nc3ccc(Cl)cc3)c(Cl)c12,0.5875019551262181,2.44859491185907,5.927942435591291
C#C[C@]1(O)CC[C@H]2[C@@H]3CCC4=CC(=O)CCC4=C3[C@@H](c3ccc(N(C)C(C)=O)cc3)C[C@@]21C,0.6593970808365085,4.3809917733540695,6.652106608453086
C[C@]12Cn3cnc(-c4ccc(F)cc4)c3C=C1CCC[C@@H]2[C@](C)(O)c1ccc(C#N)cc1,0.5856000876237455,4.0593692367283145,5.722920806277311
Cc1noc(=O)c2ccc(NC(=O)C(O)(CC3(c4ccccc4)CCCc4ccccc43)C(F)(F)F)cc12,0.36421434447983997,3.6955147854274912,6.664157739115248
Cc1cccc(S(=O)(=O)N2CCC3=Cc4c(cnn4-c4ccc(F)cc4)C[C@]3(C(=O)c3ccccn3)C2)c1,0.3531558121415587,3.458177075914863,7.992025614622126
CNC(=O)NC(=O)C(C)(C)[C@@H]1c2ccc(-c3ccc(C(=O)N4CCOCC4)cc3)nc2Oc2c(F)cccc21,0.5242023967365491,3.432511112658988,6.04199998583183
Cc1cc(C)c(S(=O)(=O)N[C@@H](C)Cc2c[nH]c3ccccc23)c(C)c1,0.7256351794926139,2.620355644888644,6.8934886108531375
COc1ccc(NC(=O)O[C@@H]2[C@@H](C)c3c(cc(F)c(-c4cccc5c(Cl)c[nH]c45)c3F)NC2(C)C)cc1Cl,0.23457253036595763,3.8334475943008623,8.05592207511183
O=C(c1ccco1)N1CCCc2cc(NS(=O)(=O)c3ccc(Cl)c(C(F)(F)F)c3)ccc21,0.5414157137080837,2.4519192186275696,5.462319652361859
Cc1ccnc(C(=O)[C@]23Cc4cnn(-c5ccc(F)cc5)c4C=C2CCN(S(=O)(=O)c2cccc(C#N)c2)C3)c1,0.3371066955394391,3.615480667729093,7.712126477786151
CC1(C)O[C@@H]2C[C@H]3[C@@H]4CCC5=CC(=O)C=C[C@]5(C)[C@@]4(F)[C@@H](O)C[C@]3(C)[C@]2(C(=O)CO)O1,0.6935078414535659,4.828636189199704,8.362515105109043
C[C@H](NC(=O)C(C)(F)F)[C@H](Oc1ccc2c(cnn2-c2cccc(C(=O)N[C@H]3CCOC3)c2)c1)c1ccc2c(c1)OCOC2,0.28435424293453737,4.085562269620656,7.637686710589174
COc1cccc2c1-c1ccc3c(c1C(C1CCCC1)O2)C(C)=CC(C)(C)N3,0.6418091568078186,3.2907648463512533,5.946330403419628
O=S(=O)(Nc1ccc(-c2ccc3c(cnn3-c3ccc(F)cc3)c2)c(C(F)(F)F)c1)c1cccc(OC(F)(F)F)c1,0.2059155446924245,2.6778239604050054,6.245760180458716
C[C@]12C=CC(=O)C=C1[C@@H](F)C[C@H]1[C@@H]3C[C@H]4CN(Cc5ccccc5)C[C@@]4(C(=O)CO)[C@@]3(C)C[C@H](O)[C@@]12F,0.646228312878032,4.826815017808644,7.706074720090765
CCC(C)S(=O)(=O)N[C@@H](C)[C@H](Oc1ccc2c(cnn2-c2ccc(F)cc2)c1)c1ccccc1,0.3478395803172158,3.5172285804155807,8.152847700594803
CC1(C)C/C(=N\OC(C)(C)C)c2c(cc(F)c(-c3cccc4cc[nH]c34)c2F)N1,0.5039595160637041,3.312944344598149,7.4971703752695245
Cc1c(NS(C)(=O)=O)cccc1N(Cc1ccccc1)Cc1ccc(Oc2ccc(OCCCC(=O)NCCCC(=O)O)cc2)cc1,0.1030663023456256,2.6646697713001615,8.823341824933317
CC(C)(CC(O)(Cn1ccc(=O)c2ccccc21)C(F)(F)F)c1ccccc1,0.6895140645103358,2.9659469792183852,7.621161055832517
C=CCC1Oc2cccc(SC)c2-c2ccc3c(c21)C(C)=CC(C)(C)N3,0.48453776126008863,3.6317397258203217,6.717357091060267
CC(C)C[C@@H](CN(CC(=O)N[C@H](C(N)=O)[C@@H](C)O)S(=O)(=O)CCN)NC(=O)[C@H](CC(C)C)NC(=O)[C@H](Cc1c[nH]c2ccccc12)NC(=O)[C@H](CCC(N)=O)NC(=O)[C@@H](NC(=O)[C@H](Cc1ccccc1)NC(=O)[C@H](CC(=O)O)NC(=O)[C@H](CCC(N)=O)NC(=O)[C@H](C)NC(=O)[C@H](CCCNC(=N)N)NC(=O)[C@H](CCCNC(=N)N)NC(=O)[C@H](CO)NC(=O)[C@H](CC(=O)O)NC(=O)[C@H](CC(C)C)NC(=O)[C@H](Cc1ccc(O)cc1)NC(=O)[C@H](CCCCN)NC(=O)[C@H](CO)NC(=O)[C@H](Cc1ccc(O)cc1)NC(=O)[C@H](CC(=O)O)NC(=O)[C@H](CO)NC(=O)[C@@H](NC(=O)[C@H](Cc1ccccc1)NC(=O)[C@@H](NC(=O)CNC(=O)[C@H](CCC(N)=O)NC(=O)CNC(=O)[C@@H](N)Cc1cnc[nH]1)[C@@H](C)O)[C@@H](C)O)C(C)C,0.009561341142342052,9.577639065948642,5.994691663311514
CC(C)(C(=O)Nc1nncs1)[C@H](c1ccccc1)c1ccc2c(cnn2-c2ccc(F)cc2)c1,0.339051289022797,3.1469502543941807,6.924292189586505
COc1ccc(F)cc1C(C)(C)CC(O)(CN1CCOc2ccccc21)C(F)(F)F,0.6793188991780336,3.1336341393048297,7.349039960222041
C[C@]12Cc3cnn(-c4ccc(F)cc4)c3C=C1CCC21O[C@H](c2ccccc2)[C@@H](c2ccccc2)O1,0.31882122929191536,4.228778804079143,8.040336131638817
C=C1C=C(C)CC(C)(C)C1Cc1ccc([N+](=O)[O-])cc1,0.5911294429512404,3.272382968874898,5.300137467452633
COCCOC[C@]12Cc3cnn(-c4ccc(F)cc4)c3C=C1CCN(S(=O)(=O)c1ccc(C(C)(C)C)cc1)C2,0.3676092072501947,3.4138326511205266,7.634097935211702
Cc1ncccc1Nc1ccc2c(c1)CCC1=C3C[C@@H](O)C[C@]3(C)CC[C@]12C,0.6737104852555524,4.057187532655227,6.504712414783992
COc1ccc(F)cc1-c1ccc(CNS(=O)(=O)c2c(C)noc2C)cc1,0.6956809759696024,2.1503216541457135,6.187535034259088
C=CCOc1c(C)cc([C@H]2C[C@@]3(C)[C@@H](CC[C@@]3(O)C#CC)[C@@H]3CCC4=CC(=O)CCC4=C32)cc1Cl,0.36982990670561416,4.589940440871546,8.660167220247603
Cc1cc(C)c(S(=O)(=O)N[C@@H](C)CNc2cc(C)cc3c2cnn3-c2cccc(N[C@@H](C)C(N)=O)c2)c(C)c1,0.2334128355196324,3.5581412214331616,7.981992102213658
Cc1ccc(S(=O)(=O)N2CCC3=Cc4c(cnn4-c4ccc(F)cc4)C[C@]3(C)C2)cc1,0.6118282483206351,3.146578802493784,7.979402669493534
CCCCC1Oc2cccc(OC)c2-c2ccc3c(c21)C(C)=CC(C)(C)N3,0.664164727750908,3.2790480610974617,6.429644074324786
C[C@H](NC(=O)[C@H]1CCCO1)[C@H](Oc1ccc(C(=O)O[C@H]2CCCN(C(=O)[C@H]3COC(=O)C3)C2)cc1)c1ccc(C2CC2)cc1,0.4031764780979476,4.1575062107307215,8.13231097091674
COCCCn1nc(C)c2c(Cl)c(C(=O)Nc3ccc(Cl)cc3)cnc21,0.6330995922693962,2.2813795421507006,6.585062321020617
CC[C@H]1OC(=O)[C@H](C)[C@@H](O[C@H]2C[C@@](C)(OC)[C@@H](O)[C@H](C)O2)[C@H](C)[C@@H](O[C@@H]2O[C@H](C)C[C@H](N(C)C)[C@H]2O)[C@](C)(O)C[C@@H](C)CN(CCCNC(=O)[C@H]2[C@H](C)C[C@H]3[C@@H]4C[C@H](F)C5=CC(=O)C=C[C@]5(C)[C@@]4(F)[C@@H](O)C[C@@]32C)[C@H](C)[C@@H](O)[C@]1(C)O,0.10087616555241855,7.503549259958754,7.910780502394009
C[C@]12C=CC(=O)C=C1CC[C@@H]1[C@@H]2[C@@H](O)C[C@@]2(C)[C@H]1C[C@H]1O[C@@H](c3ccc(Sc4cccc(N)c4)cc3)O[C@]12C(=O)CO,0.4174370028447121,4.904870867264772,7.9556847608559895
COc1ccc(F)cc1-c1ccc(CNS(=O)(=O)c2cc(Cl)ccc2Cl)cc1,0.5671650194273056,1.9917152369703555,6.234850462524126
C[C@]12C=CC(=O)C=C1[C@@H](F)C[C@H]1[C@@H]3C[C@H]4O[C@H](c5ccc(Sc6ccc(Cl)c(N)c6)cc5)O[C@@]4(C(=O)CO)[C@@]3(C)C[C@H](O)[C@@]12F,0.34984980818048017,5.185372371892922,7.502586060930665
Cc1c(NS(C)(=O)=O)cccc1N(Cc1ccccc1)Cc1ccc(CCC(=O)NCCO[C@H]2CC[C@@]3(C)[C@@H](C2)C[C@@H](O)[C@@H]2[C@@H]3C[C@H](O)[C@]3(C)[C@@H]([C@H](C)CCC(=O)O)CC[C@@H]23)cc1,0.07942220154931126,5.220625008663577,6.899674624338458
Cc1cc(C)c(S(=O)(=O)NC(Cn2cc(C#N)c3ccccc32)C(F)(F)F)c(C)c1,0.6476082754497806,3.157122402802848,5.5158794194133876
COc1ccccc1-c1ccc2c(c1)C(C(C)OCCc1ccccc1Cl)=CC(C)(C)N2,0.4133145361048574,3.140478676375313,6.53351157216033
CN(C)C(=O)[C@@]12CN(Cc3ccccc3)C[C@@H]1C[C@H]1[C@@H]3C[C@H](F)C4=CC(=O)C=C[C@]4(C)[C@@]3(F)[C@@H](O)C[C@@]12C,0.6464519468706759,4.868871791062649,7.601887275837694
Cc1nn(-c2ccccc2)c2ncc(C(=O)Nc3cccc(Cl)c3)c(Cl)c12,0.5112456980683212,2.1423181696302276,6.500916892369445
CC1=CC(C)(C)Nc2ccc3c(c21)/C(=C/c1ccccc1N(C)C)Oc1ccc(F)cc1-3,0.47481219696609006,2.966632511626706,6.560363285197068
C[C@]12C=CC(=O)C=C1[C@@H](F)C[C@H]1[C@@H]3C[C@H]4O[C@@H](c5ccc(Cc6ccc(Cl)c(N)c6)cc5)O[C@@]4(C(=O)CO)[C@@]3(C)C[C@H](O)[C@@]12F,0.38708928625984085,5.086579510354461,7.665851679080166
C[C@]12C=CC(=O)C=C1[C@@H](F)C[C@H]1[C@@H]3C[C@H]4O[C@@H](c5ccc(CSc6cccc(N)c6)cc5)O[C@@]4(C(=O)CO)[C@@]3(C)C[C@H](O)[C@@]12F,0.29221289859472294,5.0973223499149,7.8457609662598
CCCCCNC(=O)O[C@]1(C(=O)CO)[C@@H](C)C[C@H]2[C@@H]3CCC4=CC(=O)C=C[C@]4(C)[C@@]3(F)[C@@H](O)C[C@@]21C,0.4536274310116002,4.707251604479761,8.52533688782314
Cc1cccc(CC(O)(CC(C)(C)c2cc(F)ccc2O)C(=O)Nc2ccc3c(c2)COC3=O)c1,0.4254437434055148,3.2516747070631666,7.111777444038546
CCC1OC(=O)C(c2ccc(F)cc2)=C1c1ccc2c(c1)NC(=O)CO2,0.8592240749946268,3.1438363025867613,5.361474692750129
CC#C[C@]1(O)CC[C@H]2[C@@H]3CCc4cc(C(=O)Nc5cccnc5C)ccc4[C@H]3[C@@H](O)C[C@@]21C,0.6058454469563851,4.234025924623816,6.418935586363632
CC(C)(C(=O)NC(N)=O)[C@H]1c2ccccc2Oc2nc(-c3ccc(C(=O)N4CCC(F)(F)C4)c(Cl)c3)ccc21,0.4515220905997264,3.591968385386261,6.190660143943585
CC(C)(C(=O)NC(N)=O)[C@@H]1c2ccc(-c3ccc(N4CCCCC4)nc3)nc2Oc2c(F)cccc21,0.548172787162573,3.466783257305739,6.061588459444024
Cc1cccc(Cc2c(=O)[nH]c(=O)[nH]c2[C@H]2CC[C@@H](c3ccccc3)CC2)n1,0.7279526087327658,2.566263954919073,5.753536652089704
COC(=O)c1ccc(NC(=O)O[C@@H]2[C@@H](C)c3c(cc(F)c(-c4cccc5cc[nH]c45)c3F)NC2(C)C)cc1,0.25729070030874707,3.7414846998368345,7.5635784829533605
CC(C)(CC(O)(Cc1cc2cc(N3CCOCC3)ncc2[nH]1)C(F)(F)F)c1ccc(F)cc1,0.5164775060613278,3.329762343742228,7.926482809826228
CCCn1cc(-n2ncc3cc(O[C@H](c4ccccc4)[C@H](C)NC(=O)C(C)(F)F)ccc32)ccc1=O,0.35992736823056826,3.5905978109715644,8.322838570318087
CC(C)(CC(O)(Cc1cc2ccncc2[nH]1)C(F)(F)F)c1cc(-c2cccnc2)ccc1O,0.3568678970594995,3.3746630126385497,8.15181251931539
COc1ccc(NC(=O)c2cnc3c(c(C)nn3-c3ccccc3)c2Cl)cc1,0.5487966969213748,2.0927835062011244,6.554000639503092
CC(C)(C(=O)Nc1nncs1)C(c1ccccc1)c1ccc2c(-c3ccc(C#N)cc3)ncn2c1,0.3465637045808882,3.4498401344703016,5.665418236965442
C[C@]12Cc3cnn(-c4ccccc4)c3C=C1CC[C@@H]1[C@@H]2[C@@H](O)C[C@@]2(C)[C@H]1CC[C@]2(O)C(=O)CSc1ccccn1,0.40371763801054816,4.505660912718663,8.575723947239991
C/C=C/[C@H]1OC2(CCC3=Cc4c(cnn4-c4ccc(F)cc4)C[C@@]32C)O[C@@H]1/C=C/C,0.6419917090155289,4.820807395764604,8.516104774099801
COc1cc(C)c(Cl)cc1S(=O)(=O)Nc1ccc2c(c1)CCCN2C(=O)c1ccco1,0.5985461139396265,2.4279026425944394,5.2350463772257
C[C@]12C=CC(=O)C=C1[C@@H](F)C[C@H]1[C@@H]3C[C@H]4O[C@@H](C5CCC(N)CC5)O[C@@]4(C(=O)CO)[C@@]3(C)C[C@H](O)[C@@]12F,0.5221267940325289,5.194106725879502,8.063811439723315
CC(C)C[C@@H](CN(CC(=O)N[C@H](C(N)=O)[C@@H](C)O)S(=O)(=O)CCN)NC(=O)[C@H](CC(C)C)NC(=O)[C@H](Cc1c[nH]c2ccccc12)NC(=O)[C@H](CCC(N)=O)NC(=O)[C@@H](NC(=O)[C@H](Cc1ccccc1)NC(=O)[C@H](CC(=O)O)NC(=O)[C@H](CCC(N)=O)NC(=O)[C@H](C)NC(=O)[C@H](CCCNC(=N)N)NC(=O)[C@H](CCCNC(=N)N)NC(=O)[C@H](CO)NC(=O)[C@H](CC(=O)O)NC(=O)[C@H](CC(C)C)NC(=O)[C@H](Cc1ccc(O)cc1)NC(=O)[C@H](CCCCN)NC(=O)[C@H](CO)NC(=O)[C@H](Cc1ccc(O)cc1)NC(=O)[C@H](CC(=O)O)NC(=O)[C@H](CO)NC(=O)[C@@H](NC(=O)[C@H](Cc1ccccc1)NC(=O)[C@@H](NC(=O)CNC(=O)[C@H](CCC(N)=O)NC(=O)C(C)(C)NC(=O)[C@@H](N)Cc1cnc[nH]1)[C@@H](C)O)[C@@H](C)O)C(C)C,0.009561341180733256,9.60716190182089,6.054724623425905
COc1ccc(CNC(=O)NC(=O)C(C)(C)[C@@H]2c3ccc(-c4ccc(C(=O)N5CCOCC5)cc4)nc3Oc3c(F)cccc32)cc1,0.26830033037407813,3.477493967363034,5.995709140288571
Cc1nn(C)c2ncc(C(=O)Nc3ccc(OCCN4CCOCC4)cc3)c(Cl)c12,0.648485649560748,2.3626266266558993,5.814917067310035
COc1ccc(F)cc1C(C)(C)CC(O)(Cc1ccc(C=O)cc1Cl)C(F)(F)F,0.4636642044112258,3.1389548056273977,7.581909535096131
CC(C)(CC(O)(Cc1cc2ccncc2[nH]1)C(F)(F)F)c1cccc2c1OCC2,0.6480488843642921,3.462880812953406,8.18778582996746
CC(=O)Nc1ccc(C2CCN(c3[nH]c(=O)[nH]c(=O)c3Cc3ccccc3)CC2)cc1,0.5932664870344159,2.4406387079239185,5.956562827167585
Cc1ccc(F)cc1C(C)(C)CC(O)(Cc1cc2nc(-c3ccccc3)ncc2[nH]1)C(F)(F)F,0.32567255126499234,3.289051593784274,7.941263561851947
C[C@H](NC(=O)C(C)(F)F)[C@H](Oc1ccc2c(cnn2-c2ccc(F)cc2)c1)c1ccc2c(c1)OCC2,0.37402034410464036,3.5484716069484463,10.40817343591817
CC#C[C@]1(O)CC[C@H]2[C@@H]3CCC4=CC(=O)CCC4=C3[C@@H](c3ccc(N(C)CC(=O)N(Cc4ccc(C(=O)O)cc4)c4ccc(Br)cc4)cc3)C[C@@]21C,0.22380592865768092,4.642323696504471,7.652183918279597
Cc1c(NS(C)(=O)=O)cccc1N(Cc1ccccc1)Cc1ccc(C(=O)O)cc1,0.563883225051806,2.151100406364563,7.040785824595257
COc1ccc(F)cc1C(C)(C)C[C@@](O)(Cc1ccc(Cl)cc1)C(F)(F)F,0.6264223577908086,2.855988648141997,6.446781381563764
Cc1nn(-c2ccc(F)cc2)c2ncc(C(=O)NCc3ccccc3Cl)c(Cl)c12,0.49094546569164954,2.261754602571882,5.609643061941995
CCC1(CC(O)(Cc2cc3c(C)cc(C#N)cc3[nH]2)C(F)(F)F)CCCc2ccccc21,0.4920405328651324,3.8360973085678474,7.229809068629705
O=C(O)Cc1cc(Br)c(N(Cc2ccc(Oc3ccccc3Br)cc2)Cc2cc(F)cc(F)c2)c(Br)c1,0.19014955350397936,2.6878052286433665,6.151367723620259
CC[C@H]1OC(=O)[C@H](C)[C@@H](O[C@H]2C[C@@](C)(OC)[C@@H](O)[C@H](C)O2)[C@H](C)[C@@H](O[C@@H]2O[C@H](C)C[C@H](N(C)C)[C@H]2O)[C@](C)(O)C[C@@H](C)CN(CCCNC(=O)[C@@]2(O)[C@H](C)C[C@H]3[C@@H]4CCC5=CC(=O)C=C[C@]5(C)[C@@]4(F)[C@@H](O)C[C@@]32C)[C@H](C)[C@@H](O)[C@]1(C)O,0.1009005691931049,7.440428992576842,7.1167408728954005
C[C@H](NC(=O)C(C)(F)F)[C@H](Oc1ccc2c(cnn2-c2cccc(C(=O)N[C@@H]3CCOC3)c2)c1)c1ccc2c(c1)OCCO2,0.2865814910533015,3.9631402915986786,7.613825702307718
CC1(C)Nc2c(cc(-c3cccc4nccn34)c3c2CCC3)C(C)(C)C1=O,0.69371005779412,3.1995951926072523,7.34383764816364
CC#C[C@]1(O)CC[C@H]2[C@@H]3CCC4=CC(=O)CCC4=C3[C@@H](c3ccc(N(C)Cc4cccc(C(=O)O)c4)cc3)C[C@@]21C,0.4072473240282741,4.401273276516268,7.677795805308289
CCc1nn(-c2ccccc2)c2ncc(C(=O)Nc3ccc(Cl)cc3)c(Cl)c12,0.47963903015417375,2.2512873523549697,5.701952620082342
C[C@]12C=CC(=O)C=C1[C@@H](F)C[C@H]1[C@@H]3C[C@H]4O[C@H](c5ccc(Sc6cccc(N)c6)cc5)O[C@@]4(C(=O)CO)[C@@]3(C)C[C@H](O)[C@@]12F,0.39576805434848333,5.129707672013348,7.722736772752363
CC(C)(C(=O)NN)[C@H]1c2ccccc2Oc2nc(-c3ccc(-n4cnnn4)cc3)ccc21,0.29170403068562645,3.342101268164795,5.590771342709304
Cc1ccc(F)cc1C(C)(C)C[C@@](O)(Cc1cc2ncncc2[nH]1)C(F)(F)F,0.6204901730538112,3.4297873362297953,7.766989567274005
C[C@]12Cc3cnn(-c4ccc(F)cc4)c3C=C1CCC[C@@H]2[C@@H](O)c1cc2ccccc2s1,0.3815063684316676,3.786480539321502,7.762552011956987
CN(C(=O)C1(C)CC2c3ccccc3C1c1ccccc12)c1nccs1,0.6579995796600329,3.927193374610245,5.66825236325198
CC#C[C@]1(O)CC[C@H]2[C@@H]3CCC4=CC(=O)CCC4=C3[C@@H](c3c(F)cc(OC)cc3OC)C[C@@]21C,0.6006939225966953,4.518429220484579,8.150261072131029
C[C@@H]1C[C@H]2[C@@H]3CCC4=CC(=O)C=C[C@]4(C)[C@H]3[C@@H](O)C[C@]2(C)[C@@]1(O)C(=O)CSc1nc2ccccc2n1C,0.5774084142616833,4.576172458062944,7.448242390238899
NC(=O)C[C@H]1COc2cc(Cl)ccc2N1C(=O)c1ccc2c(c1)NC(=O)CO2,0.8161829029915011,3.1272815990289553,5.971399024776872
CNC(=O)NC(=O)C(C)(C)[C@@H]1c2ccc(-c3ccc(OC(C)C)nc3)nc2Oc2c(F)cccc21,0.5467474400660078,3.5639525817657844,6.1882297181692385
C[C@@H]1C[C@H]2[C@@H]3C[C@H](F)C4=CC(=O)C=C[C@]4(C)[C@@]3(F)[C@@H](O)C[C@]2(C)[C@@]1(O)C(=O)CSc1nc2ccccc2s1,0.4976970638318061,4.82632981304067,8.461524964593409
Cc1ccnc(C(=O)[C@]23Cc4cnn(-c5ccc(F)cc5)c4C=C2CCN(S(=O)(=O)c2ccc(C(F)(F)F)c(F)c2)C3)c1,0.21043872537003064,3.722066539383431,7.966346771391995
COc1ccc(F)cc1C(C)(C)CC(O)(Cc1cc2cncnc2[nH]1)C(F)(F)F,0.5933188967807059,3.3946842533948196,7.7244034461227375
C[C@]12Cc3cnn(-c4ccccc4)c3C=C1CC[C@@H]1[C@@H]2[C@@H](O)C[C@@]2(C)[C@H]1CC[C@]2(O)C(=O)CSc1nc2ncccc2o1,0.28413167025381997,4.688594393380956,8.937936362489578
C[C@H]1C[C@H]2[C@@H]3CCC4=CC(=O)C=C[C@]4(C)[C@@]3(F)[C@@H](O)C[C@]2(C)[C@@]1(OC(=O)NC1CCCC1)C(=O)CO,0.54070177174235,4.736904080575094,8.385453680053695
C[C@H](NC(=O)C(F)(F)F)[C@H](Oc1ccc2c(cnn2-c2ccc(F)cc2)c1)c1ccccc1,0.3972779756587827,3.184178663595569,9.400074979609949
Cc1nn(-c2ccccc2)c2ncc(C(=O)Nc3ccc(CO)cc3)c(Cl)c12,0.5469603092451512,2.1783077369703534,6.5034975848369045
CC(=O)NCCCOc1cccc(Oc2ccc(CN(Cc3ccccc3)c3cccc(NS(C)(=O)=O)c3C)cc2)c1,0.16888121511002588,2.536008889242794,8.259643862695706
COc1ccc(Cn2ccnc2Cn2nc(C)c3c(Cl)c(C(=O)Nc4ccc(C(F)(F)F)cc4)cnc32)cc1,0.26793403313465247,2.6669673424389284,6.964420998923185
CN1CCN(C[C@]23Cc4cnn(-c5ccc(F)cc5)c4C=C2CCN(S(=O)(=O)c2ccc(C(C)(C)C)cc2)C3)CC1,0.4445981120726442,3.4349207699813515,7.694724241767127
Cc1ccc(NC(=O)c2ccc3c(c2)CC[C@@H]2[C@@H]3[C@@H](O)C[C@]3(C)[C@@H](O)CC[C@@H]23)cn1,0.7078872968412097,3.8804857985497865,5.8493040855444205
CC(C)(CC(O)(Cc1cc2ncncc2[nH]1)C(F)(F)F)c1ccccc1S(C)(=O)=O,0.6098344874738716,3.4840044540849,7.685324155419957
C[C@]12C=CC(=O)C=C1CC[C@@H]1[C@@H]2[C@@H](O)C[C@@]2(C)[C@H]1C[C@H]1O[C@@H](c3ccc(Cc4cccc(N)c4)c(O)c3)O[C@]12C(=O)CO,0.38375304829651985,4.940438770434828,8.242108854878062
CCC(C)NC(=O)O[C@]1(C(=O)CO)[C@@H](C)C[C@H]2[C@@H]3CCC4=CC(=O)C=C[C@]4(C)[C@@]3(F)[C@@H](O)C[C@@]21C,0.5432033652081715,4.852958907306513,8.856936281803305
CC(C)(C)C(=O)NCC(C)(C)[C@@H](c1ccccc1)c1ccc2c(cnn2-c2ccc(F)cc2)c1,0.3599218842785197,3.0734399528160603,7.11923695773458
Cc1noc(=O)c2ccc(NC(=O)C(O)(CC3CCCc4cc(F)ccc43)C(F)(F)F)cc12,0.5595154352650922,3.6602390295323612,5.841433966755256
CCC1(CC(O)(CNC(=O)c2cnn(-c3ccc(F)cc3F)c2N)C(F)(F)F)CCCc2ccccc21,0.3877957670869432,3.8021069172179622,8.164971304227281
O=c1[nH]c(=O)c(Cc2ncccn2)c([C@H]2CC[C@@H](c3ccccc3)CC2)[nH]1,0.7464380094110551,2.6274379384689865,5.439619118157176
Cn1c(SCC(=O)[C@@]2(O)CC[C@H]3[C@@H]4CCC5=CC(=O)C=C[C@]5(C)[C@H]4[C@@H](O)C[C@@]32C)nc2ccccc21,0.6028019897322916,4.425744920850471,7.40289030308202
O=C(O)Cc1cc(Br)c(N(Cc2ccc(Oc3ccccc3F)cc2)Cc2cc(F)cc(F)c2)c(Br)c1,0.20140733368846858,2.6456543410694007,6.761501617268792
O=C(c1ccco1)N1CCCc2cc(NS(=O)(=O)c3cccs3)ccc21,0.7384298585220573,2.339503951002122,4.589307746274578
C[C@]12C=CC(=O)C=C1[C@@H](F)C[C@H]1[C@@H]3C[C@H]4O[C@@H](c5ccc(Oc6ccc(N)cc6)c(O)c5)O[C@@]4(C(=O)CO)[C@@]3(C)C[C@H](O)[C@@]12F,0.35562936650900795,5.114963018046769,8.37068044313704
CC(C)(C(=O)Nc1nccs1)C(c1ccccc1)c1ccc2nncn2c1,0.570885126705247,3.248810097846138,5.7447340108948435
COc1ccc(F)cc1C(C)(C)CC(O)(CNc1ccc2c(=O)onc(C)c2c1)C(F)(F)F,0.4885801943838338,3.3385503393079707,7.250957066764465
CC(=O)[C@H]1[C@H](C#N)C[C@H]2[C@@H]3CC=C4C[C@@H](O)CC[C@]4(C)[C@H]3CC[C@@]21C,0.7247440803713315,4.554724811119387,5.241048874519346
CC[C@@H]1C[C@](O)(C(F)(F)F)[C@@H](Nc2cccc3nc(C)ccc23)c2ccc(F)c(O)c21,0.46073421106126256,3.825669483450164,7.6282257431108835
C=C1CCC(C)(C)C1Cc1cc(OC)c(Br)cc1O,0.8165188604031121,3.367078711276454,5.5647458751353716
Cc1cc(C)c(S(=O)(=O)NC(C)CS(=O)(=O)c2cccc3c2cnn3-c2ccc(F)cc2)c(C)c1,0.39724877927524593,3.090070018324071,6.784470032691349
O=C(Nc1ccc(Cl)cc1)c1cnc2c(cnn2Cc2nccn2Cc2ccccc2)c1Cl,0.3609636712021472,2.4479482569365807,6.537548652101826
Cn1ccc(S(=O)(=O)N2CCC3=Cc4c(cnn4-c4ccc(F)cc4)C[C@]3(C(=O)c3cc(C(F)(F)F)ccn3)C2)n1,0.25826790792021065,3.898946415235648,7.807334776989101
COc1c(O)ccc2c1-c1ccc3c(c1/C(=C/c1ccccc1F)O2)C(C)=CC(C)(C)N3,0.47563213308830604,2.971760203934398,8.77749148638756
CC#C[C@]1(O)CC[C@H]2[C@@H]3CCC4=CC(=O)CCC4=C3[C@@H](c3ccc(-c4ccc(OC)cc4)cc3)C[C@@]21C,0.4686415523980534,4.19401217374306,8.915741208428848
CNC(=O)NC(=O)C(C)(C)[C@@H]1c2ccc(-c3ccc(C(=O)N4CCCC4)cc3)nc2Oc2c(F)cccc21,0.516799833117043,3.373267362752264,5.884791133091044
CC/C(=C1/c2ccccc2COc2ccccc21)c1cccc(NS(C)(=O)=O)c1,0.6391069170463783,2.528665848305284,6.354109153822222
C=CCC1Oc2cccc(Cl)c2-c2ccc3c(c21)C(C)=CC(C)(C)N3,0.6133135378944008,3.4953041972058916,6.773549950001092
Cc1cccc(Cn2nc(C)c3c(Cl)c(C(=O)Nc4ccc(C(F)(F)F)cc4)cnc32)n1,0.44226459306566945,2.5147854243319774,6.623608738967567
CNC(=O)c1ccccc1CC[C@]1(O)CCC2=Cc3c(cnn3-c3ccc(F)cc3)C[C@@]21C,0.6088143363214459,3.58333937844695,8.374816389986302
Cn1cnc2c(Cl)c(C(=O)Nc3ccc(C(F)(F)F)cc3)cnc21,0.759110697962771,2.3908901466473598,5.565527652247462
CC(C)(C(N)=O)[C@@H]1c2ccc(-c3ccc(C(=O)N4CCCCC4)cc3)nc2Oc2c(F)cccc21,0.5599075853309124,3.229922028813581,5.748249615507505
CS(=O)(=O)C[C@H]1COc2cc(F)ccc2N1C(=O)c1ccc2c(c1)NC(=O)CO2,0.809584054378687,3.2541594454320375,5.881836672093241
C[C@H]1c2c(cc(F)c(-c3cccc4cc[nH]c34)c2F)NC(C)(C)[C@@H]1OC(=O)Nc1ccccc1,0.30660127299328,3.676297541265626,7.54504816579702
O=C(c1nccs1)[C@]12Cc3cnn(-c4ccc(F)cc4)c3C=C1CCN(S(=O)(=O)c1ccc(Cl)c(Cl)c1)C2,0.28000303396506715,3.6371916019087465,7.1165408487737585
CC(C)S(=O)(=O)c1ccc(-c2ccc3c(n2)Oc2c(F)cccc2[C@@H]3C(C)(C)C(=O)NC(N)=O)cc1,0.5179805404107344,3.4745465226118606,6.041939549484543
CCC(O)(Cc1cc2ccncc2[nH]1)CC(C)(C)c1cc(F)ccc1OC,0.6302136389122798,3.3113484173727654,7.386025856457187
CC(=O)c1ccc(-c2ccc3c(n2)Oc2ccccc2[C@@H]3C(C)(C)C(=O)Nc2nncs2)cc1F,0.35458906707743276,3.423238112729665,6.1193918959434255
CN(C)C[C@]12Cc3cnn(-c4ccc(F)cc4)c3C=C1CCN(S(=O)(=O)c1ccc(C(C)(C)C)cc1)C2,0.4788252201234533,3.374673279168631,7.654176962935465
C[C@@H]1C[C@H]2[C@@H]3CCC4=CC(=O)C=C[C@]4(C)[C@@]3(F)[C@@H](O)C[C@]2(C)[C@H]1C(=O)CO,0.7771649436279086,4.695790722010068,7.410947884155271
Oc1ccc(C2=CCCC[C@]23C=Cc2c(cnn2-c2ccc(F)cc2)C3)cc1,0.6412646919604281,3.8326309472893723,7.064686155753542
C[C@]12Cc3cnn(C4CCCCC4)c3C=C1CC[C@@H]1[C@@H]2[C@@H](O)C[C@@]2(C)[C@H]1CC[C@]2(O)C(=O)CO,0.6265961684490652,4.601677805181093,8.465370386273019
Cc1c(S(=O)(=O)NCC(O)(CC2(C)CCCc3ccccc32)C(F)(F)F)cnn1-c1ccccc1,0.49548135193986725,3.6702232703551747,7.7287135645430345
COc1ccc(F)cc1C(C)(C)CC(O)(Cn1cc(C)nc1C)C(F)(F)F,0.7505353424868412,3.2973330414247695,6.277093161271989
Cc1nn(-c2ccccc2)c2ncc(C(=O)Nc3ccc(Br)cc3)c(Cl)c12,0.4631012262405768,2.1460961916082493,6.541805351952164
C[C@]12Cn3cnc(-c4ccc(F)cc4)c3C=C1CCC[C@@H]2[C@](C)(O)c1ccsc1,0.5892132006372984,4.230724816835382,6.235585966875567
COc1c(O)ccc2c1-c1ccc3c(c1/C(=C/c1ccccc1C)O2)C(C)=CC(C)(C)N3,0.4701245990165424,2.960149434703629,9.059140505000743
Cc1c(NS(C)(=O)=O)ccc(C(=O)N(C)C)c1N(Cc1ccccc1)Cc1ccccc1,0.5551673758621419,2.3930715090337937,5.782849297314615
O=C(c1cccnc1)[C@]12Cc3cnn(-c4ccc(F)cc4)c3C=C1CCN(S(=O)(=O)c1ccc(C(F)(F)F)cc1)C2,0.23475328080414942,3.52062130048533,7.096629256391853
CC(C)(c1nc2nccnc2[nH]1)[C@@H]1c2ccc(-c3ccc(S(C)(=O)=O)cc3)nc2Oc2c(F)cccc21,0.35138045483458796,3.686629685868726,5.648811738966324
CC(C)S(=O)(=O)c1ccc(-c2ccc3c(n2)Oc2c(F)cccc2[C@@H]3C(C)(C)c2nc3nccnc3[nH]2)cc1,0.2915240949195116,3.7692105532184277,5.624594967193322
COc1cc(Cn2nc(C)c3c(Cl)c(C(=O)Nc4ccc(Cl)cc4)cnc32)ncn1,0.49824979817973286,2.5612286028739373,6.571874753535706
Cc1cc(-c2cccc3cc[nH]c23)c(/C=N/OC(C)(C)C)c2c1NC(C)(C)[C@H](O)[C@H]2C,0.3622548406307795,4.075618744073966,7.942379048603455
CC(C)(C(=O)Nc1nncs1)C(c1ccccc1)c1ccc2c(cnn2-c2ccccn2)c1,0.38718319189197986,3.232957097086709,6.839974398729067
CC(C)[C@H](NC(=O)CCN1C(=O)C=CC1=O)C(=O)N[C@@H](C)C(=O)Nc1ccc(Oc2ccc([C@@H]3O[C@@H]4C[C@H]5[C@@H]6CCC7=CC(=O)C=C[C@]7(C)[C@H]6[C@@H](O)C[C@]5(C)[C@]4(C(=O)CO)O3)cc2)cc1,0.169932790612117,5.497534622218734,7.8473360867317785
Cc1ccc(F)cc1C(C)(C)CC(O)(Cc1cc2nccnc2[nH]1)C(F)(F)F,0.6204901730538112,3.4401045427075285,6.43317333292397
Cc1nn(-c2ccc(Br)cc2)c2ncc(C(=O)Nc3ccc(C(F)(F)F)cc3)c(Cl)c12,0.34685267868841224,2.360160769792021,6.4773339728364245
Cc1cc(C)c(S(=O)(=O)NC(Cc2c[nH]c3cccc(C)c23)C(F)(F)F)c(C)c1,0.6148914663023146,3.111591661079638,5.601687514803502
CC(C)(C(=O)Nc1nncs1)[C@H](c1ccccc1)c1ccc2c(cnn2-c2cccnc2)c1,0.38718319189197986,3.2495479624713246,6.894876744546241
COc1ccc(NC(=O)c2cnc3c(c(C)nn3Cc3nnc[nH]3)c2Cl)cc1,0.535368793113729,2.791553890816509,6.597120229808608
C#C[C@]1(O)CC[C@H]2[C@@H]3CCC4=CC(=O)CC[C@@H]4[C@H]3CC[C@@]21C,0.6950885218084817,4.37485513467548,6.522044831166807
O=C(c1cscn1)[C@]12Cc3cnn(-c4ccc(F)cc4)c3C=C1CCN(S(=O)(=O)c1ccc(C(F)(F)F)cc1)C2,0.2306675707753623,3.6894164851487483,7.156439581074824
CC[C@@]12C[C@@](C)(O)[C@](O)(c3ccccn3)C[C@H]1CCc1cc(O)ccc12,0.7732751145456047,4.030805238354629,8.487229137193305
O=C(c1nccs1)[C@]12Cc3cnn(-c4ccc(F)cc4)c3C=C1CCN(S(=O)(=O)c1ccc(C(F)(F)F)cc1)C2,0.2306675707753623,3.6622596437600485,7.117536952367607
CC(CNS(=O)(=O)CC(F)(F)F)[C@@H](c1ccccc1)c1ccc2c(cnn2-c2ccc(F)cc2)c1,0.32570504297828773,3.4472182176758945,7.041544568495427
CC[C@@H](Cc1ccc(O)c(C)c1)NS(=O)(=O)c1c(C)cc(C)cc1C,0.8192372263885839,2.741174284133889,6.434119105839346
CC(C)(C(=O)NC(N)=O)[C@@H]1c2ccc(-c3ccc(C(=O)N4CCCC4)nc3)nc2Oc2c(F)cccc21,0.5544876485894625,3.4978627374325475,6.042997204496301
CC(C)(C)Oc1ccc(-c2ccc3c(n2)Oc2c(F)cccc2[C@@H]3C(C)(C)c2nc3nccnc3[nH]2)cc1,0.28223641264651217,3.728672371139515,5.534581224219744
CC1=CC(C)(C)Nc2ccc3c(c21)C(c1ccc(C)cc1)Oc1ccccc1-3,0.5133983654365625,3.054682730966638,6.6029084984857285
COc1ccc(F)cc1C(C)(C)CC(O)(Cc1cc2ncncc2[nH]1)C(F)(F)F,0.5933188967807059,3.3889968142516835,7.615351161027438
CC(C)C[C@](CCO)(C[C@H](O)CNC(=O)COCCOCCNC(=O)[C@@]1(O)[C@H](C)C[C@H]2[C@@H]3CCC4=CC(=O)C=C[C@]4(C)[C@@]3(F)[C@@H](O)C[C@@]21C)NCc1ccccc1,0.09661320110923555,5.457095303451984,7.28525330194154
COc1cc(C)c(C)cc1S(=O)(=O)Nc1ccc2c(c1)CCCN2C(=O)C1CCCCC1,0.6890415567126095,2.366118665472861,4.397404873417283
COc1ccc(F)cc1C(C)(C)CC(O)(Cc1cc2cc(S(C)(=O)=O)ncc2[nH]1)C(F)(F)F,0.48362240534120715,3.4943416687650313,7.402411181507754
COc1c(O)ccc2c1-c1ccc3c(c1/C(=C/c1ccc(F)cc1C(=O)N(C)C)O2)C(C)=CC(C)(C)N3,0.4351155273181145,3.1710403835337244,7.923650859923458
COc1ccc(F)cc1C(C)(C)CC(O)(Cc1cc2ccc(C)cc2[nH]1)C(F)(F)F,0.490352892915971,3.1456249669054133,7.411636330817978
COc1cc(F)ccc1-c1c(CN(C)Cc2ccccc2)[nH]c2c(NS(C)(=O)=O)cc(C(C)C)cc12,0.28552277893437916,2.7795631094633,8.055962493102294
C[C@H]1c2c(cc(F)c(-c3cccc4cc[nH]c34)c2F)NC(C)(C)[C@@H]1OC(=O)Nc1cccc(C#N)c1,0.29351213141524074,3.8390567599433822,7.7365480457040094
Cc1cc(-c2cccc3cc[nH]c23)c(Cl)c2c1NC(C)(C)C(O)C2C,0.5426604769350968,3.7671181239824625,8.474615040141963
C=CCC1Oc2c(Br)ccc(OC)c2-c2ccc3c(c21)C(C)=CC(C)(C)N3,0.5515372424349511,3.6424893404496883,6.580586387650648
C=C[C@H]1OC2(CCC3=Cc4c(cnn4-c4ccc(F)cc4)C[C@@]32C)O[C@@H]1C=C,0.7324359514159273,4.779318103574585,8.593971593031338
COc1cc(C)c(Cl)cc1S(=O)(=O)Nc1ccc2c(c1)CCCN2C(=O)c1ccc(C)cc1,0.528630616896132,2.2908122828563133,5.081044680870498
CC#C[C@@]1(O)CC[C@@]2(CC)c3ccc(OCc4ccncc4)cc3CC[C@@H]2C1,0.7800409082995242,3.8197931736808677,7.5266043390102535
C[C@]12C=CC(=O)C=C1[C@@H](F)C[C@H]1[C@@H]3C[C@H]4O[C@H](c5ccc(CSc6cccc(N)c6)cc5)O[C@@]4(C(=O)CO)[C@@]3(C)C[C@H](O)[C@@]12F,0.29221289859472294,5.0973223499149,7.8457609662598
COc1cc(Cc2ccc([C@H]3O[C@@H]4C[C@H]5[C@@H]6C[C@H](F)C7=CC(=O)C=C[C@]7(C)[C@@]6(F)[C@@H](O)C[C@]5(C)[C@]4(C(=O)CO)O3)cc2)ccc1N,0.39599314275636266,5.073622765924059,7.9192827887452175
CCCN(CC(O)(CNC(=O)c1cnn(-c2ccc(F)cc2)c1N)C(F)(F)F)C(=O)c1c(F)cccc1F,0.3581480496627934,3.3481834739525596,7.783485238504403
CC(C)(CC(O)(CNc1cccc2c(=O)[nH]ccc12)C(F)(F)F)c1cccc(F)c1O,0.4287626004102485,3.3350968844118665,8.161354487171506
Cc1c(NS(C)(=O)=O)cccc1N(Cc1ccccc1)Cc1cccc(Cl)c1,0.5756681511782069,2.139180280787297,6.769608030312632
Cc1nn(CC2CCN(C)CC2)c2ncc(C(=O)Nc3ccc(Cl)cc3)c(Cl)c12,0.652633177124401,2.4368290866244138,6.676657460857192
CC1(C(=O)Nc2nccs2)CC2(Cl)c3ccccc3C1c1ccccc12,0.6267677009099867,3.9608192207640913,5.975632530828567
CC(=O)O[C@]1(C(C)=O)CC[C@H]2[C@@H]3C=C(C)C4=CC(=O)CC[C@]4(C)[C@H]3CC[C@@]21C,0.6541950145872741,4.46161495229374,7.544088928617397
C#C[C@]1(O)CC[C@H]2[C@@H]3CCC4=CC(=O)CCC4=C3[C@@H](c3ccc(N(C)CCCC(=O)N(C)C4CC[C@@]5(C)[C@@H](C4)C[C@@H](O)[C@@H]4[C@@H]5C[C@H](O)[C@]5(C)[C@@H]([C@H](C)CCC(=O)O)CC[C@@H]45)cc3)C[C@@]21C,0.16163758352537688,6.057453570891599,7.523876785057138
C=CCOc1ccc2c(c1OC)-c1ccc3c(c1C(CC=C)O2)C(C)=CC(C)(C)N3,0.5556901873248226,3.610688092668539,6.610708982240753
Fc1ccc(CC23Cc4cnn(-c5ccc(F)cc5)c4C=C2CCN(Cc2ccccc2)C3)cc1,0.34721262171066286,3.0782744899446834,7.109277742845684
Cc1cc(C)c(S(=O)(=O)N[C@@H](C)CNc2cccc3c2cnn3-c2ccccc2)c(C)c1,0.4285668175481275,2.878721736392217,8.679743529877433
CCN(CC)c1cc2oc(=O)ccc2cc1-c1ccccc1,0.6721859739688671,2.188204675868077,5.512138107325776
COc1ccc(F)cc1C(C)(C)CC(O)(Cc1ccccc1C)C(F)(F)F,0.6808822227910496,2.90411557121892,6.406757487312235
COC(=O)C1=C(C)NC(C)=C(C(=O)OC(C)(C)C)[C@@H]1c1cccc([N+](=O)[O-])c1,0.4786154230409031,2.8381702829416895,5.661737727920336
Cc1cc(C)c(S(=O)(=O)N[C@@H](C)CNc2cccc3c2cnn3-c2ccc(F)c(C)c2)c(C)c1,0.3823228246948914,3.0533723793816545,8.45883753493686
CCC1(CC(O)(CNc2cccc3nc(C)ccc23)C(F)(F)F)CCCc2ccccc21,0.4693549425992648,3.5752665566231627,7.968223338729029
Cc1cc(C)c(S(=O)(=O)N[C@@H](C)CNc2cc(C)cc3c2cnn3-c2cccc(NC(C)C)c2)c(C)c1,0.2578518014215881,3.223161101511904,8.127064711589185
COc1ccc(F)cc1C(C)(C)CC(O)(Cc1cc(C)cc(C)c1)C(F)(F)F,0.636939821955162,3.0005856675570737,7.101460030089886
CCCNS(=O)(=O)c1ccc(-c2ccc3c(cnn3-c3ccc(F)cc3)c2)c(C(F)(F)F)c1,0.3711520716072178,2.447415292889758,5.037332943112617
COc1c(O)ccc2c1-c1ccc3c(c1/C(=C/c1cccc(-c4ccccc4)c1)O2)C(C)=CC(C)(C)N3,0.3055420977446404,2.903576335040597,8.631437613281985
COc1ccc(CNC(=O)NC(=O)C(C)(C)[C@@H]2c3ccc(-c4ccc(C(C)(C)O)cc4)nc3Oc3c(F)cccc32)cc1,0.23189902111374266,3.4726338470757394,6.106744452745959
CC(=O)N[C@@H](C)[C@H](Oc1ccc2c(cnn2-c2ccc(F)cc2)c1)c1ccccc1,0.5026928899019651,3.0014821743357203,8.56476402680491
Cc1nc(NC(=O)C2(C)CC3c4ccccc4C2c2ccccc23)sc1C,0.6536810645282146,3.6854440767548358,5.731852580463216
CC(C)Oc1ccc(-c2ccc3c(n2)Oc2c(F)cccc2[C@@H]3C(C)(C)C(=O)NC(N)=O)cc1,0.5457297170151807,3.359157322098513,6.1180364992941625
C[C@]12C=CC(=O)C=C1[C@@H](F)C[C@H]1[C@@H]3C[C@H]4CN(Cc5cc6ccccc6s5)C[C@@]4(C(=O)CO)[C@@]3(C)C[C@H](O)[C@@]12F,0.554781374939295,5.041174733883187,7.803388195101555
CNC(=O)c1ccc(CC[C@]2(O)CCC3=Cc4c(cnn4-c4ccc(F)cc4)C[C@@]32C)cc1,0.6088143363214459,3.4911726026695344,8.498004963974896
N#Cc1ccc(O[C@H](c2cnc(C3CC3)nc2)[C@@H](NC(=O)C(F)(F)F)C2CC2)c(Br)c1,0.6086281920376245,3.853860373033241,7.525119797774672
CN(C)c1ccc(-c2ccc3c(n2)Oc2ccccc2[C@@H]3C(C)(C)C(=O)Nc2nncs2)cc1,0.40995680263948203,3.3399674305905913,5.853321426265204
CN(C)c1ccc([C@H]2C[C@]3(C)[C@@H](CC[C@]3(O)CCCO)[C@@H]3CCC4=CC(=O)CCC4=C32)cc1,0.6521797320674587,4.277848980172495,7.465487506654564
CCOCc1c(NS(C)(=O)=O)cccc1N(Cc1ccccc1)Cc1ccccc1,0.5078138077203839,2.2689638359582265,6.728980416255741
CC(C)(CC(O)(Cn1ccc(=O)c2ccccc21)C(F)(F)F)c1cc(F)ccc1O,0.5940207551546627,3.19717368485413,8.142970241878523
COc1cccc([C@@H](Oc2ccc3c(cnn3-c3ccc(F)cc3)c2)[C@H](C)NC(=O)C(F)(F)F)c1,0.35668054108631975,3.2752956117104306,9.998061892438457
COc1cc(C[C@@H](C)[C@H](C)Cc2ccc(O)c(OC)c2)ccc1O,0.799677329311498,2.864256639196265,5.011929640437728
Cn1c(OCC(=O)[C@@]2(O)CC[C@H]3[C@@H]4CCC5=Cc6c(cnn6-c6ccc(F)cc6)C[C@]5(C)[C@H]4[C@@H](O)C[C@@]32C)nc2ccccc21,0.3126055090130494,4.69047620327807,8.79851726154608
Cc1ccc(O)c(C(C)(C)CC(O)(Cn2ccc(=O)c3ccccc32)C(F)(F)F)c1,0.6314886666752502,3.1776950523754985,8.026480977997021
O=S(=O)(c1ccccc1)N1CCC2=Cc3c(cnn3-c3ccc(F)cc3)C[C@]2(CN2CCCCC2)C1,0.510768548829729,3.2410830375255184,7.484805461443883
O=C(c1ccco1)[C@]12Cc3cnn(-c4ccc(F)cc4)c3C=C1CCN(S(=O)(=O)c1ccc(C(F)(F)F)cc1)C2,0.23251387643984106,3.5707377921603207,7.086633166876368
CC1(C)Nc2c(cc(-c3cncc4nccn34)c3c2CCC3)C(C)(C)C1=O,0.7141173679001424,3.33906786467203,7.0216661867063435
Cc1ccc2c(N[C@H]3c4ccc(F)c(O)c4[C@H](C)C[C@]3(O)C(F)(F)F)cccc2n1,0.4897896683874681,3.797357285271092,7.645639090471468
CC(C)(C(=O)NC(=O)C1CCC1)[C@@H]1c2ccc(-c3ccc(C(=O)N4CCOCC4)cc3)nc2Oc2c(F)cccc21,0.4707561087460876,3.4466040591060203,6.026583381463067
CC(C)(C(=O)Nc1nncs1)C(c1ccccc1)c1ccc2c(-c3ccc(F)cc3)ncn2c1,0.34030006432652216,3.355293896466394,5.905455843673813
CNc1ccc(Cc2ccc([C@H]3O[C@@H]4C[C@H]5[C@@H]6C[C@H](F)C7=CC(=O)C=C[C@]7(C)[C@@]6(F)[C@@H](O)C[C@]5(C)[C@]4(C(=O)CO)O3)cc2)cc1,0.4199644069584401,5.02096300925556,7.896269120455359
Cc1nn(-c2ccccc2)c2ncc(C(=O)Nc3ccc(Cl)cc3)c(F)c12,0.5563914811428445,2.198619867931928,5.651079315537461
CC(C)C[C@@H](CN(CC(=O)N[C@H](C(N)=O)[C@@H](C)O)S(=O)(=O)CCN)NC(=O)[C@H](CC(C)C)NC(=O)[C@H](Cc1c[nH]c2ccccc12)NC(=O)[C@H](CCC(N)=O)NC(=O)[C@@H](NC(=O)[C@H](Cc1ccccc1)NC(=O)[C@H](CC(=O)O)NC(=O)[C@H](CCCCNC(=O)COCCOCCNC(=O)COCCOCCNC(=O)CCC(NC(=O)CCCCCCCCCCCCCCCCC(=O)O)C(=O)O)NC(=O)[C@H](C)NC(=O)[C@H](CCCNC(=N)N)NC(=O)[C@H](CCCNC(=N)N)NC(=O)[C@H](CO)NC(=O)[C@H](CC(=O)O)NC(=O)[C@H](CC(C)C)NC(=O)[C@H](Cc1ccc(O)cc1)NC(=O)[C@H](CCCCN)NC(=O)[C@H](CO)NC(=O)[C@H](Cc1ccc(O)cc1)NC(=O)[C@H](CC(=O)O)NC(=O)[C@H](CO)NC(=O)[C@@H](NC(=O)[C@H](Cc1ccccc1)NC(=O)[C@@H](NC(=O)CNC(=O)[C@H](CCC(N)=O)NC(=O)C(C)(C)NC(=O)[C@@H](N)Cc1cnc[nH]1)[C@@H](C)O)[C@@H](C)O)C(C)C,0.00956134918518334,9.986350482110867,6.222354364681322
Cc1cc(C)c(S(=O)(=O)N[C@@H](C)CNc2cccc3[nH]ncc23)c(C)c1,0.6197183057681388,2.9192883296137886,6.109422148661221
COc1ccc(F)cc1C(C)(C)CC(O)(CNc1ccc2c(c1)COC2=O)Cc1ccccc1,0.42398993075746727,3.2063033941116057,7.110800208552047
C[C@H](NC(=O)C(C)(F)F)[C@H](Oc1ccc2c(cnn2-c2ccc(F)cc2)c1)c1ccc2c(c1)COCO2,0.36408288327502003,3.626306374231538,9.990099174921568
C=C(C)C[C@@](O)([C@@H](Nc1cccc2c(=O)[nH]ccc12)c1cc(Br)ccc1O)C(F)(F)F,0.34350058053999977,3.7787369793680847,6.998055813443814
Cc1nn(Cc2ccccn2)c2ncc(C(=O)Nc3ccc(C(F)(F)F)cc3)c(Cl)c12,0.47364462000752444,2.440779565671363,6.664318082698955
C[C@]12Cc3cnn(-c4ccccc4)c3C=C1CC[C@@H]1[C@@H]2[C@@H](O)C[C@@]2(C)[C@H]1CC[C@]2(O)C(=O)CO,0.650484929577002,4.391334535950323,9.039707162906806
Cc1c(-c2cccc3cc[nH]c23)cc2c(c1C)NC(C)(C)[C@H](O)[C@H]2C,0.578261284786813,3.7346539099356395,6.405511769452716
CC#C[C@]1(O)CC[C@H]2[C@@H]3CCC4=CC(=O)CCC4=C3[C@@H](c3ccc(N(C)CC(=O)Nc4nc(CC(=O)O)cs4)cc3)C[C@@]21C,0.35301968899389563,4.607819982442879,7.730780230959055
Cc1c(NS(C)(=O)=O)cccc1N(Cc1ccc(Oc2ccc(Br)c(OCC(=O)O)c2)cc1)Cc1ccc(F)cc1F,0.17084480157588008,2.7299092442723794,8.60946100936387
Cc1csc(NC(=O)C(C)(C)C(c2ccccc2)c2ccc3c(cnn3-c3ccc(F)cc3)c2)n1,0.29079758995676913,3.0659185183240716,6.946425545700695
CC(C)[C@H](NC(=O)C(C)(F)F)[C@H](Oc1ccc2c(cnn2-c2ccc(F)cc2)c1)c1ccccc1,0.33185214575381633,3.435357150171969,7.82578835296635
Cc1noc(=O)c2ccc(NC(=O)C(O)(CC3(C(C)C)CCCc4ccccc43)C(F)(F)F)cc12,0.524535421770705,3.843040607785783,6.754157068011859
CC(C)(C(=O)Nc1nccs1)C(c1ccccc1)c1cc(-c2ccc(F)cc2)c2ncccc2c1,0.2769309175316221,3.071356204538846,6.1433838347674525
Cc1nn(C)c2ncc(C(=O)Nc3ccc(O)cc3)c(Cl)c12,0.7123822053483628,2.207165727930768,5.9704803120477035
Cc1ncccc1NC(=O)c1ccc2c(c1)CC[C@@H]1C[C@@](O)(CCC(F)(F)F)CC[C@@]21Cc1ccccc1,0.3685781686196269,3.821056211289643,8.652774088688473
COc1ccc(F)cc1C(C)(C)CC(O)(Cn1ccc(=O)c2ncccc21)C(F)(F)F,0.5861055796983415,3.33442270858769,6.927708369201177
COc1cc(C)c(Cl)cc1S(=O)(=O)Nc1ccc2c(c1)N(C(=O)c1ccco1)CCC2,0.5985461139396265,2.4495456134167224,5.028149970988888
C=CCNC[C@]12Cc3cnn(-c4ccc(F)cc4)c3C=C1CCN(S(=O)(=O)c1ccc(C(C)(C)C)cc1)C2,0.33818919703706896,3.504047520911863,7.568070204603678
COc1ccc(Cn2ccnc2Cn2nc(C)c3c(Cl)c(C(=O)Nc4ccc(Cl)cc4)cnc32)cc1,0.301405911963275,2.5287754813826453,6.550106222924119
C=CCSCC1=CC(C)(C)Nc2ccc(-c3cccc(OC)c3)cc21,0.5193942192390367,2.7662841722546485,5.905835987011989
O=C(c1ncc[nH]1)[C@]12Cc3cnn(-c4ccc(F)cc4)c3C=C1CCN(S(=O)(=O)c1ccc(C(F)(F)F)cc1)C2,0.27760581948809426,3.700396607681082,7.274061495123498
O=C(O)Cc1cc(Br)c(N(Cc2ccc(Oc3ccc(C(F)(F)F)cc3C(F)(F)F)cc2)Cc2cc(F)cc(F)c2)c(Br)c1,0.17308479857684334,2.9731194794302915,6.277791333892738
Cc1cc(C)c(S(=O)(=O)N[C@@H](C)CNc2cc(C)cc3c2cnn3-c2cccc(F)c2)c(C)c1,0.3823228246948914,3.086071397384927,7.874619576835121
CC1C(c2ccc3c(c2)NC(=O)CO3)=C(c2ccc(F)cc2)C(=O)N1C1CC1,0.8899320613146505,3.174670498736841,5.608822481445241
CC(C)(CC(O)(Cc1ccccc1O)C(=O)Nc1ccc2c(c1)COC2=O)c1ccccc1,0.47030091712914396,3.1121416349279016,6.719144586775752
Cn1nncc1S(=O)(=O)N1CC[C@H]2Cc3c(cnn3-c3ccc(F)cc3)C[C@]2(C(=O)c2cc(C(F)(F)F)ccn2)C1,0.25935019537017623,4.3065963859682626,7.336456039206196
NS(=O)(=O)C[C@H]1COc2cc(F)ccc2N1C(=O)c1ccc2c(c1)NC(=O)CO2,0.7563780324622856,3.302538932611524,5.854576208719739
C[C@@H]1C[C@H]2[C@@H]3C[C@H](F)C4=CC(=O)C=C[C@]4(C)[C@@]3(F)[C@@H](O)C[C@]2(C)[C@@]1(OC(=O)CCCCCCCCP(=O)(O)O)C(=O)SCF,0.13172741704543864,5.24465735596552,9.836887953945418
C[C@]12C=CC(=O)C=C1CC[C@H]1[C@@H]3C[C@@H](O)[C@](O)(C(=O)CO)[C@@]3(C)C[C@H](O)[C@@]12F,0.545907213602937,4.681496557732496,6.821140513642766
COc1ccccc1Cc1c(=O)[nH]c(=O)[nH]c1[C@H]1CC[C@@H](c2ccccc2)CC1,0.6885739086076591,2.4021132731695776,5.584942377394371
CC(C)(C(=O)Nc1nccs1)C(c1ccccc1)c1ccn2cncc2c1,0.5542202245875549,3.3904438256567886,5.818524176662672
COC[C@]12Cc3cnn(-c4ccc(F)cc4)c3C=C1CCN(S(=O)(=O)c1ccccc1)C2,0.5913219460504127,3.1958512681647946,7.948428044599157
C[C@H]1c2c(cc(F)c(-c3cccc4cc[nH]c34)c2F)NC(C)(C)[C@@H]1OC(=O)Nc1ccc2c(c1)OCO2,0.28629899353170163,3.84823384675901,7.531360547347196
COc1ccc(F)cc1-c1ccc([C@@H](C)NS(=O)(=O)c2cn(C)nc2C(F)(F)F)cc1,0.5607371304495854,2.9147062250712086,6.137941280341367
CC(Cc1c[nH]c2ccccc12)NS(=O)(=O)c1ccc(Cl)c(Cl)c1,0.6867906961684543,2.5088989059082287,5.6665064740672735
COc1ncc(-n2ncc3c(NC[C@H](C)NS(=O)(=O)c4c(C)nn(C5CCCC5)c4C)cccc32)cn1,0.3402441096521365,3.4971575979566376,7.823708455334616
C=CCC1Oc2cccc(CN)c2-c2ccc3c(c21)C(C)=CC(C)(C)N3,0.7286191381959972,3.5976042147560436,6.7324026930469
Cc1cccc(-c2ccc3c(cnn3-c3ccc(F)cc3)c2)c1,0.5010898933426605,1.9002963745811812,5.124862430294908
C=CCOC(C)C1=CC(C)(C)Nc2ccc(-c3cc(F)ccc3OC)cc21,0.6664183284351387,3.335486878911227,7.191616827808582
C=CCO[C@H]1C[C@@]2(C)[C@@H](CC[C@@]2(O)C#CC)[C@@H]2CCc3cc(C(=O)Nc4cccnc4C)ccc3[C@H]21,0.43829873811675646,4.412952585682138,9.60181922014231
CC1(C)OC(=S)Nc2ccc(S(=O)(=O)N3c4ccccc4COc4cc(F)ccc43)cc21,0.5190503315487978,3.0254340500882453,5.904083500402297
Cn1cc(S(=O)(=O)N2CCC3=Cc4c(cnn4-c4ccc(F)cc4)C[C@]3(C(=O)c3cc(C(F)(F)F)ccn3)C2)cn1,0.25826790792021065,3.8044325690818024,7.877473940152428
C[C@H](NC(=O)C(F)(F)F)[C@H](Oc1ccc2c(cnn2-c2ccc(F)cc2)c1)c1cccc(O)c1,0.3842020597826735,3.3304197528040884,8.843280814985096
CC(C)C(O)(CC(C)(C)c1ccccc1)C(=O)Nc1ccc2c(c1)COC2=O,0.7403898001016519,3.134379147050552,6.654175566613485
CC(=O)NC(=O)C(C)(C)[C@@H]1c2ccc(-c3ccc(C(=O)N(C)C)cc3)nc2Oc2c(F)cccc21,0.599646550045992,3.3771599221702244,5.889678359300614
COCCOC[C@]12Cc3cnn(-c4ccc(F)cc4)c3C=C1CCN(S(=O)(=O)c1ccc(F)cc1)C2,0.426585839388438,3.3206651094341924,7.945375066371485
COC[C@]12Cc3cnn(-c4ccc(F)cc4)c3C=C1CCN(S(=O)(=O)c1ccc(C(C)(C)C)cc1)C2,0.48693990029683154,3.3283198909691034,7.626238446693337
O=C(c1ccccn1)[C@]12Cc3cnn(-c4ccc(F)cc4)c3C=C1CCN(S(=O)(=O)c1ccc(C(F)(F)F)c(F)c1)C2,0.22426116291515275,3.6589565233955303,7.274669607216797
CC(C)(C)C#C[C@]1(O)CC[C@H]2[C@@H]3CCC4=CC(=O)CC[C@@H]4[C@H]3[C@@H](c3ccc(N4CCOCC4)cc3)C[C@@]21C,0.48093231152838556,4.632486205285925,7.9337604536089765
Fc1ccc(CC23Cc4cnn(-c5ccc(F)cc5)c4C=C2CCN(Cc2ccccn2)C3)cc1,0.38129525736699105,3.217677029153048,7.139095148257589
CC(C)(C(=O)NC(N)=O)[C@H]1c2ccccc2Oc2nc(-c3ccc(C(=O)N4CCCC4)cc3)ccc21,0.5680718574564969,3.1923579179392227,5.621604538514372
Cc1c2c(cc(-c3cccc4cc[nH]c34)c1C(F)(F)F)[C@H](C)[C@@H](O)C(C)(C)N2,0.4911220192424028,3.9000580269060823,6.461838991739236
C[C@]12Cc3cnn(-c4ccc(F)cc4)c3C=C1CCC[C@@H]2[C@@H](O)c1ccc(Cl)cc1,0.5497331347168682,3.585891802483885,7.975829483954237
CN(C)c1ccc([C@H]2C[C@@]3(C)[C@@H](CC[C@@]3(O)C#CC(F)(F)F)[C@@H]3CCC4=CC(=O)CC[C@]4(C)[C@H]32)cc1,0.48748059508843267,4.699778210333266,7.415309064894657
C[C@H]1C(=O)C(C)(C)Nc2ccc3c(c21)[C@H](c1ccccc1)Oc1ccccc1-3,0.5967683450964146,3.456586397351426,6.302921061384115
CCCS(=O)(=O)NCC(C)(C)[C@@H](c1ccccc1)c1ccc2c(cnn2-c2ccc(F)cc2)c1,0.33729082742486816,3.1236836825731444,6.87179167537004
CCc1ccc([C@H]2C[C@@]3(C)[C@@H](CC[C@@]3(O)C#CC(C)(C)C)[C@@H]3CCC4=CC(=O)CCC4=C32)cc1,0.4900228798995214,4.392290758946119,7.05056122612363
Cc1noc(=O)c2ccc(NC(=O)C(O)(CC3CCCc4c3cccc4[N+](=O)[O-])C(F)(F)F)cc12,0.40431076601262456,3.805632915478091,5.881823843751897
COc1c(O)ccc2c1-c1ccc3c(c1/C(=C/c1ccc(O)cc1)O2)C(C)=CC(C)(C)N3,0.4495036992037628,2.974854050088245,8.787049565200943
CO/N=C1/c2c(cc(F)c(-c3cccc4c(Cl)c[nH]c34)c2F)NC(C)(C)C1O,0.5419607338618704,3.879109816381222,7.547805214115157
C[C@H](NS(=O)(=O)C1CC1)[C@H](Oc1ccc2c(cnn2-c2ccc(F)cc2)c1)c1ccc(S(C)(=O)=O)cc1,0.3398041981188725,3.4431243578013664,8.89440127265591
CCn1cc(S(=O)(=O)N2CCC3=Cc4c(cnn4-c4ccc(F)cc4)C[C@]3(C(=O)c3cc(C(F)(F)F)ccn3)C2)cn1,0.23788805944376715,3.82624505012304,7.854154144133752
Cc1ccc(F)cc1C(C)(C)CC(O)(Cc1cc2ccncc2[nH]1)C(F)(F)F,0.5835516103966121,3.3066130447318196,7.894144279827939
CC(C)(C(=O)Nc1nncs1)C(c1ccccc1)c1ccc2c(cnn2Cc2ccccc2)c1,0.33160432935157624,3.091575072433285,6.068850319304117
COCCn1ccnc1Cn1nc(C)c2c(Cl)c(C(=O)Nc3ccc(C(F)(F)F)cc3)cnc21,0.4086370610493455,2.7108259507226116,7.035053648007065
C[C@]12Cc3cnn(-c4ccc(F)cc4)c3C=C1CC[C@@]2(O)CCc1ccccc1C(N)=O,0.6348935985783892,3.569441721458327,8.455318142135779
C[C@]12CCC(=O)C=C1CC[C@@H]1[C@@H]2CC[C@@]2(C)[C@H]1CC[C@]2(C)O,0.7253305311285855,4.021651538694518,6.0331437235632475
Cc1ccc(-c2ccc3c(n2)Oc2ccccc2[C@@H]3C(C)(C)C(=O)Nc2nncs2)cc1,0.43145309309860186,3.2367485925795094,5.874754675910441
C[C@]12Cn3cnc(-c4ccc(F)cc4)c3C=C1CCC[C@@H]2[C@](C)(O)c1ccc(F)cc1,0.5694794120591837,3.9681330971893667,6.145795779765553
C[C@]12C=CC(=O)C=C1[C@@H](F)C[C@H]1[C@@H]3C[C@H]4O[C@H](c5ccc(Cc6cccc(N)c6)cc5)O[C@@]4(C(=O)CO)[C@@]3(C)C[C@H](O)[C@@]12F,0.42967174555566673,5.032395101656876,7.6853645048191765
COc1nc(C2=NN(c3ccc(C#N)c(C)c3)[C@@H](C3CCCC3)C2)ccc1C(N)=O,0.8220233057834071,3.3570558366892245,5.069690564450784
O=C(c1cc(C(F)(F)F)ccn1)[C@]12Cc3cnn(-c4ccc(F)cc4)c3C=C1CCN(S(=O)(=O)c1cn[nH]c1)C2,0.2852500150787748,3.849041808497965,7.2339676049097505
Cc1nn(C2CCN(CCO)CC2)c2ncc(C(=O)Nc3ccc(C(F)(F)F)cc3)c(Cl)c12,0.5676624313800145,2.5864457276723662,6.64579515405556
CC(C)(C(=O)Nc1nncs1)C(c1ccccc1)c1ccc2c(-c3cccc(CO)c3)ncn2c1,0.3343253092977554,3.4451297003499652,5.913021365635299
Cn1c(=O)[nH]c(N2CCC(O)CC2)c(Cc2cccc(C(F)(F)F)c2)c1=O,0.8449261779007307,2.691100805912866,6.007462700459299
CCC[C@@H]1O[C@@H]2CC3C4C[C@H](F)C5=CC(=O)CC[C@]5(C)[C@@]4(F)[C@@H](O)C[C@]3(C)[C@]2(SC(CCO)C(=O)O)O1,0.4418019955222548,5.516481107083202,6.803733877930156
C[C@@H]1C[C@H]2[C@@H]3CCC4=CC(=O)C=C[C@]4(C)[C@H]3[C@@H](O)C[C@]2(C)[C@@]1(O)C(=O)CSc1nccc2ccccc12,0.5455509055340978,4.583714087867046,7.792962047757052
O=C(c1ccccn1)[C@]12Cc3cnn(-c4ccc(F)cc4)c3C=C1CCN(S(=O)(=O)c1cccc(Cl)c1)C2,0.3289806787399289,3.4640839213629926,7.198091766720525
CC(C)c1ccc(NC(=O)c2cnc3c(cnn3C3CCN(C(=O)OC(C)(C)C)CC3)c2Cl)cc1,0.4747845486740395,2.60394292876871,6.778349843480412
C[C@]12C=CC(=O)C=C1CC[C@H]1[C@@H]3C[C@H]4O[C@@H](c5ccc(NCc6ccc(N)cc6)nc5)O[C@@]4(C(=O)CO)[C@@]3(C)C[C@H](O)[C@@]12F,0.3607100574237726,4.981455596055601,7.860958612463187
CC(Cc1c[nH]c2ccccc12)NS(=O)(=O)c1cc(Cl)c(Cl)cc1Cl,0.5714006690062367,2.670587083015734,6.016487979297435
CNC(=O)NC(=O)C(C)(C)[C@@H]1c2ccc(-c3ccc(C(C)(C)O)cc3)nc2Oc2c(F)cccc21,0.49957728121470785,3.497974826016379,6.183495755629865
CC(C)(C(=O)Nc1nccs1)C(c1ccccc1)c1ccc2c(-c3ccc(F)c(Cl)c3)ncn2c1,0.2693972603704198,3.3684168260163787,6.153137937607254
COc1ccc(F)cc1C(C)(C)CC(O)(Cc1cc2c(C(F)(F)F)cccc2[nH]1)C(F)(F)F,0.39633857185167126,3.305725584848947,6.993197074306169
Cc1nn(Cc2ccccc2)c2ncc(C(=O)Nc3ccc(C(C)C)cc3)c(Cl)c12,0.44403947231730034,2.1943886028739357,6.613828639273714
CC(C)S(=O)(=O)c1cc2cc(CC(O)(CC(C)(C)c3ccc(F)cc3C(N)=O)C(F)(F)F)[nH]c2cn1,0.3774994442622349,3.72906099009926,6.910844186815769
Cc1c(NS(C)(=O)=O)cccc1N(Cc1ccccc1)Cc1ccc(Oc2cccc(CCNC(=O)CCCC(=O)O)c2)cc1,0.13325790596036996,2.6255460770584556,8.217099686719825
COCc1ccsc1/C=C1\Oc2ccc(O)c(OC)c2-c2ccc3c(c21)C(C)=CC(C)(C)N3,0.4487603807376622,3.322375536713257,9.513596662258841
Cc1c[nH]c2c(-c3c(F)cc4c(c3F)/C(=N/OCc3ccccc3)CC(C)(C)N4)cccc12,0.33448727558911767,3.0949222237941925,7.934947342678085
CC(C)(c1nc2ccccc2[nH]1)[C@@H]1c2ccc(-c3ccc(C(=O)N4CCOCC4)cc3)nc2Oc2c(F)cccc21,0.2791800765932718,3.443394578019154,5.9513206747818
COc1cccc(C2Oc3cccc(OC)c3-c3ccc(NS(C)(=O)=O)cc32)c1,0.6803468508594924,2.797785816080358,8.077130750159677
CCS(=O)(=O)NCC(C)(C)[C@@H](c1ccccc1)c1ccc2c(cnn2-c2ccc(F)cc2)c1,0.3859644341007341,3.1007818334390675,6.873790782618077
CC#C[C@]1(O)CC[C@H]2[C@@H]3CCC4=CC(=O)CCC4=C3[C@@H](C3CCCCC3)C[C@@]21C,0.5766792112747631,4.500304002219245,7.619835916580597
C[C@]12C=CC(=O)C=C1[C@@H](F)C[C@H]1[C@@H]3C[C@H]4O[C@H](c5ccc(CSc6ccc(N)c(Cl)c6)cc5)O[C@@]4(C(=O)CO)[C@@]3(C)C[C@H](O)[C@@]12F,0.2583777899682764,5.154987309193288,7.565579317582379
O=c1[nH]c(=O)c(Cc2ccccn2)c([C@H]2CC[C@@H](c3ccccc3)CC2)[nH]1,0.7465181394727094,2.496991395138897,5.834405862806443
Cc1nn(CC2CCOCC2)c2ncc(C(=O)Nc3ccc(Cl)cc3)c(Cl)c12,0.664308036740611,2.4543117754318935,6.690384396981303
C=CCSCC1=CC(C)(C)Nc2ccc(-c3cccc(O)c3Cl)cc21,0.4830210804265249,3.0523973900227954,6.674513946889341
CC#C[C@]1(O)C[C@H]2CCc3cc(OCc4cccnc4C)ccc3[C@]2(CC)C[C@@H]1O,0.7524279366230276,4.204321550054127,7.72315614752257
CC[C@@]12C[C@](O)(CC)[C@](O)(c3ccccc3)C[C@H]1CCc1cc(O)ccc12,0.7532380835608424,3.985916818044169,7.4702632800838
Cc1cc(C)c(S(=O)(=O)NC(Cc2c[nH]c3ccc(C)cc23)C(F)(F)F)c(C)c1,0.6148914663023146,3.005196394807448,6.396279773040292
N#Cc1cc(C(O)(c2ccc3c(cnn3-c3ccc(F)cc3)c2)C(F)(F)F)ccc1F,0.4678642111318288,3.1242684918741723,6.8938009274592105
CC(C)(C(=O)NC(N)=O)[C@H]1c2ccccc2Oc2nc(-c3ccc(C(=O)N4CCOCC4)nc3)ccc21,0.5604994070509329,3.411683312242353,5.978116753715626
CC[C@@]12C[C@H](O)[C@](O)(c3ccccc3)C[C@H]1CCc1cc(OCc3cccnc3C)ccc12,0.5674047710248875,3.8795702011994093,6.45203045242884
CC(C)Nc1ccc(-c2ccc3c(n2)Oc2c(F)cccc2[C@@H]3C(C)(C)C(=O)NC(N)=O)cn1,0.5102769123638625,3.554949302458578,6.052439983393162
C[C@H](NC(=O)CO)[C@H](Oc1ccc2c(cnn2-c2ccc(F)cc2)c1)c1ccc(S(C)(=O)=O)cc1,0.3869447415565052,3.280617903704151,9.113536904581691
C[C@]12CCC(=O)C=C1CC[C@@H]1[C@@H]2[C@@H](O)C[C@@]2(C)[C@H]1CC[C@]2(OC(=O)c1ccco1)C(=O)CSc1cnc2ccccc2n1,0.26901716813208787,4.673652512366612,8.651727076852948
CNc1cccc(Cc2ccc([C@@H]3O[C@@H]4C[C@H]5[C@@H]6C[C@H](F)C7=CC(=O)C=C[C@]7(C)[C@@]6(F)[C@@H](O)C[C@]5(C)[C@]4(C(=O)CO)O3)cc2)c1,0.4199644069584401,5.051950921343472,7.837092024555015
C[C@]12C=CC(=O)C=C1CC[C@@H]1[C@@H]2[C@@H](O)C[C@@]2(C)[C@H]1C[C@H]1O[C@@H](C3CCNCC3)O[C@]12C(=O)CO,0.5775664104356516,4.972067630884555,8.021667669399204
CC(=O)O[C@]1(C(C)=O)CCC2C3C=C(Cl)C4=CC(=O)[C@@H]5CC5[C@]4(C)C3CC[C@@]21C,0.6166116116190477,4.8266427680866775,7.706712546721052
CC[C@H](C)n1cc(-c2ccc(C#N)cc2)c2ccc(NS(C)(=O)=O)cc21,0.7201143809111002,2.8706364065368657,5.596521391449968
Cc1ccc(S(=O)(=O)NC(C)Cc2c[nH]c3ccccc23)cc1,0.7539902269436626,2.3713507728872756,5.397105116476744
C[C@H]1C[C@H]2[C@@H]3CCC4=CC(=O)C=C[C@]4(C)[C@@]3(Cl)[C@@H](O)C[C@]2(C)[C@@]1(O)C(=O)CO,0.6084933991367777,4.7079925577324975,7.526438043554974
Cc1c(NS(C)(=O)=O)cccc1N(Cc1ccccc1)Cc1ccc(Oc2ccc(CCC(=O)NCCCN3CCCC3=O)cc2)cc1,0.13342194992366174,2.764364677446581,8.460927908898036
CC(C)C[C@@H](CN(CC(=O)N[C@H](C(N)=O)[C@@H](C)O)S(=O)(=O)CCN)NC(=O)[C@H](CC(C)C)NC(=O)[C@H](Cc1c[nH]c2ccccc12)NC(=O)[C@H](CCC(N)=O)NC(=O)[C@@H](NC(=O)[C@H](Cc1ccccc1)NC(=O)[C@H](CC(=O)O)NC(=O)[C@H](CCC(N)=O)NC(=O)[C@H](C)NC(=O)[C@H](CCCNC(=N)N)NC(=O)[C@H](CCCNC(=N)N)NC(=O)[C@H](CO)NC(=O)[C@H](CC(=O)O)NC(=O)[C@H](CC(C)C)NC(=O)[C@H](Cc1ccc(O)cc1)NC(=O)[C@H](CCCCN)NC(=O)[C@H](CO)NC(=O)[C@H](Cc1ccc(O)cc1)NC(=O)[C@H](CC(=O)O)NC(=O)[C@H](CO)NC(=O)[C@@H](NC(=O)[C@H](Cc1ccccc1)NC(=O)[C@@H](NC(=O)CNC(=O)[C@H](CCC(N)=O)NC(=O)[C@H](CO)NC(=O)[C@@H](N)Cc1cnc[nH]1)[C@@H](C)O)[C@@H](C)O)C(C)C,0.009561341129187153,9.598430937336719,5.995938341521191
O=[N+]([O-])c1ccc(S(=O)(=O)N(Cc2ccccc2)c2ccc(Oc3ccccc3)cc2)cc1,0.24547312231081728,2.0233395069365816,5.283513201745746
CCCC1O[C@@H]2C[C@H]3[C@@H]4CCC5=CC(=O)C=C[C@]5(C)[C@H]4[C@@H](O)C[C@]3(C)[C@]2(C(=O)CO)O1,0.7124527920741569,4.871923918271449,8.160136056381619
CCn1cc(-n2ncc3cc(O[C@H](c4ccccc4)[C@@H](NC(=O)C(C)(F)F)C(C)C)ccc32)ccc1=O,0.3403575959749634,3.7412266729619335,6.933003187087121
C[C@]12C=CC(=O)C=C1CC[C@H]1[C@@H]3C[C@H]4O[C@@H](c5ccc(NC6(c7ccc(N)cc7)CC6)nc5)O[C@@]4(C(=O)CO)[C@@]3(C)C[C@H](O)[C@@]12F,0.3406692223616939,5.22451759061106,7.83609056894086
CC#C[C@@]1(O)CC[C@@]2(Cc3ccccc3)c3ccc(O)cc3CC[C@@H]2C1,0.7927222401187067,3.73554332361007,6.367029437426697
COc1ccc(F)cc1-c1c[nH]c2c(NC(C)=O)cccc12,0.7691826521152927,2.1459464341098347,6.83603443225187
COc1cccc2c1-c1ccc(NCc3ccccc3)cc1C(c1ccccc1)O2,0.422219928817852,2.592542877209839,6.209461660533022
CN(C)C(=O)c1ccc(-c2ccc3c(c2)Oc2ccccc2C3C(C)(C)C(=O)Nc2nncs2)nc1,0.40516309884544216,3.3459497731428414,5.887190482105871
Cc1ncccc1NC(=O)c1ccc2c(c1)CC[C@@H]1[C@@H]2[C@@H](O)C[C@@]2(C)[C@H]1CC[C@@]2(O)C#CC(C)C,0.5453853497122794,4.339979009873432,6.195297290775397
C[C@]12C=CC(=O)C=C1[C@@H](F)C[C@H]1[C@@H]3C[C@H]4O[C@@H](c5ccc(Cc6cccc(N)c6)c(O)c5)O[C@@]4(C(=O)CO)[C@@]3(C)C[C@H](O)[C@@]12F,0.3645469290548553,5.163914156508307,8.096454063882074
CNC(=O)NC(=O)C(C)(C)[C@@H]1c2ccc(-c3ccc(S(=O)(=O)C(C)C)cc3)nc2Oc2c(F)cccc21,0.4951525823449386,3.5022087741072196,6.078111451005262
CC(Cc1c[nH]c2ccccc12)NS(=O)(=O)c1ccc(-c2ccccc2)cc1,0.49925565875726574,2.388389248060653,5.526355383989542
Cc1cnc(Nc2ccc3c(c2)CC[C@@H]2C4=CC(=O)C[C@]4(C)CC[C@@]32Cc2ccccc2)c(C)n1,0.47481485274888463,4.065230791071304,5.637245872004825
COc1ccc(F)cc1C(C)(C)C[C@@](O)(CNc1cc(C)cc2c1cnn2-c1cccc(C(=O)N2CCC[C@@H]2C(N)=O)c1)C(F)(F)F,0.19013527016125242,3.866142289583136,8.237745718444232
CC(C)NC(=O)O[C@]1(C(=O)CO)[C@@H](C)C[C@H]2[C@@H]3CCC4=CC(=O)C=C[C@]4(C)[C@@]3(F)[C@@H](O)C[C@@]21C,0.5737583708768534,4.780297601688963,7.894906383041124
C=C[C@H]1CO[C@@]2(CCC3=Cc4c(cnn4-c4ccc(F)cc4)C[C@@]32C)O1,0.7653028226852779,4.592632240683275,7.810914243313822
Cc1cc(S(=O)(=O)NC(C)Cc2c[nH]c3ccccc23)c(C)cc1Cl,0.6949995481200023,2.663106146560885,5.826518623797195
C[C@H](NC(=O)C(C)(F)F)[C@H](Oc1ccc2c(cnn2-c2ccc(F)cc2)c1)c1ccc2c(c1)OCOC2,0.36408288327502003,3.6499054951106586,10.153753891261367
COc1ccc(CNC(=O)NC(=O)C(C)(C)[C@@H]2c3ccc(-c4ccc(OC(C)C)nc4)nc3Oc3c(F)cccc32)cc1,0.24761295502003294,3.5278922545773277,6.147831153029267
CCOC(=O)C1Oc2cccc(OC)c2-c2ccc3c(c21)C(C)=CC(C)(C)N3,0.7635628329648667,3.374760319724034,6.116144711211605
Cc1c(NS(C)(=O)=O)cccc1N(Cc1ccccc1)Cc1ccc(Oc2ccc(CCCC(=O)NCC(=O)O)cc2)cc1,0.152340518517991,2.583658140968751,8.64512885421752
C[C@H]1c2c(cc(F)c(-c3cccc4cc[nH]c34)c2F)NC(C)(C)[C@@H]1OC(=O)Nc1ccc(N(C)C)cc1,0.27718351900044647,3.801563640848414,7.372982637247843
C[C@]12CCC(=O)C=C1CC[C@@H]1[C@@H]2C(=O)C[C@@]2(C)[C@H]1CC[C@]2(O)C(=O)CO,0.7856923773821716,4.3171962230912015,5.76013316297853
CC(C)(C)c1ccc(S(=O)(=O)N2CCC3=Cc4c(cnn4-c4ccc(F)cc4)C[C@]3(CN3CCCC3)C2)cc1,0.42704582891838483,3.3694788843467594,7.666624353625516
CC[C@@]12C[C@H](O)[C@](O)(c3ccccc3)C[C@H]1CCc1cc(O)ccc12,0.7832692192100982,3.8066855433721276,5.860697696412951
CCN(C[C@](O)(CNc1cccc2c1cnn2-c1ccc(F)cc1)C(F)(F)F)C(=O)c1c(Cl)cccc1Cl,0.24327737906063118,3.301932224619369,8.312291649429866
CC(C)(CC(O)(Cc1cc2cc(N3CCOCC3)ncc2[nH]1)C(F)(F)F)c1cccc(F)c1,0.5164775060613279,3.3746329123041017,7.969050128487993
Cc1ccc(C[C@H](O)[C@H]2CCCC3=Cc4c(cnn4-c4ccc(F)cc4)C[C@@]32C)cc1,0.5950909385383973,3.5877807183883927,8.443309445810408
C[C@H](NS(=O)(=O)C(F)(F)F)[C@H](Oc1ccc2c(cnn2-c2ccc(F)cc2)c1)c1ccccc1,0.3632751595063887,3.3394080928850602,7.764754354704281
CN(C)CCNC[C@]12Cc3cnn(-c4ccc(F)cc4)c3C=C1CCN(S(=O)(=O)c1ccc(C(C)(C)C)cc1)C2,0.4081397632199962,3.473119563044305,7.632207380573189
C[C@@H]1C[C@H]2[C@@H]3CCC4=CC(=O)C=C[C@]4(C)[C@@]3(F)[C@@H](O)C[C@]2(C)[C@@]1(O)C(N)=O,0.6487840844915062,4.668865590292471,6.6861865257055415
Cc1ccncc1Nc1ccc2c(c1)CCC1=C3C[C@H](O)C[C@]3(C)CC[C@]12C,0.6737104852555524,4.067080609578303,5.932797874231711
CC(C)S(=O)(=O)Nc1ccc(-c2ccc3c(cnn3-c3ccc(F)cc3)c2)c(C(F)(F)F)c1,0.3587401851121122,2.524879760529144,5.118350157660795
C[C@@H](c1ccc([C@H]2O[C@@H]3C[C@H]4[C@@H]5C[C@H](F)C6=CC(=O)C=C[C@]6(C)[C@@]5(F)[C@@H](O)C[C@]4(C)[C@]3(C(=O)CO)O2)cc1)c1cccc(N)c1,0.40046782183512913,5.18625819466286,8.062705189181852
C[C@H]1C[C@H]2[C@@H]3CCC4=CC(=O)C=C[C@]4(C)[C@@]3(F)[C@@H](O)C[C@]2(C)[C@@]1(OC(=O)NC12CC3CC(CC(C3)C1)C2)C(=O)CO,0.45635065144997633,6.030365578668841,8.280626758398713
C[C@@H]1C[C@H]2[C@@H]3C[C@H](F)C4=CC(=O)C=C[C@]4(C)[C@@]3(F)[C@@H](O)C[C@]2(C)[C@@]1(OC(=O)CCCCCP(=O)(O)O)C(=O)SCF,0.18883925757291264,5.25627968362915,9.836887953945418
COc1ccc(F)cc1C(C)(C)CC(O)(Cn1ccc2ccncc21)C(F)(F)F,0.5915378759613975,3.2571113225282193,6.168626627873619
C[C@H]1CCO[C@]2(CCC3=Cc4c(cnn4-c4ccc(F)cc4)C[C@@]32C)O1,0.7671581366577762,4.369825471452506,7.729309523061873
CC[C@@H](O)CNC(=O)c1cccc(-n2ncc3cc(O[C@H](c4ccc5c(c4)OCOC5)[C@H](C)NC(=O)C(C)(F)F)ccc32)c1,0.22611962380361753,4.06115466593402,8.979020742257992
CCc1ccnc(C(=O)[C@]23Cc4cnn(-c5ccc(F)cc5)c4C=C2CCN(S(=O)(=O)c2cccc(C#N)c2)C3)c1,0.31144899737296017,3.6374946426603962,7.706878845570703
C=CCC1Oc2cccc(O)c2-c2ccc3c(c21)C(C)=CC(C)(C)N3,0.6951189739377056,3.5209670543487483,6.95318403735968
Cc1cc(NC[C@H](C)NS(=O)(=O)C2CC2)c2cnn(-c3cccc(C(=O)NC(C)C)c3)c2c1,0.4457354906641784,3.152505063063039,7.638079137088361
Cc1cccc(C(O)(c2ccc3c(cnn3-c3ccc(F)cc3)c2)C(F)(F)F)c1,0.4759181308511575,2.906636368508961,7.14028673898653
Cc1cc(C)c(S(=O)(=O)NC[C@@H](C)Nc2cc(C)cc3c2cnn3-c2ccc(F)cc2)c(C)c1,0.3823228246948914,3.097758140429117,7.902555674628073
COc1ccc(-c2cncnc2)cc1C(C)(C)CC(O)(Cc1cc2ccncc2[nH]1)C(F)(F)F,0.38636393468640795,3.437988778726991,7.8388265540403985
O=C(Nc1ccc(C(F)(F)F)cc1)c1cnc2c(c(C3CC3)nn2-c2ccccc2)c1Cl,0.39617344928187115,2.458958665472858,6.3210441314209085
CCN(C)C(=O)c1ccc(-c2ccc3c(n2)Oc2ccccc2[C@H]3C(C)(C)C(=O)Nc2nncs2)cc1Cl,0.3063517242154014,3.507075558295039,5.991539840907901
CCc1ccc(/C=C2\Oc3ccc(O)c(OC)c3-c3ccc4c(c32)C(C)=CC(C)(C)N4)cc1,0.4557903669073745,2.9316519635122624,7.85984566212194
CCc1ccccc1Cc1c(=O)[nH]c(=O)[nH]c1[C@H]1CC[C@@H](c2ccccc2)CC1,0.6676423535998833,2.474316020422325,5.500896485076921
Cc1ccc(F)cc1C(C)(C)CC(O)(Cc1cc2cc(-c3ccccc3)ncc2[nH]1)C(F)(F)F,0.30186731701907604,3.2558591224258446,7.735060597728375
CCN(CC)C[C@]12Cc3cnn(-c4ccc(F)cc4)c3C=C1CCN(S(=O)(=O)c1ccc(C(C)(C)C)cc1)C2,0.3803775070479619,3.4379337700016457,7.655166325335402
Cc1cc(F)ccc1-n1nc(C(F)(F)F)cc1-c1cc(F)c2c(c1)NC(=O)CO2,0.6355715969065334,2.7635272292135316,5.84650015296793
Cc1cc(C)c(S(=O)(=O)N[C@@H](C)COc2cccc3c2cnn3-c2ccc(F)cc2)c(C)c1,0.4223324003671695,2.893084751768983,8.051935554770631
C[C@@H]1C[C@H]2[C@@H]3C[C@H](F)C4=CC(=O)C=C[C@]4(C)[C@@]3(F)[C@@H](O)C[C@]2(C)[C@@]1(O)C(=O)SCCCCCCP(=O)(O)O,0.2487866840932138,5.188222392226191,8.820581953984835
CC1(C)C[C@](O)(C(F)(F)F)[C@@H](Nc2cccc3c(=O)[nH]ccc23)c2ccc(F)c(O)c21,0.44589431958422376,3.825482583763689,7.6360308375505825
COc1c(O)ccc2c1-c1ccc3c(c1/C(=C/c1sccc1/C(C)=N/O)O2)C(C)=CC(C)(C)N3,0.22023371972155217,3.4307020640829347,9.15186038642825
Cc1cncc(Cn2nc(C)c3c(Cl)c(C(=O)Nc4ccc(Cl)cc4)cnc32)c1,0.49578661354137193,2.419604133528729,6.575474559959644
Cc1nn(-c2ccc(F)cc2)c2ncc(C(=O)Nc3ccc(OC(C)C)cc3)c(Cl)c12,0.442514623224773,2.289579565671362,6.339134630588052
COC(=O)[C@H](C)NC(=O)O[C@]1(C(=O)CO)[C@@H](C)C[C@H]2[C@@H]3CCC4=CC(=O)C=C[C@]4(C)[C@@]3(F)[C@@H](O)C[C@@]21C,0.46814152189827696,4.873147993570746,7.727682382337219
Cc1nn(-c2ccc(F)cc2)c2ncc(C(=O)Nc3ccc(C(F)(F)F)cc3)c(Cl)c12,0.40331635161513874,2.3211323261426475,5.870943257404146
CC(C)Cc1cc2c(cc1Cl)OC[C@H](CC(N)=O)N2C(=O)c1ccc2c(c1)NC(=O)CO2,0.7160117820557574,3.352128771828692,5.972280246887054
CC1(C)OC(=O)C(c2ccc(F)cc2)=C1c1ccc2c(c1)NC(=O)CO2,0.8406939113665065,2.628252250264504,5.181141177700916
CC(C)(CC(O)(Cc1cc2ccncc2[nH]1)C(F)(F)F)c1ccccc1,0.6870318562351512,3.1257844834599426,7.979052361586717
Cc1ccc(NC(=O)c2ccc(NC(=O)c3cccc(S(=O)(=O)N4CCCc5ccccc54)c3)s2)cc1,0.3335277123622007,2.3778470171886372,5.875894781844451
Cc1nn(C2CCN(Cc3ccccc3)CC2)c2ncc(C(=O)Nc3ccc(C(C)C)cc3)c(Cl)c12,0.32279674249449125,2.429943517230292,6.693296464990704
NS(=O)(=O)C[C@H]1COc2cc(F)ccc2N1C(=O)c1ccc2cc[nH]c2c1,0.7146346522734899,3.246043202797866,5.995246430931468
CC#C[C@]1(O)CC[C@H]2[C@@H]3CCC4=CC(=O)CC[C@]4(C)[C@H]3[C@@H](c3ccc(OC)cc3)C[C@@]21C,0.6121777169265054,4.429520185923243,7.574200000993257
Cc1nn(-c2ccccc2)c2ncc(C(=O)Nc3ccccc3C(F)(F)F)c(Cl)c12,0.4563815291204127,2.303719637133794,5.896569083909446
Cn1nc(Cl)c2c(Cl)c(C(=O)Nc3ccc(C(F)(F)F)cc3)cnc21,0.7000040090111737,2.460464132104244,6.772567745975084
Cn1nc(Br)c2c(Cl)c(C(=O)Nc3ccc(C(F)(F)F)cc3)cnc21,0.6396376239647544,2.463935851561258,6.792310751028266
Cc1nn(C)c2ncc(C(=O)Nc3ccc(C#N)cc3)c(Cl)c12,0.7844928626099995,2.2807174172046043,6.445368930499552
C[C@H]1c2c(cc(F)c(-c3cccc4cc[nH]c34)c2F)NC(C)(C)[C@@H]1O,0.5958432878392529,3.743358926658048,8.277640530194075
Cc1c(C#Cc2ccc(CN3CCC(CO)CC3)cc2)cc(C(F)F)c2cn(C(C(=O)Nc3nccs3)c3ncn4c3CCC43CC3)nc12,0.18930622284358464,4.7733343996220885,5.5666670628050685
Cc1ccc(Cn2cnc3c(Cl)c(C(=O)Nc4ccc(C(F)(F)F)cc4)cnc32)cc1,0.43814750158467664,2.346748265936615,5.557412895387115
CC[C@H]1OC(=O)[C@H](C)[C@@H](O)[C@H](C)[C@@H](O[C@@H]2O[C@H](C)C[C@H](N(C)C)[C@H]2O)[C@](C)(O)C[C@@H](C)CN(CCCNC(=O)[C@@]2(O)[C@H](C)C[C@H]3[C@@H]4C[C@H](F)C5=CC(=O)C=C[C@]5(C)[C@@]4(F)[C@@H](O)C[C@@]32C)[C@H](C)[C@@H](O)[C@]1(C)O,0.12240101618456051,7.0435675913656075,7.167714526613262
COc1ccc(F)cc1C(C)(C)CC(O)(Cc1ccc(Cl)cc1)C(F)(F)F,0.6264223577908086,2.855988648141997,6.446781381563764
COc1ccc2c(c1)Oc1ccccc1[C@@H]2C(C)(C)C(=O)NC(N)=O,0.8977959975619979,2.986973705089312,5.687495755909099
CC[C@@H](Cc1ccc(O)c(C)c1C)NS(=O)(=O)c1c(C)cc(C)cc1C,0.7937344045380987,2.902996774429843,7.563813986879229
CS(=O)(=O)Nc1cccc(N(Cc2ccccc2)Cc2ccccc2)c1,0.6794460906519739,1.885422104848276,6.055458508010734
Cn1nnnc1-c1ccc(-c2ccc3c(n2)Oc2c(F)cccc2[C@@H]3C(C)(C)c2nc3nccnc3[nH]2)cc1,0.3470276614056343,3.8151458870880983,5.586772109372222
COc1ccc(F)cc1C(C)(C)CC(O)(CCCc1ccccc1)C(F)(F)F,0.5681008855889843,2.8756642593067188,6.04680764214624
Cc1ccnc(Cc2c(=O)[nH]c(=O)[nH]c2[C@H]2CC[C@@H](c3ccccc3)CC2)c1,0.7279526087327658,2.595149425004543,5.611641230050627
C[C@]12C=CC(=O)C=C1[C@@H](F)C[C@H]1[C@@H]3C[C@H]4CN(C(=O)c5ccccc5)C[C@@]4(C(=O)CO)[C@@]3(C)C[C@H](O)[C@@]12F,0.6321205067820502,4.8419100328208895,7.776508681983722
Cc1ccc(F)cc1C(C)(C)CC(O)(Cc1cc2cc(-c3ccccc3)nnc2[nH]1)C(F)(F)F,0.3256725512649924,3.38145994075645,7.832463539382238
CC1=CC(C)(C)Nc2ccc3c(c21)/C(=C/c1ccccc1)Oc1c(F)cccc1-3,0.4888061940217769,2.797704958592588,6.515259680694761
CC(C)(C(=O)NC(N)=O)[C@H]1c2ccccc2Oc2nc(-c3ccc(C(=O)N4CCC(F)(F)C4)cc3)ccc21,0.5181668539663052,3.4876393280819435,5.836656434318797
Cc1nn(-c2ccccc2)c2ncc(C(=O)Nc3ccc(C#N)cc3)c(Cl)c12,0.5603214962181325,2.2351635062011237,6.245809511659393
C#Cc1ccc(NC(=O)c2cnc3c(c(C)nn3C3CCN(Cc4ccccc4)CC3)c2Cl)cc1,0.3825330696623082,2.55611848015414,6.525474559959644
Cc1cnc(Nc2ccc3c(c2)CCC2=C4C[C@@H](O)C[C@]4(C)CC[C@]23Cc2ccccc2)c(C)n1,0.4310365299325391,4.143834446821495,6.189743211219652
CC[C@@]12C[C@H](O)[C@H](c3ccccc3)C[C@H]1CCc1cc(O)ccc12,0.8519013468620497,3.708980569191061,6.721225371260948
CC1=CC(C)(C)Nc2ccc3c(c21)/C(=C/c1ccccc1)Oc1ccc(F)cc1-3,0.4888061940217769,2.7179828084535718,5.992764416611817
COc1cccc2c1-c1ccc3c(c1C(CCO)O2)C(C)=CC(C)(C)N3,0.8350229739356734,3.3482046362523556,6.2350877114452965
CC(NC(=O)c1ccc(Cn2c(=S)[nH]c3ccsc3c2=O)cc1)c1ccccc1,0.46071812353142705,2.659626935906756,5.6417008743666015
C[C@]12C=CC(=O)C=C1CC[C@@H]1[C@@H]2[C@@H](O)C[C@@]2(C)[C@H]1CC[C@]2(O)C(=O)CSc1ccccn1,0.675386770661808,4.440124801307858,7.44843138942168
COCOCc1cc(F)ccc1/C=C1\Oc2ccc(O)c(OC)c2-c2ccc3c(c21)C(C)=CC(C)(C)N3,0.28402638601769525,3.2769670629628918,8.3818477700723
CC(C)C(=O)NC(=O)C(C)(C)[C@@H]1c2ccc(-c3ccc(C(=O)N4CCOCC4)cc3)nc2Oc2c(F)cccc21,0.4887814811069454,3.4502350850223245,6.039150150179635
CC(=O)NCC(C)(C)[C@@H](c1ccccc1)c1ccc2c(cnn2-c2ccc(F)cc2)c1,0.45459931953347454,2.9574434878084688,6.960088374418549
CC(Cc1c[nH]c2ccccc12)NS(=O)(=O)c1ccccc1Cl,0.737576505347789,2.4621069859050273,5.8724565551575285
CC(C)(C(=O)NC(N)=O)[C@H]1c2ccccc2Oc2nc(-c3ccc(C(=O)N4CCC(F)(F)C4)c(F)c3)ccc21,0.49410474364565066,3.599888898206773,6.100534838288163
CCOc1ccc(NC(=O)c2cnc3c(c(C)nn3C)c2Cl)cc1,0.7850042953621494,2.14269893487406,6.593101157189223
CSc1ccccc1/C=C1\Oc2ccc(F)cc2-c2ccc3c(c21)C(C)=CC(C)(C)N3,0.4215281148911338,2.9667795777282713,6.25803402881631
Cc1noc(=O)c2ccc(NC(=O)C(O)(CC3(c4cc(F)ccc4Cl)CCC3)C(F)(F)F)cc12,0.48117226196712404,3.4574796482922086,8.166971413822878
Cc1c(Cl)cccc1S(=O)(=O)NC(C)Cc1c[nH]c2ccccc12,0.719109573670037,2.5790617072859554,5.986275237935215
CNC(=O)c1ccc(-c2ccc3c(n2)Oc2ccccc2[C@@H]3C(C)(C)C(=O)Nc2nncs2)cc1,0.4180950077954066,3.305540056785609,5.744958331655828
COc1cc(C)c(Cl)cc1S(=O)(=O)Nc1ccc2c(c1)CCCN2C(=O)c1ccccc1,0.5657066846556217,2.2468786654728596,5.4050385946777135
C=CCC1Oc2ccccc2-c2ccc3c(c21)C(C)=CC(C)(C)N3,0.6888602616926074,3.3302854224206895,6.50064471955637
CCCCS(=O)(=O)N1CCC2=Cc3c(cnn3-c3ccc(F)cc3)CC2(Cc2ccc(F)cc2)C1,0.45346891504799886,3.330118364477917,7.926328031978152
CC(Cc1c[nH]c2ccccc12)NS(=O)(=O)c1ccc(Cl)cc1Cl,0.6867906961684543,2.5555335786981264,6.139483080073481
C[C@H](CCC(=O)N1CCN(Cc2ccccc2)CC1)[C@H]1CC[C@H]2[C@@H]3[C@@H](O)C[C@@H]4C[C@H](O)CC[C@]4(C)[C@H]3CC[C@]12C,0.47435954038238654,4.356994998931648,6.425059264630626
Cc1ccc(S(=O)(=O)N2CCC3=Cc4c(cnn4-c4ccc(F)cc4)CC3(Cc3ccc(F)cc3)C2)cc1,0.330983848331052,3.211030851497079,7.958590413808248
C[C@H]1C[C@H]2[C@@H]3CCC4=CC(=O)C=C[C@]4(C)[C@@]3(F)[C@@H](O)C[C@]2(C)[C@@]1(O)C(=O)CO,0.667213496992105,4.635267019270959,6.026002054622312
CC1NC(=O)C(c2ccc(F)cc2)=C1c1ccc2c(c1)NC(=O)CO2,0.8843801270958632,3.105246398103585,5.192274059020397
CC[C@H]1C[C@@]2(C)C(CC[C@@H]2O)C2CCC3=CC(=O)CCC3=C21,0.7881482486792902,4.345782656725399,6.093717990043597
CC(C)[C@H](NC(=O)C(C)(F)F)[C@H](Oc1ccc2c(cnn2-c2ccc(=O)n(C)c2)c1)c1cc(F)cc(Cl)c1,0.3194619506926698,3.9420396568536944,7.751694905950487
COc1ccc(F)cc1C(C)(C)CC(O)(Cc1cc(Cl)cc(Cl)c1)C(F)(F)F,0.5322871043338719,3.045920594792001,7.1338021617131275
COCCn1nc(C)c2c(Cl)c(C(=O)Nc3ccc(Cl)cc3)cnc21,0.7290973838335294,2.262618708704114,6.591884231679491
C[C@H](NC(=O)C(F)(F)F)[C@H](Oc1ccc(C(=O)O[C@H]2CCCN(C(=O)[C@H]3COC(=O)C3)C2)cc1)c1ccc(C2CC2)cc1,0.42216853980658625,4.017653089852406,8.172775684268975
CC#C[C@]1(O)CC[C@H]2[C@@H]3CCC4=CC(=O)CC[C@]4(C)[C@H]3[C@@H](c3ccc(N(C)C(C)C)cc3)C[C@@]21C,0.5087591240892103,4.661319072533922,7.585784589238949
CC(C)(CC(O)(C(=O)Nc1ccc2c(c1)COC2=O)c1ccccc1)c1ccccc1,0.579311807505196,2.944668837458819,6.473354049493382
Cc1cc(-c2cccc3cc[nH]c23)c(/C=N/O)c2c1NC(C)(C)[C@H](O)[C@H]2C,0.30461682858224803,3.9789073914498605,7.470229037104609
C[C@H](NC(=O)C(C)(F)F)[C@H](Oc1ccc2c(cnn2-c2ccc(=O)n(C)c2)c1)c1ccccc1,0.4466346620685633,3.560650683978176,8.362280567398903
Cc1cnn(C)c1-c1cc2c(c3c1CCC3)NC(C)(C)C(=O)C2(C)C,0.8573581290543653,3.2333584759956455,6.975840880063359
CCC[C@H]1OC2(CCCC3=Cc4c(cnn4-c4ccc(F)cc4)C[C@@]32C)O[C@@H]1CCC,0.5714712861057415,4.450412743499626,8.135073352631961
C=CCOc1cccc2c1-c1ccc3c(c1C(CC=C)O2)C(C)=CC(C)(C)N3,0.6040082954282071,3.564055893089324,7.171560769356804
CCC(Cc1ccc(O)c2ccccc12)NS(=O)(=O)c1c(C)cc(C)cc1C,0.6295401171786152,2.763654671526078,7.071763856362965
Cc1cc(-c2cccc3cc[nH]c23)cc2c1NC(C)(C)[C@H](O)[C@H]2C,0.6022875411144121,3.6132663667821117,6.471975896911071
Cc1nn(C2CCN(Cc3ccc(CN=[N+]=[N-])cc3)CC2)c2ncc(C(=O)Nc3ccc(C(=O)c4ccccc4)cc3)c(Cl)c12,0.0790023484149056,2.8712603226205857,6.009349926035547
CC(C)(C(=O)NC(N)=O)[C@@H]1c2ccc(-c3ccc(C(=O)N4CCCC4)cc3)nc2Oc2c(F)cccc21,0.5419494339857386,3.3404998676100615,5.848252117321833
N#Cc1cccc(Cc2c(N3CCC(c4ccccc4)CC3)[nH]c(=O)[nH]c2=O)c1,0.7210286262451574,2.554117668773973,5.626401595449699
C[C@H](NC(=O)C(C)(F)F)[C@H](Oc1ccc2c(cnn2-c2cccc(C(=O)N3CCC[C@@H]3C(N)=O)c2)c1)c1ccc2c(c1)OCOC2,0.28099844419515463,4.100712096286298,9.649202422911195
CCN(CC)c1cc2oc(=O)ccc2cc1-c1cccs1,0.6708095390255474,2.485760543509093,5.451231930985155
CC[C@@]12C[C@](C)(O)[C@](O)(c3ccccc3)C[C@H]1CCc1cc(O)ccc12,0.7644903036695393,3.82882968514072,6.994017745150901
OC(c1ccc2c(cnn2-c2ccc(F)cc2)c1)(c1ccccc1F)C(F)(F)F,0.4826216394920685,2.929899616372209,7.219676898278473
CN(C)c1ccc(-c2ccc3c(n2)Oc2ccccc2[C@@H]3C(C)(C)C(=O)NC(N)=O)cn1,0.6521564274330321,3.3905261789159855,5.786778671761027
Cc1c(NS(C)(=O)=O)cccc1N(Cc1ccccc1)Cc1ccc(Oc2ccc(OCC(=O)O)cc2)cc1,0.23036598788195345,2.3870078300594173,8.208467030768189
Cc1nnc(C(=O)N[C@@H](C)[C@H](Oc2ccc3c(cnn3-c3ccc(F)cc3)c2)c2ccccc2)o1,0.36661040302033543,3.357851184708861,8.601835765800985
CC#C[C@]1(O)CC[C@H]2[C@@H]3CCC4=CC(=O)CC[C@]4(C)[C@H]3[C@@H](OCc3ccc(Cl)cc3)C[C@@]21C,0.545470797219559,4.438684749471332,7.918548714492967
COc1cccc2c1-c1ccc(NC(=O)c3ccccc3)cc1C(c1ccccc1)O2,0.4448534126822748,2.5434103248176143,6.561852539795762
CC(C)(C)C#C[C@]1(O)CC[C@H]2[C@@H]3CCC4=CC(=O)CCC4=C3[C@@H](c3ccc(C4(C)COC4)cc3)C[C@@]21C,0.4642255384649533,4.695628474277109,7.581416142734557
CC(=O)N1CCC(CCn2cnc3c(Cl)c(C(=O)Nc4ccc(C(F)(F)F)cc4)cnc32)CC1,0.5418862873321348,2.650771537767147,5.550794435869929
CC(C)(O)c1ccc(-c2ccc3c(n2)Oc2c(F)cccc2[C@@H]3C(C)(C)C(=O)NC(=O)NCCO)cc1,0.397002803144669,3.5352018254938065,6.180208551148666
CC(C)[C@H](NC(=O)C(C)(F)F)[C@H](Oc1ccc2c(cnn2-c2ccc(=O)n(C)c2)c1)c1cc(Cl)cc(Cl)c1,0.2877144171165548,3.9199963136584275,7.048082054111345
CCCCS(=O)(=O)N(c1ccc2c(c1)CCCN2C(=O)c1ccco1)S(=O)(=O)CCCC,0.5079184202348425,2.8436237994400173,4.558549837548378
CC(C)(C(=O)Nc1nncs1)C(c1ccccc1)c1ccc2c(-c3ccc(F)c(Cl)c3)ncn2c1,0.2879417401345749,3.457068210631764,6.1723670736338105
Cc1nn(C2CCCCC2)c2ncc(C(=O)Nc3ccc(C(F)(F)F)cc3)c(Cl)c12,0.5337576397011008,2.4370943624085193,6.636664753342878
C=CCC1Oc2cccc(OCC)c2-c2ccc3c(c21)C(C)=CC(C)(C)N3,0.6419169466065983,3.4236911785063677,7.2140870195692335
CNC(=O)C[C@H]1COc2cc(F)c(CC(C)C)cc2N1C(=O)c1ccc2c(c1)NC(=O)CO2,0.7228065274282002,3.3796476280231635,5.8529976478491905
Cn1c(SCC(=O)[C@@]2(O)CC[C@@]3(C)[C@@H]4CCC5=CC(=O)CC[C@]5(C)[C@H]4[C@@H](O)C[C@@]32C)nc2ccccc21,0.5575070087561488,4.642112281350887,7.544406805085759
Cn1ncc(S(=O)(=O)N2CCC3=Cc4c(cnn4-c4ccc(F)cc4)C[C@]3(C(=O)c3cc(C(F)(F)F)ccn3)C2)n1,0.25949757492689857,4.027320729616918,7.87258903787442
O=C(O)Cc1cc(Br)c(N(Cc2ccc(Oc3ccccc3Cl)cc2)Cc2cc(F)cc(F)c2)c(Br)c1,0.19669218293129584,2.638930968288337,6.5601463839527465
C[C@H](NC(=O)C(F)(F)F)[C@H](Oc1ccc2c(cnn2-c2ccc(F)cc2)c1)c1ccc2ccccc2c1,0.26692178284784696,3.3070892313743947,10.23634654199863
C[C@@]1(c2ccc(Sc3ccc(N)cc3)cc2)O[C@@H]2C[C@H]3[C@@H]4C[C@H](F)C5=CC(=O)C=C[C@]5(C)[C@@]4(F)[C@@H](O)C[C@]3(C)[C@]2(C(=O)CO)O1,0.38144749750121937,5.197385294969845,7.919099076520743
Cc1c(NS(C)(=O)=O)cccc1N(Cc1ccccc1)Cc1ccc(Oc2cccc(OCC(=O)O)c2)cc1,0.23036598788195345,2.427432362283948,7.465968345864002
C[C@]12Cc3cnn(-c4ccc(F)cc4)c3C=C1CCCC21O[C@H](c2ccccc2)[C@@H](c2ccccc2)O1,0.2996321360457168,4.242051252649474,8.078123577919005
CC(C)(C(=O)NC(=O)NC1CCC1)[C@@H]1c2ccc(-c3ccc(C(=O)N4CCOCC4)cc3)nc2Oc2c(F)cccc21,0.4453707098154116,3.4748083273244035,6.236962751772537
CC(C)(c1nc2nccnc2[nH]1)[C@@H]1c2ccc(-c3ccc(C(=O)N4CCOCC4)nc3)nc2Oc2c(F)cccc21,0.3433148461478483,3.8326658126668605,6.091838220050168
O=C(c1ccccn1)[C@]12Cc3cnn(-c4ccc(F)cc4)c3C=C1CCN(S(=O)(=O)c1ccc(F)c(C(F)(F)F)c1)C2,0.2242611629151527,3.645149091844031,7.274175076201236
CC#C[C@]1(O)CC[C@H]2[C@@H]3CCc4cc(C(=O)Nc5cccnc5C)ccc4[C@H]3[C@@H](OCc3cccc(Cl)c3)C[C@@]21C,0.32197396370282283,4.320367556139477,9.096426755266862
CCC1COc2cc3[nH]c(=O)cc(C(F)(F)F)c3cc2N1CC(F)(F)F,0.7987982804627708,3.4189239889544476,5.456573636468599
CCOC(=O)c1cccc(C2Oc3cccc(OC)c3-c3ccc(NS(C)(=O)=O)cc32)c1,0.5568167021467727,2.888498659469141,7.588775034753302
COc1cccc2c1-c1ccc3c(c1C(CCN(C)C)O2)C(C)=CC(C)(C)N3,0.7769963780681568,3.3880437516766957,6.174797069574577
C[C@]12Cc3cnn(-c4ccc(F)cc4)c3C=C1CCC[C@@H]2[C@@H](O)c1ccc(F)nc1,0.6201381261870486,3.8293152371887142,7.959797612938029
CC(C)(c1nc2nccnc2[nH]1)[C@@H]1c2ccc(-c3ccc(NS(C)(=O)=O)cc3)nc2Oc2c(F)cccc21,0.32250069576031665,3.7115300634472073,5.982244864794644
COCCNC[C@]12Cc3cnn(-c4ccc(F)cc4)c3C=C1CCN(S(=O)(=O)c1ccc(C(C)(C)C)cc1)C2,0.41474840406690616,3.4258926511205257,7.635245927517414
C[C@]12Cc3cnn(-c4ccc(F)cc4)c3C=C1CC[C@@]21OC[C@@H](c2ccccc2)O1,0.5885079830611551,4.26654058815361,7.681362166331884
C[C@]12Cn3cnc(-c4ccc(F)cc4)c3C=C1CCC[C@@H]2[C@](C)(O)c1cccc(C#N)c1,0.5856000876237455,4.107518856339473,5.733897851342434
CCS(=O)(=O)c1ccc(-c2ccc3c(n2)Oc2ccccc2[C@@H]3C(C)(C)C(=O)Nc2nncs2)cc1,0.36734533478521547,3.398343890789901,6.109399108014191
CC1=C(C#N)[C@@H](c2ccc(F)cc2Cl)C(C(=O)OC(C)(C)C)=C(C)N1,0.7820719182955517,2.945557104298798,5.712641060415802
Cc1c(NS(C)(=O)=O)cccc1N(Cc1ccccc1)Cc1ccc(F)cc1F,0.5989451074507686,2.2513162035725056,7.789438885238359
Cc1cc(C)c(S(=O)(=O)NC(CNc2ccccc2)C(F)(F)F)c(C)c1,0.7908573539397511,2.8108167362071956,5.048129653211944
Cc1cc(C)c(S(=O)(=O)N[C@@H](C)CNc2ccc3cnccc3c2)c(C)c1,0.6763227983350648,2.8250013404496883,5.254431686178164
Cc1cc(Cl)cc(Cl)c1S(=O)(=O)N[C@@H](C)COc1cccc2ncccc12,0.6271647208843416,2.751061032757381,6.452083264391589
CC#C[C@]1(O)CC[C@H]2[C@@H]3CCC4=CC(=O)CCC4=C3[C@@H](c3ccc(N(C)CC(=O)Nc4ccc(C(=O)O)cc4)cc3)C[C@@]21C,0.3494843064956652,4.408904349688537,7.665327858591571
Cc1c(NS(C)(=O)=O)cccc1N(Cc1ccc(Oc2cccc(OC[C@@H]3C[C@@H](O)CC(=O)O3)c2)cc1)Cc1ccc(F)cc1F,0.17694483582455725,3.6438514787339766,7.654619412279288
CCN(CC(O)(CNC(=O)c1cnn(-c2ccc(F)cc2)c1N)C(F)(F)F)C(=O)c1ccccc1,0.4179373401966317,3.1179916529394553,7.573054812309806
Cc1c(NS(C)(=O)=O)cccc1N(Cc1ccccc1)Cc1ccc(Oc2cccc(OCC(=O)NCCCC(=O)O)c2)cc1,0.13367656755695265,2.622865548212303,8.136858930354016
CC1(CC(O)(Cn2ccc(=O)c3ccccc32)C(F)(F)F)CCCc2ccccc21,0.6531639339524833,3.528975440372008,7.697315445111876
Cc1ccnc(C(=O)[C@]23Cc4cnn(-c5ccc(F)cc5)c4C=C2CCN(S(=O)(=O)c2cccc(C(F)(F)F)c2)C3)c1,0.22012048187890082,3.6251730814137826,7.9060026047362015
Cc1nn(-c2ccccc2)c2ncc(C(=O)NCc3ccc(Cl)cc3)c(Cl)c12,0.5162026835613607,2.1469479292780473,5.637561013832366
Cc1cc2c(c(C(C)(C)CC(O)(Cc3cc4ccccc4[nH]3)C(F)(F)F)c1)OCC2,0.5663904823270691,3.3478564363730268,7.932116146654889
C=C1C[C@H](CO)CC(C)(C)[C@@H]1Cc1cc(OC)c(Br)cc1O,0.7781106271940278,3.8913457463813863,5.8893309789283865
CCC1(CC(O)(C(=O)Nc2ccc3c(=O)onc(C)c3c2)C(F)(F)F)CCCc2cc([N+](=O)[O-])ccc21,0.3555833683634545,3.894707714673273,5.58013887139314
CCC(Cc1cccc(C)c1C)NS(=O)(=O)c1c(C)cc(C)cc1C,0.8235739084591165,2.717813549346289,5.056323647015048
CC12CC(C)(C(=O)Nc3nncs3)C(c3ccccc31)c1ccccc12,0.7386975405032031,3.9883619899948597,5.766719826889074
O=C(O)Cc1cc(Br)c(N(Cc2ccc(Oc3ccccc3)cc2)Cc2cccc(F)c2)c(Br)c1,0.21215035130759802,2.4398092935585574,6.2335333692934585
COc1ccc(S(=O)(=O)N(Cc2ccccc2)c2ccc(Oc3ccccc3)cc2)cc1,0.33968144800244887,1.8948178218004035,5.603204470475122
CC(C)(C[C@](O)(Cc1cc2ccc(C#N)cc2[nH]1)C(F)(F)F)c1cc(S(C)(=O)=O)cc2c1OCC2,0.5094620456835007,3.620272680267391,7.560823553281226
COCCOc1ccc(NC(=O)c2cnc3c(c(C)nn3C)c2Cl)cc1,0.670142796881817,2.234636444152807,5.830296515695725
C=CCC1Oc2cccc(OC(F)F)c2-c2ccc3c(c21)C(C)=CC(C)(C)N3,0.6056488446542782,3.5650792546352763,7.250252000902133
C[C@]12C=CC(=O)C=C1[C@@H](F)C[C@H]1[C@@H]3C[C@H]4CN(S(=O)(=O)c5cccs5)C[C@@]4(C(=O)CO)[C@@]3(C)C[C@H](O)[C@@]12F,0.5790069951546701,5.099660523099841,7.758932690539618
CC1(C(=O)Nc2nccs2)CC2([N+](=O)[O-])c3ccccc3C1c1ccccc12,0.5366404863158623,4.043003891347709,5.716578236087262
COc1ccc(F)cc1C(C)(C)CC(O)(Cc1ccccc1)C(=O)Nc1ccc2c(c1)COC2=O,0.4561557830987472,3.1217015921074305,7.242806284821075
CCC1(CC(O)(CNC(=O)c2cnn(-c3ccccc3)c2N)C(F)(F)F)CCCc2ccccc21,0.4568061248463799,3.655786506529897,8.055648355296029
Cc1ccnc(C(=O)[C@]23Cc4cnn(-c5ccc(F)cc5)c4C=C2CCN(S(=O)(=O)c2ccc(F)c(F)c2)C3)c1,0.32229969322491686,3.5830522918199534,8.073026600697574
CN(C)c1ccc(-c2ccc3c(n2)Oc2c(F)cccc2[C@@H]3C(C)(C)c2nc3nccnc3[nH]2)cn1,0.3756737346822826,3.8340105911369537,5.627691746847686
CC(C)(C(=O)NC(N)=O)[C@H]1c2ccccc2Oc2nc(-c3ccc(C(=O)N4CCOCC4)cc3)ccc21,0.5632898770369341,3.255819136418177,5.775370643435265
CNC(=O)c1ccc(-c2ccc3c(n2)Oc2ccccc2[C@@H]3C(C)(C)C(=O)Nc2nncs2)cc1F,0.3970098763195831,3.425387329703927,6.174560421946105
COc1ccc(F)cc1C(C)(C)CC(O)(Cc1ccc(C#N)cc1Cl)C(F)(F)F,0.6111997116002186,3.132215145287737,7.697728174662032
CC(C)(CC(O)(Cc1cc2ccccc2[nH]1)C(F)(F)F)c1cc(S(C)(=O)=O)cc2c1OCC2,0.5345639626969032,3.4436348855482493,7.91443937003943
CCCC1O[C@@H]2C[C@H]3[C@@H]4CCC5=Cc6c(cnn6-c6cccc(OCCCCCCP(=O)(O)O)c6)C[C@]5(C)[C@H]4[C@@H](O)C[C@]3(C)[C@]2(C(=O)CO)O1,0.1522427952833732,5.21269956512778,8.207333951613888
COc1ccc(F)cc1-c1c(-c2ccccc2)[nH]c2c(NS(C)(=O)=O)cccc12,0.48522412042724306,2.3093178295887675,7.364009047755887
C[C@]12Cc3cnn(-c4ccc(F)cc4)c3C=C1CC[C@@H]1[C@@H]2[C@@H](O)C[C@@]2(C)[C@H]1CC[C@]2(O)C(=O)CSc1nc2ccccc2s1,0.23454208707025492,4.580293911968584,8.533289333464522
CC[C@@H]1C[C@](O)(C(F)(F)F)[C@@H](Nc2cccc3[nH]c(=O)ccc23)c2cc(F)c(F)c(O)c21,0.42630246532913224,4.0262251786643635,7.369035105158717
C[C@]12Cc3cnn(-c4ccc(F)cc4)c3C=C1CCN(S(=O)(=O)c1ccc(F)cc1)C2,0.612520610337092,3.1617419143818957,7.964372339420746
CCCCCCCC[C@H]1C[C@@]2(C)C(CC[C@@H]2O)C2CCC3=CC(=O)CCC3=C21,0.5066264947987953,4.178751583655401,5.982097364730508
COc1cccc2c1-c1ccc(NS(=O)(=O)c3cccs3)cc1C(c1ccccc1)O2,0.42407705078757274,2.8465236975986787,7.375252157234831
CNC(=O)c1ccc(NS(C)(=O)=O)c(C)c1N(Cc1ccccc1)Cc1ccccc1,0.5596734009914788,2.341946674424678,5.791172311309754
CCC(Cc1ccc(C)cc1)NS(=O)(=O)c1c(C)cc(C)cc1C,0.8518455094599175,2.5145713778679557,5.117993768871802
CCc1ccc([C@@H](Oc2ccc3c(cnn3-c3ccc(F)cc3)c2)[C@H](C)NC(=O)CO)cc1,0.4212530229665773,3.1854053358937566,9.52136225999165
Cc1cc(C)c(S(=O)(=O)NC(C)CSc2cccc3c2cnn3-c2ccc(F)cc2)c(C)c1,0.350232849864442,3.075741106284033,7.981781042907634
COc1ccc([C@@H](Oc2ccc(C#N)cc2Cl)[C@H](C)NC(=O)C(C)(F)F)cn1,0.7493988346943734,3.448088593707702,7.939782190440331
CC(C)CCn1ncc2cc(C(c3ccccc3)C(C)(C)C(=O)Nc3nncs3)ccc21,0.3742695398620364,3.2571332833068425,5.917496247483282
C[C@H](NC(=O)C(C)(F)F)[C@H](Oc1ccc2c(cnn2-c2cccc(C(=O)N[C@@H]3CCC[C@@H]3O)c2)c1)c1ccc2c(c1)OCOC2,0.24534389695173417,4.233816443639098,8.940110639055083
CC(C)(CC(O)(Cc1cc2ccncc2[nH]1)C(F)(F)F)c1cc(-c2cncnc2)ccc1O,0.382505903116576,3.502253815314134,8.111599895668888
CS(=O)(=O)Nc1cccc2c(-c3cccc(Cl)c3)c[nH]c12,0.7694175808046899,2.181581821214438,6.6415024624459855
O=c1[nH]c2cc(/C=C3\c4ccccc4COc4cc(F)ccc43)ccc2n1[C@H]1C[C@H]2COCCN2C1,0.4530196245916399,3.6549826203523557,4.9514218373646965
CCC(Cc1ccc2ccccc2c1)NS(=O)(=O)c1c(C)cc(C)cc1C,0.6482297530611483,2.599067186603534,5.128933899518299
CS(=O)(=O)Nc1cccc(N(Cc2ccccc2)Cc2ccccc2)c1CO,0.6083110804989403,2.1809523523549714,7.178071868160126
CC(C)(CC(O)(Cn1ccc(=O)c2ccccc21)C(F)(F)F)c1ccccc1O,0.6627652302258048,3.1319245649819667,7.993483453594347
CCCCCS(=O)(=O)N[C@@H](C)[C@H](Oc1ccc2c(cnn2-c2ccc(F)cc2)c1)c1ccccc1,0.26768451151719214,3.250299800093475,7.3437354050148755
Cc1ccc(F)cc1C(C)(C)CC(O)(Cc1cc2c(C)cncc2[nH]1)C(F)(F)F,0.5461401194464561,3.4129514243932473,7.976865560069403
CCS(=O)(=O)c1ccc(-c2ccc3c(n2)Oc2c(F)cccc2[C@@H]3C(C)(C)C(=O)NC(=O)NC)cc1,0.5248418156717349,3.461116124438604,6.24014347063434
CC(C)(CC(O)(CC1CCCCC1)C(=O)Nc1ccc2c(c1)COC2=O)c1cc(F)ccc1O,0.484015846956255,3.3833110459334685,7.7104639814881955
Cc1cc(C)c(S(=O)(=O)NC(Cn2ccc3ccccc32)C(F)(F)F)c(C)c1,0.6745208982972103,2.988366486027365,5.071685331121742
COc1cc([C@@H]2[C@@H](C)[C@H](C)[C@H]2c2ccc(OC(C)=O)c(OC)c2)ccc1OC(C)=O,0.5055701801450722,3.557675652250351,4.985823410593709
O=C(c1ccco1)N1CCCc2cc(N(S(=O)(=O)c3ccc4c(c3)CCCC4)S(=O)(=O)c3ccc4c(c3)CCCC4)ccc21,0.25079467733597344,2.962164382519328,4.595836855558783
COc1cccc(-n2ncc3c2C=C2CC[C@@H]4[C@H]([C@@H](O)C[C@@]5(C)[C@H]4CC[C@]5(O)C(=O)CO)[C@@]2(C)C3)c1,0.604883600790756,4.453816969593808,8.376329228161815
COc1ccc(F)cc1C(C)(C)C[C@@](O)(Cc1cc2cnccc2[nH]1)C(F)(F)F,0.567725605551682,3.2575319651767094,8.408202854589966
CC(C)(C(=O)Nc1nccs1)C(c1ccccc1)c1ccccc1,0.7168356649991884,2.232562569876306,5.8363259576141555
CC(=O)c1ccc(-c2ccc3c(n2)Oc2c(F)cccc2[C@@H]3C(C)(C)c2nc3nccnc3[nH]2)cc1,0.31920540204229075,3.634670337216119,5.802000876798298
CCN(C[C@@](O)(CNC(=O)c1cnn(-c2ccc(F)cc2)c1N)C(F)(F)F)C(=O)c1c(F)cccc1F,0.38855222428877123,3.3246043232313625,7.955658231756987
CNC(=O)NC(=O)C(C)(C)[C@@H]1c2ccc(-c3ccc(OC(C)C)cc3)nc2Oc2c(F)cccc21,0.5140387059429864,3.387830932281247,6.159013552070855
Cc1cnc(NC(=O)C(C)(C)C(c2ccccc2)c2ccc3c(cnn3-c3ccc(F)cc3)c2)s1,0.29079758995676913,3.114324672170225,6.867356583707228
Cc1cc(C)c(S(=O)(=O)NC(Cc2c[nH]c3c(C)cccc23)C(F)(F)F)c(C)c1,0.6148914663023146,3.081119471730525,5.369262979415918
O=C(c1ccco1)N1CCCc2cc(NS(=O)(=O)c3ccccc3)ccc21,0.746560498483029,2.1250147192344713,5.428120894583182
O=S(=O)(c1ccccc1)N(Cc1ccccc1)c1ccc(Oc2ccccc2)cc1,0.37893486629226414,1.8249378439269996,5.375232614498788
Cc1nn(-c2ccccc2)c2ncc(C(=O)Nc3ccc(C4CC4)cc3)c(Cl)c12,0.48909013859913647,2.2159296110485656,6.485067829386043
Cc1nn(CCN2CCN(C)CC2)c2ncc(C(=O)Nc3ccc(C(F)(F)F)cc3)c(Cl)c12,0.5994990253112524,2.537893888207483,6.715149515788456
Cc1c[nH]c2c(-c3c(F)cc4c(c3F)/C(=N/Oc3ccccc3)CC(C)(C)N4)cccc12,0.3506122130476613,3.1957441599783545,7.5182169822234926
Cc1cc(NC[C@H](C)NS(C)(=O)=O)c2cnn(-c3cccc(C(=O)NC(C)C)c3)c2c1,0.49652540877679924,3.0543939238430227,7.164430516400529
C[C@]12CC[C@@H]3c4ccc(O)cc4CC[C@H]3[C@@H]1C[C@@H](O)[C@@H]2O,0.687428138033629,3.8715420800086235,4.690574355738774
CC(C)(CC(O)(Cc1cc2ccccc2[nH]1)C(F)(F)F)c1cc(F)cc2c1OCC2,0.5386857131324907,3.3694380860486532,8.013393576769888
CC(C)(C(=O)NC(N)=O)[C@@H]1c2ccc(-c3ccc(C(=O)N4CC[C@@H](F)C4)cc3)nc2Oc2c(F)cccc21,0.5246923589088127,3.7820970365567197,5.946229239880508
Cc1ccc(F)cc1C(C)(C)CC(O)(Cc1cc2cc(C(N)=O)ncc2[nH]1)C(F)(F)F,0.5019444083673213,3.4294766540398296,8.014249952805653
Cc1nn(Cc2ccccc2)c2ncc(C(=O)Nc3ccc(C(F)(F)F)cc3)c(Cl)c12,0.43814750158467664,2.2677615285360826,6.66244919167839
C[C@]12C=CC(=O)C=C1CC[C@@H]1[C@@H]2[C@@H](O)C[C@@]2(C)[C@H]1CC[C@]2(O)C(=O)CSc1nc2ccccc2o1,0.6050360356862742,4.461868030792159,7.79671278781059
Cc1cc(-c2cccc3cc[nH]c23)c(Cl)c2c1NC(C)(C)C(=O)C2(C)Cc1ccccc1,0.3560224177461565,3.5166940440845265,7.670766242384783
C[C@]12Cc3cnn(-c4ccc(F)cc4)c3C=C1CC[C@@H]1[C@@H]2[C@@H](O)C[C@@]2(C)[C@H]1CC[C@]2(O)C(=O)CSc1ncccn1,0.3250397134528555,4.590697234203256,9.012651960141785
CC(C)(CC(O)(Cc1cc2cc(N3CCOCC3)ncc2[nH]1)C(F)(F)F)c1ccccc1,0.5797665677270021,3.2790094286999114,8.009397259743062
Cc1c(NS(C)(=O)=O)cccc1N(Cc1ccccc1)Cc1ccccc1,0.6529614933419329,2.0232322555443147,7.323904068341503
Cc1c(NS(C)(=O)=O)cccc1N(Cc1ccc(Oc2ccc(Cl)c(OCC(=O)O)c2)cc1)Cc1ccc(F)cc1F,0.18114525603046738,2.6802122028522604,8.53243681965974
CC(C)(C)c1ccc(S(=O)(=O)N2CCC3=Cc4c(cnn4-c4ccc(F)cc4)C[C@]3(CN3CCC3)C2)cc1,0.4605768919252748,3.362591589926959,7.665091743490923
C[C@]12C=CC(=O)C=C1CC[C@@H]1[C@@H]2[C@@H](O)C[C@@]2(C)[C@H]1CC[C@]2(O)C(=O)CSc1nc(-c2ccccc2)cs1,0.4931662578463411,4.426272750784365,6.9420372125401055
Cc1nn(Cc2cnco2)c2ncc(C(=O)Nc3ccc(Cl)cc3)c(Cl)c12,0.5491215813847714,2.599257430369491,6.575474559959644
C[C@]12CCC(=O)C=C1CC[C@@H]1[C@@H]2[C@@H](O)C[C@@]2(C)[C@H]1CC[C@]2(OC(=O)c1ccco1)C(=O)CSc1nccc2ccccc12,0.24995804145453993,4.618869022685562,8.118220638503011
CC(=O)NC(=O)C(C)(C)[C@@H]1c2ccc(-c3ccc(C(=O)N4CCOCC4)cc3)nc2Oc2c(F)cccc21,0.5547540400812818,3.4028023735358737,6.013784934183642
COc1ccccc1NC(=O)c1cnc2c(c(C)nn2-c2ccccc2)c1Cl,0.5487966969213748,2.125259660047277,6.400314598463496
Cc1c(NS(C)(=O)=O)cccc1N(Cc1ccccc1)Cc1ccc(Oc2cccc(CCC(=O)O)c2)cc1,0.21479512455076596,2.4193379755895617,7.597520920323241
C[C@H](NC(=O)C1CC1)[C@H](Oc1ccc2c(cnn2-c2ccc(F)cc2)c1)c1cccnc1,0.46549795700439645,3.1854951853857045,9.19450051829002
COc1ccc(-c2cncnc2)cc1C(C)(C)C[C@@](O)(Cc1cc2ccncc2[nH]1)C(F)(F)F,0.38636393468640795,3.437988778726991,7.8388265540403985
Cn1nccc1S(=O)(=O)N1CCC2=Cc3c(cnn3-c3ccc(F)cc3)C[C@]2(C(=O)c2cc(C(F)(F)F)ccn2)C1,0.25826790792021065,3.9383020005199283,7.837647814350289
CC(=O)c1ccc(-c2ccc3c(n2)Oc2ccccc2[C@@H]3C(C)(C)C(=O)Nc2nncs2)cc1,0.3758352811704414,3.285651966673065,5.722896441377315
CC(CNS(C)(=O)=O)[C@@H](c1ccccc1)c1ccc2c(cnn2-c2ccc(F)cc2)c1,0.46361769022406996,3.1909562101373146,7.012896661901923
C[C@H](NC(=O)C(C)(F)F)[C@H](Oc1ccc2c(cnn2-c2cccc(C(=O)N[C@@H]3CCS(=O)(=O)C3)c2)c1)c1ccc2c(c1)OCOC2,0.27550905981117285,4.153599078534818,8.831432413762425
CN(C)C(=O)c1cnc(-c2ccc3c(c2)Oc2ccccc2C3C(C)(C)C(=O)Nc2nncs2)nc1,0.42637659099079817,3.425095474500308,5.788969729526523
CC(Cc1c[nH]c2ccccc12)NS(=O)(=O)c1cc(Cl)cc(Cl)c1,0.6867906961684543,2.6232929357589754,5.6039269080093765
Cc1nn(C)c2ncc(C(=O)Nc3ccc(OCC(F)(F)F)cc3)c(Cl)c12,0.7173054850293488,2.37697461048667,6.626447061163407
C[C@H](NC(=O)O[C@]1(C(=O)CO)[C@@H](C)C[C@H]2[C@@H]3CCC4=CC(=O)C=C[C@]4(C)[C@@]3(F)[C@@H](O)C[C@@]21C)c1ccccc1,0.5116810825934465,4.728507765940662,8.520130252806052
C[C@]12Cn3cnc(-c4ccc(F)cc4)c3C=C1CCC[C@@H]2[C@](C)(O)C1CCCCC1,0.6542010711384048,4.126204145954368,6.200466025056536
Cc1c(NS(C)(=O)=O)cccc1N(Cc1ccc(Oc2ccccc2)cc1)Cc1ccc(F)cc1F,0.27524773488442844,2.3822593719067413,7.265588221320519
Oc1ccc(-c2ccc3c(cnn3-c3ccc(F)cc3)c2)cc1,0.5902938770095648,1.9377863860622373,5.148458181445096
C[C@]12C=CC(=O)C=C1CC[C@@H]1[C@@H]2[C@@H](O)C[C@@]2(C)[C@H]1CC[C@]2(OC(=O)c1ccco1)C(=O)CSc1nccc2ccccc12,0.25836165400943517,4.656187221559859,8.50810044376918
C[C@]12CCC(=O)C=C1CC[C@@H]1[C@@H]2[C@@H](O)C[C@@]2(C)[C@H]1CC[C@]2(O)C(=O)CSc1nc2ccccc2o1,0.5919181957293043,4.415502995827124,7.611421810000549
CC(C)(c1nc2cccnc2[nH]1)[C@@H]1c2ccc(-c3ccc(C(=O)N4CCOCC4)cc3)nc2Oc2c(F)cccc21,0.30252299370413754,3.592853918678495,5.946452063712885
Cn1c(C#N)ccc1-c1ccc2c(c1)C(C)(c1ccco1)OCC(=O)N2,0.7704331429544317,3.624720710071168,6.6621685409107005
CCC1Oc2cccc(OC)c2-c2ccc3c(c21)C(C)=CC(C)(C)N3,0.7506286359182669,3.300647054348749,6.298169964292591
C[C@]12C=CC(=O)C=C1CC[C@H]1[C@@H]3C[C@H]4O[C@@H](c5ccc(CSc6cccc(N)c6)cc5)O[C@@]4(C(=O)CO)[C@@]3(C)C[C@H](O)[C@@]12F,0.2962921516726513,4.932490459579174,7.871520559662422
CNC(=O)C[C@H]1COc2cc(Cl)ccc2N1C(=O)c1ccc2c(c1)NC(=O)CO2,0.8007338789666916,3.1494966978814842,5.932919434962959
Cc1nn(Cc2ccco2)c2ncc(C(=O)Nc3ccc(Cl)cc3)c(Cl)c12,0.5258392167686315,2.32621667112873,6.587060371575016
Cc1c(NS(C)(=O)=O)cccc1N(Cc1ccc(Oc2ccc(CCC(=O)O)cc2)cc1)Cc1ccc(F)cc1F,0.19458824790334264,2.5690576586975578,8.106203381453225
Cc1ccc(NC(=O)c2ccc(NC(=O)c3ccc(S(=O)(=O)N4CCCc5ccccc54)cc3)s2)cc1,0.3335277123622007,2.346778076695168,5.671727360174127
CC(O)(c1ccc(F)cc1)c1ccc2c(cnn2-c2ccc(F)cc2)c1,0.5881687568777162,2.6630660323164914,6.177527199406022
COc1ccc(-c2ccccc2)cc1C(C)(C)CC(O)(Cc1cc2ccncc2[nH]1)C(F)(F)F,0.32807377402060817,3.178437523666262,7.9251003572550625
COC[C@]12Cc3cnn(-c4ccc(F)cc4)c3C=C1CCN(S(=O)(=O)c1ccc(C(F)(F)F)cc1)C2,0.4570733006707141,3.347821033391039,7.633465641092498
NC(=O)C[C@H]1CNc2cc(Cl)ccc2N1C(=O)c1ccc2c(c1)NC(=O)CO2,0.7286253002797932,3.1976428453775423,5.842096188840708
O=C(Nc1ccc(Cl)cc1)c1cnc2c(cnn2Cc2cccs2)c1Cl,0.515842703983516,2.318699643309815,6.581874753535706
CC(=O)c1cc([C@H](c2ccccc2)C(C)(C)C(=O)Nc2nccs2)ccc1O,0.5859881492981345,2.9748070652861642,6.025195159400562
CC/C=C/COC(C)C1=CC(C)(C)Nc2ccc(-c3ccccc3OC)cc21,0.5726691533080561,3.3578112971789054,6.301146954598945
CCCCc1ccc(-c2ccc3c(n2)Oc2c(F)cccc2[C@@H]3C(C)(C)C(=O)NC(N)=O)cc1,0.49309619582720365,3.3109670783221326,6.292285182960261
CC(C)c1ccc(NC(=O)c2cnc3c(ncn3C)c2Cl)cc1,0.7902307960263958,2.3158715037430646,5.493598067963745
CC1=CC(C)(C)Nc2ccc3c(c21)/C(=C/c1ccccc1C)Oc1ccccc1-3,0.48416685843666124,2.7206586193896225,6.181930277329584
C[C@H](NC(=O)C(C)(F)F)[C@H](Oc1ccc2c(cnn2-c2cccc(C(=O)N[C@@H]3CCOC3=O)c2)c1)c1ccc2c(c1)OCCO2,0.2675525834856937,4.020678901589482,8.816427864906712
C[C@H](NC(=O)C(C)(F)F)[C@H](Oc1ccc2c(cnn2-c2cccc(C(=O)N3CCC[C@@H]3C(N)=O)c2)c1)c1ccccc1,0.30679841235134914,3.7523891901427895,8.796803382285448
C=CCn1c(SCC(=O)[C@@]2(O)CC[C@H]3[C@@H]4CCC5=Cc6c(cnn6-c6ccccc6)C[C@]5(C)[C@H]4[C@@H](O)C[C@@]32C)nc2ccccc21,0.17468646471878294,4.631972843375641,8.383143429957148
CCc1cccc(Cl)c1C(=O)N(CC)C[C@@](O)(CNC(=O)c1cnn(-c2ccc(F)cc2)c1N)C(F)(F)F,0.3455305364174615,3.3999492693222395,8.23413377702078
Cc1cc([C@H]2C[C@@]3(C)[C@@H](CC[C@@]3(O)C#CC(C)(C)C)[C@@H]3CCC4=CC(=O)CCC4=C32)ccc1N(C)C,0.47162718245120017,4.57413156803646,7.393805299909212
CC(C)[C@H](NC(=O)C(F)(F)F)[C@H](Oc1ccc2c(cnn2-c2ccc(=O)n(C)c2)c1)c1ccc(OC(F)F)cc1,0.28442989112800454,3.8438852524061176,6.7131602465830476
CCC1(CC(O)(C(=O)Nc2ccc3c(=O)onc(C)c3c2)C(F)(F)F)CCOc2ccccc21,0.5710854700620348,3.7957394909382947,5.736462091982149
C[C@@H]1CN(c2ccc3c(n2)NC(=O)CO3)[C@H](c2ccccc2)CO1,0.9183123682315064,3.3590468489864733,5.920386414453055
CC(=O)S[C@@H]1CC2=CC(=O)CC[C@]2(C)[C@H]2CC[C@@]3(C)[C@@H](CC[C@@]34CCC(=O)O4)[C@H]12,0.5718459844204299,5.131984897506352,6.356420899485501
Cc1c(NS(C)(=O)=O)cccc1N(Cc1ccccc1)Cc1ccc(F)cc1,0.6268985444452071,2.0990597355097904,7.381715896353862
NC(=O)C[C@H]1COc2cc(F)c(C3CC3)cc2N1C(=O)c1ccc2c(c1)NC(=O)CO2,0.781108318951889,3.369850275848017,5.856842440600398
COc1ccc(F)cc1C(C)(C)CC(O)(Cc1cc2cc[n+]([O-])cc2[nH]1)C(F)(F)F,0.35339155388092397,3.6228523173327636,6.595256941078711
CC1(CC(O)(CNc2cccc3cnccc23)C(F)(F)F)CCCc2ccccc21,0.5692310980310699,3.532378394476728,7.439711548795301
COc1ccc(NC(=O)c2cnc3c(c(C)nn3C)c2Cl)cc1,0.800384014690227,2.1027424172046043,6.5387912869783875
C[C@H](NC(=O)C(C)(F)F)[C@H](Oc1ccc2c(cnn2-c2cccc(C(=O)N[C@@H]3CCOC3=O)c2)c1)c1ccccc1,0.29362270005136315,3.797499968221665,8.634477355903249
CC(C)N1CCC(n2ncc3c(Cl)c(C(=O)Nc4ccc(Cl)cc4)cnc32)CC1,0.6279191869985352,2.4591788051985226,6.384749395336869
O=S(=O)(c1ccccc1)N1CCC2=Cc3c(cnn3-c3ccc(F)cc3)C[C@]2(CN2CCCC2)C1,0.5375876263529742,3.2302424730752017,7.21945942066705
C[C@]12C=CC(=O)C=C1[C@@H](F)C[C@H]1[C@@H]3C[C@H]4O[C@@H](c5ccc(Oc6cccc(N)c6)cc5)O[C@@]4(C(=O)CO)[C@@]3(C)C[C@H](O)[C@@]12F,0.41755448006762363,5.024105420606219,8.030477849931854
C[C@@H]1C[C@H]2C3CCC4=CC(=O)C=C[C@]4(C)[C@@]3(F)[C@@H](O)C[C@]2(C)[C@@]1(O)C(=O)O,0.6513843819779935,4.5819232826001635,7.6732187920742705
COc1ccc(F)cc1C(C)(C)CC(O)(Cc1cc2ncccc2[nH]1)C(F)(F)F,0.567725605551682,3.2180616633266608,7.637670514173261
CC(C)(C(=O)NC(=O)NCCO)[C@@H]1c2ccc(-c3ccc(C(=O)N4CCOCC4)cc3)nc2Oc2c(F)cccc21,0.41969799316145956,3.4845449079123867,6.051104274374648
CC(C)(C(=O)Nc1nncs1)[C@H]1c2ccccc2Oc2nc(-c3ccc(C(=O)N4CCCCC4)c(F)c3)ccc21,0.3107825979154781,3.443176911348174,6.040280693629271
CC[C@@H](Cc1ccc(O)cc1C)NS(=O)(=O)c1c(C)cc(C)cc1C,0.8192372263885839,2.783018601011042,5.9443510554074095
Cc1ccc([C@@H](Oc2ccc3c(cnn3-c3ccc(F)cc3)c2)[C@H](C)NC(=O)C(F)(F)F)cc1,0.3694149587055071,3.233705096933643,10.051700063421192
CCCc1ccc(S(=O)(=O)NC(C)Cc2c[nH]c3ccccc23)cc1,0.6712611045673954,2.4531335053625227,5.618827870298349
Cc1c(NS(C)(=O)=O)cccc1N(Cc1ccccc1)Cc1ccc(Oc2cccc(CCCC(=O)O)c2)cc1,0.18796251261794686,2.4547148437732957,7.48592583418355
O=c1[nH]c(=O)c(Cc2nccs2)c([C@H]2CC[C@@H](c3ccccc3)CC2)[nH]1,0.7400501744056808,2.6806116756984775,5.436483463554718
C[C@H](NC(=O)C(C)(F)F)[C@H](Oc1ccc2c(cnn2-c2cccc(C(=O)NC3CCS(=O)(=O)C3)c2)c1)c1ccccc1,0.2987330915418036,3.810654509569124,8.65871159184993
CC(C)(C(=O)Nc1nccs1)C(c1ccc2c(cnn2-c2ccc(F)cc2)c1)C1CCCC1,0.3529555019643517,3.243632375426791,6.969580594299755
C[C@H](CCC(=O)N1CCNCC1)[C@H]1CC[C@H]2[C@@H]3[C@@H](O)C[C@@H]4C[C@H](O)CC[C@]4(C)[C@H]3CC[C@]12C,0.5962719295699956,4.499879552391394,6.251467850140388
COCCn1ccnc1Cn1nc(C)c2c(Cl)c(C(=O)Nc3ccc(Cl)cc3)cnc21,0.44803059702893483,2.584957724581418,6.56832217402614
CC#C[C@]1(O)CC[C@H]2[C@@H]3CCC4=CC(=O)CCC4=C3[C@@H](c3ccc(SC)cc3)C[C@@]21C,0.45567054575711724,4.396284980357373,8.66535734309485
COc1ccccc1-c1ccc2c(c1)C(C(C)OCCc1ccccc1)=CC(C)(C)N2,0.47339773554302933,3.0312918220584883,6.421614907655053
CCC(=O)O[C@]1(C(=O)SCCCCP(=O)(O)O)[C@H](C)C[C@H]2[C@@H]3C[C@H](F)C4=CC(=O)C=C[C@]4(C)[C@@]3(F)[C@@H](O)C[C@@]21C,0.20827473859947163,5.251768402364237,8.863717843504668
CCC1(CC(O)(C(=O)Nc2ccc3c(=O)onc(C)c3c2)C(F)(F)F)CCCc2c([N+](=O)[O-])cccc21,0.3555833683634545,3.981728735236869,5.530756304574449
CC(=O)OCC(=O)[C@@]12OC(C)(C)O[C@@H]1C[C@H]1[C@@H]3C[C@H](F)C4=CC(=O)C=C[C@]4(C)[C@@]3(F)[C@@H](O)C[C@@]12C,0.6025729235661365,5.000010953133026,8.25632603549947
CCC(=O)O[C@]1(C(=O)CCl)[C@@H](C)C[C@H]2[C@@H]3CCC4=CC(=O)C=C[C@]4(C)[C@@]3(F)[C@@H](O)C[C@@]21C,0.49795893985199036,4.764723821655396,8.658915771823388
CC(Cc1c[nH]c2ccccc12)NS(=O)(=O)c1cccc(Cl)c1,0.737576505347789,2.4539952699286953,5.458236478501177
COc1c(O)ccc2c1-c1ccc3c(c1/C(=C/c1cccc(C(F)(F)F)c1C)O2)C(C)=CC(C)(C)N3,0.38112430865751556,3.2079207458269376,8.603124441637732
CC(C)(CC(O)(Cc1cc2ccncc2[nH]1)C(F)(F)F)c1cc(Cl)cc2c1OCC2,0.5638326589465031,3.5501720990236283,8.104798752856514
Cc1cc(NC[C@H](C)NS(=O)(=O)C2CC2)c2cnn(-c3cccc(C(=O)NCC(N)=O)c3)c2c1,0.34213120985302825,3.2144944743080037,7.922186546815478
COc1cccc2c1-c1ccc(NS(C)(=O)=O)cc1C(c1ccccc1)O2,0.7350468520699859,2.7095287330570788,7.377725607308272
C[C@]12Cc3cnn(-c4ccc(F)cc4)c3C=C1CCC[C@@H]2[C@H](O)c1ccc(F)cc1,0.6121514657362664,3.5900488686735095,7.823051517075645
Cc1nn(Cc2nccn2C)c2ncc(C(=O)Nc3ccc(Cl)cc3)c(Cl)c12,0.5450183224109454,2.4719068630657794,6.545921164374255
CCC1(CC(O)(Cc2ccnc3ccccc23)C(F)(F)F)CCCc2ccccc21,0.5445803746728833,3.504062195381705,7.4146937083980085
COc1ccc(-c2c[nH]c3c(NS(C)(=O)=O)cccc23)cc1F,0.768440138780189,2.2448104460507565,7.169838744033942
C[C@]12Cc3cnn(-c4ccc(F)cc4)c3C=C1CCN(S(=O)(=O)c1ccccc1F)C2,0.612520610337092,3.2201459353609163,7.80221507819692
C[C@@H]1C[C@H](C)O[C@@]2(CCC3=Cc4c(cnn4-c4ccc(F)cc4)C[C@@]32C)O1,0.7343977086813747,4.564343144655204,8.232839208373235
CC[C@@H](Cn1cc(C#N)c2ccccc21)NS(=O)(=O)c1c(N)cc(Cl)cc1Cl,0.5657645630106903,3.1370818443532507,5.651524666514453
CCS(=O)(=O)c1ccc(-c2ccc3c(n2)Oc2c(F)cccc2[C@@H]3C(C)(C)c2nc3nccnc3[nH]2)cc1,0.3171598313119225,3.7322249352420798,5.995341522435617
COc1cccc2c1-c1ccc3c(c1C(C(C)C)O2)C(C)=CC(C)(C)N3,0.7147070854839491,3.36588256038302,6.387897442095029
C[C@]12C=CC(=O)C=C1[C@@H](F)C[C@H]1[C@@H]3C[C@H]4O[C@@H](c5ccc(Sc6cccc(N)c6)cc5)O[C@@]4(C(=O)CO)[C@@]3(C)C[C@H](O)[C@@]12F,0.39576805434848333,5.129707672013348,7.722736772752363
CN(CC(O)(CNC(=O)c1cnn(-c2ccc(F)cc2)c1N)C(F)(F)F)C(=O)c1c(F)cccc1F,0.41911811000840987,3.3155666038560936,7.400289860863668
Cc1c(S(=O)(=O)N2CCC3=Cc4c(cnn4-c4ccc(F)cc4)C[C@]3(C(=O)c3cc(C(F)(F)F)ccn3)C2)cnn1C,0.24913380699147006,3.844299889156237,7.875583185411841
COc1cccc2c1-c1ccc3c(c1C(C1CCCCC1)O2)C(C)=CC(C)(C)N3,0.600615657031554,3.2843854159809,5.966553232865652
C/C=C\C1Oc2cccc(OC)c2-c2ccc3c(c21)C(C)=CC(C)(C)N3,0.6779808659391094,3.53533825058323,6.417445930004368
OC(c1ccc(F)cc1)c1ccc2c(cnn2-c2ccc(F)cc2)c1,0.6026195252676734,2.5311062301729255,5.558092006985934
Cc1nn(C2CCSCC2)c2ncc(C(=O)Nc3ccc(Cl)cc3)c(Cl)c12,0.6180933733308597,2.56950797982004,6.60755694317106
CNC(=O)C[C@H]1CCc2cc(F)ccc2N1C(=O)c1ccc2c(c1)NC(=O)CO2,0.8317452924309496,3.0822482926282015,5.686933484522883
CNc1ccc(-n2ncc3c(NC[C@H](C)NS(=O)(=O)c4c(C)cc(C)cc4C)cc(C)cc32)cc1,0.31992681579254484,3.1310918363256555,7.740947856215122
C[C@]12Cc3cnn(-c4ccc(F)cc4)c3C=C1CC[C@@]21OC[C@H](c2ccccc2)O1,0.5885079830611551,4.26654058815361,7.681362166331884
CS(=O)(=O)N1CCC2=Cc3c(cnn3-c3ccc(F)cc3)CC2(Cc2ccc(F)cc2)C1,0.598020500965545,3.253469377981398,7.944779501781133
Cc1ccc(F)cc1C(C)(C)CC(O)(Cc1cc2nc(-c3ccccc3)cnc2[nH]1)C(F)(F)F,0.32567255126499234,3.3369784350281364,6.927479254361345
CCCC(CC(=O)O)C1=C2O[C@H](C(C)(C)O)C[C@@]23C[C@H](CC=C(C)C)C(C)(C)[C@@](C(=O)C(C)CC)(C1=O)C3=O,0.247994064112408,6.386490802529153,6.761106904283187
Cc1c(NS(C)(=O)=O)cccc1N(Cc1ccccc1)C(C)c1ccccc1,0.6039560422923766,2.666530674004612,7.073541507582589
CC(C)(C[C@@](O)(Cc1cc2ccncc2[nH]1)C(F)(F)F)c1cc(F)ccc1O,0.5518316233119286,3.3556174981731157,8.35807748180598
C[C@]12C=CC(=O)C=C1CC[C@H]1[C@@H]3C[C@H]4O[C@@H](c5ccc(Sc6cccc(N)c6)cc5)O[C@@]4(C(=O)CO)[C@@]3(C)C[C@H](O)[C@@]12F,0.4024562129383286,4.964294205908446,7.846309610236026
CC(C)(C(=O)NC(N)=O)[C@@H]1c2ccc(-c3ccc(C(=O)O)nc3)nc2Oc2c(F)cccc21,0.552055393110253,3.492946990366507,6.147227545155542
Nc1c(C(=O)NCC(O)(CNC(=O)c2c(F)cccc2F)C(F)(F)F)cnn1-c1ccc(F)cc1,0.3704955388558097,3.226438510226904,6.870599902475196
CCC(=O)O[C@]1(C(=O)SCCP(=O)(O)O)[C@H](C)C[C@H]2[C@@H]3C[C@H](F)C4=CC(=O)C=C[C@]4(C)[C@@]3(F)[C@@H](O)C[C@@]21C,0.3193321472796213,5.283943735355979,7.482733672225477
CCc1nn(C)c2ncc(C(=O)Nc3ccc(Cl)cc3)c(Cl)c12,0.7747945706295357,2.295658282589219,6.597469032296547
CC(Cc1c[nH]c2ccccc12)NS(=O)(=O)c1ccc(C(C)(C)C)cc1,0.7002082620979079,2.5255306373060957,5.828510378675677
COc1ccccc1-c1ccc(CNS(=O)(=O)c2c(C)noc2C)cc1,0.716688413822267,2.0432750110653455,5.75134582687393
C[C@]12C=CC(=O)C=C1CC[C@@H]1[C@@H]2[C@@H](O)C[C@@]2(C)[C@H]1CC[C@]2(O)C(=O)CSc1nc2ncccc2o1,0.6156296420741494,4.6222708279949565,7.714416502027249
CCN(C[C@@](O)(CNC(=O)c1cnn(-c2ccc(F)cc2)c1N)C(F)(F)F)C(=O)c1ccccc1Cl,0.38845350440027204,3.1922163813245765,8.070486347660006
C[C@]12Cc3cnn(-c4ccccc4)c3C=C1CC[C@@H]1[C@@H]2[C@@H](O)C[C@@]2(C)[C@H]1CC[C@]2(O)C(=O)COc1cnc2ccccc2n1,0.32258174720169736,4.5747782591175,8.433394461670781
COc1c(O)ccc2c1-c1ccc3c(c1/C(=C/c1ccc(F)cc1/C=N/O)O2)C(C)=CC(C)(C)N3,0.22984937884219328,3.3058534662430175,8.235970495305734
C=CCNC(=O)O[C@]1(C(=O)CO)[C@@H](C)C[C@H]2[C@@H]3CCC4=CC(=O)C=C[C@]4(C)[C@@]3(F)[C@@H](O)C[C@@]21C,0.5273232664722752,4.857568881412583,7.90728710075157
CCN(C[C@@](O)(CNC(=O)c1cnn(-c2ccc(F)cc2)c1N)C(F)(F)F)C(=O)c1ccccc1,0.4179373401966317,3.1179916529394553,7.573054812309806
C[C@]12Cc3cnn(-c4ccc(F)cc4)c3C=C1CC[C@@H]2[C@@H](O)c1coc2ccccc12,0.4576881361192423,3.8030944608257293,8.196591100911675
Cc1c(NS(C)(=O)=O)cccc1N(Cc1ccc(CCCC(=O)O)cc1)Cc1ccc(Oc2ccccc2)cc1,0.18796251261794686,2.432168689927142,7.035328175048135
CC#C[C@]1(O)CC[C@H]2[C@@H]3CCC4=CC(=O)CCC4=C3[C@@H](c3ccc(OC)cc3C)C[C@@]21C,0.616208871078286,4.390581935234828,8.296882535889928
Cc1c(N[C@@H]2CCC[C@]2(C)O)ccc(C#N)c1Cl,0.8622293422716276,3.518861810077852,5.896393246595651
COc1cccc2c1-c1ccccc1C(c1ccccc1)O2,0.67120886319462,2.41092133934872,5.630538062182722
C[C@]12Cc3cnn(-c4ccc(F)cc4)c3C=C1CCC[C@@H]2[C@@H](O)c1ccoc1,0.6910927022784638,3.873223942911637,8.30946782047327
C[C@H]1c2c(cc(F)c(-c3cccc4c(Cl)c[nH]c34)c2F)NC(C)(C)[C@@H]1OC(=O)Nc1ccc(C#N)cc1,0.25977102336508,3.8628953809529705,7.735593095564326
COCC[C@@]12CC[C@@]3(C)C[C@H](O)CC3=C1CCc1cc(Nc3ncc(C)nc3C)ccc12,0.6257448053319878,4.348708205451899,5.658481001729284
CC(C)(C)c1ccc(S(=O)(=O)N2CCC3=Cc4c(cnn4-c4ccc(F)cc4)C[C@]3(Cc3ccccc3)C2)cc1,0.2798609094944307,3.2707709511299026,7.589747313903769
C[C@]12Cc3cnn(C4CCCCC4)c3C=C1CC[C@@H]1[C@@H]2[C@@H](O)C[C@@]2(C)[C@H]1CC[C@]2(O)C(=O)CSc1cnc2ccccc2n1,0.31416428611289915,4.761698065295573,7.969279530822081
Cc1noc(=O)c2ccc(NC(=O)C(O)(CC3(C)CCCc4ccccc43)C(F)(F)F)cc12,0.601743273540981,3.692915952609284,6.512743733237226
CC#C[C@]1(O)CC[C@H]2[C@@H]3CCC4=CC(=O)CCC4=C3[C@@H](c3ccc(O)c(C)c3)C[C@@]21C,0.6065333719465965,4.43306538185243,7.638863594471295
CC(=O)Nc1ccc(-c2ccc3c(n2)Oc2c(F)cccc2[C@@H]3C(C)(C)C(=O)NC(N)=O)cn1,0.5397077694053947,3.4865463564683985,6.084957276088102
C[C@]12CCC(=O)C=C1CC[C@@H]1[C@@H]2[C@@H](O)C[C@@]2(C)[C@H]1CC[C@]2(O)C(=O)CSc1nc2ncccc2o1,0.6079978657350339,4.575905793029921,7.557839025539796
C#C[C@]1(O)CC[C@H]2[C@@H]3CCC4=CC(=O)CCC4=C3[C@@H](c3ccc(N(C)CCOCCO[C@H]4CC[C@@]5(C)[C@@H](C4)C[C@@H](O)[C@@H]4[C@@H]5C[C@H](O)[C@]5(C)[C@@H]([C@H](C)CCC(=O)O)CC[C@@H]45)cc3)C[C@@]21C,0.11320326341980055,6.021945338422705,8.047249280077416
CCCCC1Oc2ccc(C)cc2-c2ccc3c(c21)C(C)=CC(C)(C)N3,0.6522225710444057,3.2547222337233777,6.363031927061987
Cc1nn(-c2ccccc2)c2ncc(C(=O)Nc3ccc(CCO)cc3)c(Cl)c12,0.5209501114764158,2.225191520223726,6.5347375997313675
C[C@]12C=CC(=O)C=C1[C@@H](F)C[C@H]1[C@@H]3C[C@H]4CN(c5cccc(Cl)c5)C[C@@]4(C(=O)CO)[C@@]3(C)C[C@H](O)[C@@]12F,0.6094922637784114,4.95451866407671,7.62492133832459
CN(C)c1ccc([C@H]2C[C@@]3(C)[C@@H](CC[C@@]3(O)C#CC(C)(C)C)[C@@H]3CCC4=CC(=O)CC[C@]4(C)[C@H]32)cc1,0.4686929440587436,4.638748839703895,7.444384022549017
Cc1ncc(NC(=O)c2ccc3c(c2)CC[C@@H]2C[C@@](O)(CCC(F)(F)F)CC[C@@]32Cc2ccccc2)c(C)n1,0.3694320534150666,3.970106910851073,8.399224421215111
COc1cc(C)c(C)cc1S(=O)(=O)Nc1ccc2c(c1)CCCN2C(=O)c1ccccc1,0.6110679264008684,2.210854050088244,4.719612560534703
C=CCC1Oc2ccc(OCC#N)c(OC)c2-c2ccc3c(c21)C(C)=CC(C)(C)N3,0.6326964231344298,3.6462875432179898,6.159182354599334
CCCCCCn1ncc2c1C=C1CC[C@@H]3[C@H]([C@@H](O)C[C@@]4(C)[C@H]3CC[C@]4(O)C(=O)CO)[C@@]1(C)C2,0.5253452763168699,4.570901479270161,8.194725307559628
CN(C)c1cc(F)c([C@H]2C[C@@]3(C)[C@@H](CC[C@@]3(O)C#CC(C)(C)C)[C@@H]3CCC4=CC(=O)CCC4=C32)c(F)c1,0.4524290596578733,4.74470568277466,7.016916830448837
Cc1cc(-c2cccc3cc[nH]c23)c(Cl)c2c1NC(C)(C)C(=O)C2(C)C,0.5671737325578702,3.1698695761375504,8.017807983750274
Cc1nn(Cc2ccccc2)c2ncc(C(=O)Nc3ccc(Cl)cc3)c(Cl)c12,0.49278937505308884,2.110233121585738,6.5606673061697585
CC(C)NC[C@]12Cc3cnn(-c4ccc(F)cc4)c3C=C1CCN(S(=O)(=O)c1ccc(C(C)(C)C)cc1)C2,0.4626942477394746,3.4049660334520464,7.700210923196958
CC(C)(C(=O)Nc1nccs1)C(c1ccccc1)c1ccc2c(-c3ccc(C#N)cc3)ncn2c1,0.31902693288074807,3.362066486336256,5.663016897971296
CCN(CC(O)(CNC(=O)c1cnn(-c2ccc(F)cc2)c1N)C(F)(F)F)C(=O)c1ccc(Cl)cc1,0.38845350440027204,3.164409630932111,7.760186329274673
C[C@]12Cc3cnn(-c4ccc(F)cc4)c3C=C1CC[C@@]2(O)CCc1cccc(F)c1C(=O)NC1(CO)CC1,0.4288424237333852,3.951579343299527,8.705960971264092
O=S(=O)(Nc1ccc(-c2ccc3c(cnn3-c3ccc(F)cc3)c2)c(C(F)(F)F)c1)c1ccsc1,0.26360478524717923,2.6323756012508674,5.164456040528071
Cc1ccc(F)cc1C(C)(C)C[C@](O)(Cc1cc2cnccc2[nH]1)C(C)(C)C,0.5946999806063399,3.3274697248937626,8.220789908055151
CC12CC(C)(C(=O)Nc3nccs3)C(c3ccccc31)c1ccccc12,0.7029585271969111,3.870160143841014,5.765668666520998
COc1c(O)ccc2c1-c1ccc3c(c1/C(=C/c1cccc(-c4cccnc4)c1)O2)C(C)=CC(C)(C)N3,0.310412292287073,3.025453838669044,8.758912533164246
C[C@H](NC(=O)C(C)(F)F)[C@H](Oc1ccc2c(cnn2-c2cccc(C(=O)NCc3cccnc3)c2)c1)c1ccc2c(c1)OCCO2,0.21301942269163632,3.7076563469426915,9.111541095547224
C[C@]12C=CC(=O)C=C1[C@@H](F)C[C@H]1[C@@H]3C[C@H]4CN(Cc5ccc(CSc6ccc(O)cc6)cc5)C[C@@]4(C(=O)CO)[C@@]3(C)C[C@H](O)[C@@]12F,0.33662866987959045,4.979937626389235,7.686208029641216
C[C@H]1c2c(cc(F)c(-c3cccc4cc[nH]c34)c2F)NC(C)(C)[C@@H]1OC(=O)N(C)c1ccccc1,0.33342537601622907,3.8583529115534443,6.67494764354065
N#Cc1cc(F)cc(-c2ccc3c(c2)C2(CCCCC2)C(S)=N3)c1,0.6819804278560864,3.4191271792572033,6.555609304468319
Cc1nn(C)c2ncc(C(=O)Nc3ccc(C(F)(F)F)cc3)c(F)c12,0.7158750077448058,2.391502141154019,6.571502734498762
CCCCC[C@H]1C[C@@]2(C)C(CC[C@@H]2O)C2CCC3=CC(=O)CCC3=C21,0.6983529833974775,4.230369435516076,6.543354430224814
C=CCC1Oc2ccc(O)c(Cl)c2-c2ccc3c(c21)C(C)=CC(C)(C)N3,0.6091638393666897,3.6326267911522505,6.415261016896607
COc1cccc2c1-c1ccc(NS(C)(=O)=O)cc1C(c1cccc(F)c1)O2,0.708256801362009,2.8216461559909796,8.299605764590279
C#CCOc1cccc2c1-c1ccc3c(c1C(CC=C)O2)C(C)=CC(C)(C)N3,0.5294176118608009,3.6503489797495003,7.22920645044833
Cc1nn(-c2ccc(F)cc2)c2ncc(C(=O)Nc3ccc(C(C)C)cc3)c(Cl)c12,0.4452428059873993,2.2485245821887396,6.437813938117882
CC(C)(CC(O)(Cc1cc2ncncc2[nH]1)C(F)(F)F)c1ccc(F)cc1O,0.5685212617774341,3.5244622350152195,7.954715964969588
CC1NC(=O)C(c2ccc(F)cc2)=C1c1cc(F)c2c(c1)NC(=O)CO2,0.8695091726112731,3.339830558275537,5.312123243411487
CC#C[C@]1(O)CC[C@H]2[C@@H]3CCC4=CC(=O)CC[C@]4(C)[C@H]3[C@@H](c3ccc(N4CCCC4)cc3)C[C@@]21C,0.5171696392211802,4.475153737085865,7.325694255247958
CC(C)(CC(O)(Cc1cccc(O)c1)C(=O)Nc1ccc2c(c1)COC2=O)c1ccccc1,0.47030091712914396,3.1096135952256665,6.905656461922636
COc1ccc(F)cc1C(C)(C)C[C@@](O)(Cc1cc2cc(C#N)ccc2[nH]1)C(F)(F)F,0.51127000099433,3.2690325986975806,8.433007757969733
COc1ccc(F)cc1C(C)(C)CC(O)(Cc1ccccc1)C(F)(F)F,0.7222774051121634,2.791544868075327,6.8288341174201275
Cc1cc(C)c(S(=O)(=O)N[C@@H](C)CNc2cc(C)cc3c2cnn3-c2ccc(N[C@H](C)C(N)=O)cc2)c(C)c1,0.2334128355196324,3.5209002437192876,7.61091462148886
C#C[C@]1(O)CC[C@H]2[C@@H]3CCC4=CC(=O)CCC4=C3[C@@H](c3ccc(N(C)CCOC4CC[C@@]5(C)[C@@H](C4)C[C@@H](O)[C@@H]4[C@@H]5C[C@H](O)[C@]5(C)[C@@H]([C@H](C)CCC(=O)NCCS(=O)(=O)O)CC[C@@H]45)cc3)C[C@@]21C,0.09710118223738283,6.1360767593638865,7.9619339945056495
COc1ccc(/C=C2\Oc3ccc(O)c(OC)c3-c3ccc4c(c32)C(C)=CC(C)(C)N4)cc1,0.48108162780200575,2.8994752885742976,7.941746962950329
O=C(Nc1ccc(C(F)(F)F)cc1)c1cnc2c(ncn2Cc2ccc(F)cc2)c1Cl,0.4167318567807773,2.36208566646712,5.550851352852318
CNc1cccc(Cc2ccc([C@H]3O[C@@H]4C[C@H]5[C@@H]6C[C@H](F)C7=CC(=O)C=C[C@]7(C)[C@@]6(F)[C@@H](O)C[C@]5(C)[C@]4(C(=O)CO)O3)cc2)c1,0.4199644069584401,5.051950921343472,7.837092024555015
O=C(c1ccccn1)[C@]12Cc3cnn(-c4ccc(F)cc4)c3C=C1CCN(S(=O)(=O)c1ccc(C(F)(F)F)cc1)C2,0.23475328080414942,3.536053793854032,7.183093990574518
COc1ccc(Cn2nc(C)c3c(Cl)c(C(=O)Nc4ccc(C(F)(F)F)cc4)cnc32)cn1,0.43321609296562436,2.5248092728228677,6.693067132577038
C=C1C=C(C)C(Cc2cc(OC)c(Br)cc2O)C(C)(C)C1,0.8054724632328392,3.671592295747132,5.727712828831628
COc1ccccc1-c1ccc2c(c1)C(CSCCc1ccccc1)=CC(C)(C)N2,0.42296202935857846,2.5171361017037075,6.081217288383132
Cc1ccc(F)cc1C(C)(C)C[C@@](O)(Cc1cc2nnccc2[nH]1)C(F)(F)F,0.6204901730538112,3.4762594010071215,7.885501576112324
C#C[C@]1(O)CC[C@H]2[C@@H]3CCC4=Cc5oncc5C[C@]4(C)[C@H]3CC[C@@]21C,0.7210430866196731,4.6919596816135005,6.4846663188701275
C[C@]1(C(=O)Nc2nccs2)CC2c3ccccc3C1c1ccccc12,0.7261515379105239,3.648083420585607,5.703579794703737
CC1(CC(O)(CNC(=O)c2cnn(-c3ccccc3)c2N)C(F)(F)F)CCCc2ccccc21,0.5023090928930081,3.5844835584721046,8.085902547544965
COC(=O)c1cccc2c1-c1ccc(NS(C)(=O)=O)cc1C(c1ccccc1)O2,0.6590755577930998,2.8287893808083133,6.311613127129365
COc1ccccc1-c1ccc2c(c1)C(CSC1CCCC1)=CC(C)(C)N2,0.6301184677374885,2.682382766571749,6.193381325310495
C=CC[C@@H]1Oc2ccc(OC#N)c(OC)c2-c2ccc3c(c21)C(C)=CC(C)(C)N3,0.5265447210912897,3.8048449155175073,6.1909946823082675
C=C1CCCC(C)(C)[C@H]1Cc1cc(OC)c(Br)cc1O,0.7776092416985738,3.3123496355415654,5.563341363423898
C[C@]12Cn3cnc(-c4ccc(F)cc4)c3C=C1CCC[C@@H]2[C@](C)(O)C1CCOCC1,0.7684589530509641,4.258613627170826,6.2174009093992835
COc1ccc(C2CCN(c3[nH]c(=O)[nH]c(=O)c3Cc3ccccc3)CC2)cc1,0.7007730072320928,2.3730907456970503,5.831557472759301
O=c1[nH]c(=O)c(Cc2ccccc2)c([C@H]2CC[C@@H](c3ccccc3)CC2)[nH]1,0.7356798332964907,2.2972159326267274,5.432094740122251
C[C@]12Cc3cnn(-c4ccc(F)cc4)c3C=C1CC[C@@H]1[C@@H]2[C@@H](O)C[C@@]2(C)[C@H]1CC[C@]2(O)C(=O)CSc1nc2ncccc2o1,0.27162777513468056,4.733567538342212,9.245138714649315
CCNC(=O)NC(=O)C(C)(C)[C@@H]1c2ccc(-c3ccc(C(=O)N4CCOCC4)cc3)nc2Oc2c(F)cccc21,0.48885523724715507,3.437651747231797,6.075587530310186
O=c1[nH]c(=O)c(Cc2ccc(Cl)cc2Cl)c([C@H]2CC[C@@H](c3ccccc3)CC2)[nH]1,0.5831917011318996,2.4906856814841536,5.709127492222708
C[C@@]1(C(=O)Nc2nccs2)CC2(C#N)c3ccccc3C1c1ccccc12,0.7237998634199275,4.004860829233126,5.553848444920496
N#Cc1ccc(S(=O)(=O)N(Cc2ccc(Br)cc2)c2ccc(Oc3ccccc3)cc2)cc1,0.2792630465322766,2.125299668879901,4.7323757764773795
CCCc1ccc(NC(=O)c2cnc3c(c(C)nn3-c3ccccc3)c2Cl)cc1,0.4714742044790214,2.1648473126240972,6.52584693919806
CC(C)(C(=O)Nc1nncs1)C(c1ccccc1)c1ccc2c(c1)C=NC2CCCO,0.5431572397660174,3.8919706440180404,6.330016420080139
O=C(Nc1ccc(C(=O)NC2CC2)s1)c1cccc(S(=O)(=O)N2CCCc3ccccc32)c1,0.5556202750911146,2.4075755789496753,5.683126084422257
CCC1(CC(O)(Cc2cc3ccccc3[nH]2)C(F)(F)F)CCCc2ccccc21,0.5341269587534325,3.5606680847165553,6.5416871263603
COc1ccc(F)cc1C(C)(C)CC(O)(Cc1ccccc1F)C(F)(F)F,0.6915156752338569,2.9205098019881497,6.626168733738879
C[C@H]1c2c(Cl)c(-c3cccc4cc[nH]c34)cc(F)c2NC(C)(C)[C@@H]1O,0.5527515559527336,3.8435709667918267,8.025676129746369
CC(C)[C@H](NC(=O)C(C)(F)F)[C@H](Oc1ccc2c(cnn2-c2ccc(=O)n(C)c2)c1)c1ccccc1,0.3871905259099412,3.7272122313828344,7.9881397462062464
COCCc1ccc(NC(=O)c2cnc3c(c(C)nn3-c3ccccc3)c2Cl)cc1,0.48501577062778917,2.2326514924877436,6.549274745392621
Fc1ccc(-n2ncc3cc(-c4ccccc4)ccc32)cc1,0.5162479957479292,1.7896135347015498,5.232171290401567
CC(C)(O)c1ccc(-c2ccc3c(n2)Oc2ccccc2[C@@H]3C(C)(C)C(=O)NC(N)=O)cc1,0.549418447134892,3.3163537528348064,5.867696093268387
Cc1ncn(C)c1-c1cc2c(c3c1CCC3)NC(C)(C)C(=O)C2(C)C,0.8573581290543653,3.29921322712687,6.92316021631595
CC(C)S(=O)(=O)c1ccc(-c2ccc3c(n2)Oc2ccccc2[C@@H]3C(C)(C)C(=O)NC(N)=O)cc1,0.542428021546385,3.322816652939455,5.704631543424442
CC(C)[C@H](NC(=O)C(C)(F)F)[C@H](Oc1ccc2c(cnn2-c2ccc(=O)n(C)c2)c1)c1cc(F)cc(F)c1,0.3283488323844623,3.928607556261978,8.29570346931681
Cc1nn(C)c2ncc(C(=O)Nc3ccc(OC(C)C)cc3)c(Cl)c12,0.7657382083754944,2.235625818116443,5.996680314988377
C=C1C=C(C)C[C@@H](C)[C@@H]1Cc1cc(OC)c(Br)cc1OC(C)=O,0.5404376364233455,3.728298234843738,5.857771282840119
Cc1c(NS(C)(=O)=O)cccc1N(Cc1ccccc1)Cc1ccc(Cl)cc1,0.5756681511782069,2.09453432168311,7.286405691644497
Cc1c(NS(C)(=O)=O)cccc1N(Cc1ccccc1)Cc1ccc(Oc2cccc(OCCCN3CCOCC3)c2)cc1,0.16303327231324677,2.617660729430291,7.6864713245791565
COc1ccc(C(c2ccccc2)C(C)(C)C(=O)Nc2nccs2)cc1,0.671520755985418,2.6979153046657647,5.824975078673062
CCOc1ccc(NC(=O)c2cnc3c(c(C)nn3-c3ccc(F)cc3)c2Cl)cc1,0.47938969007374177,2.2055583766295914,5.804437102028579
O=C(Nc1ccc(C(F)(F)F)cc1)c1cnc2c(c(Cl)nn2Cc2ccccn2)c1Cl,0.43422992911368813,2.5853015815864815,6.632904880105047
C[C@H](c1ccc(F)cc1)N1C(=O)O[C@](Cc2ccccc2)(c2nc3cc(Cl)ccc3[nH]2)C1=O,0.4217620197327928,3.5283009169084867,5.479051607706577
CC(C)(c1nc2nccnc2[nH]1)[C@@H]1c2ccc(-c3ccccc3)nc2Oc2c(F)cccc21,0.3877792987322389,3.56673882785594,5.553168611672385
Cc1cc(NC[C@H](C)NS(=O)(=O)C2CC2)c2cnn(-c3cccc(C(=O)N[C@@H](C)C(N)=O)c3)c2c1,0.33509201530351834,3.504567050093476,7.542722753447436
CC#C[C@]1(O)CC[C@H]2[C@@H]3CCC4=CC(=O)CCC4=C3[C@@H](c3ccc(OC[C@@H](O)C[C@@H](O)CC(=O)O)cc3)C[C@@]21C,0.3570921098101527,4.712947682904998,8.063314663450564
CC(C)(C(=O)Nc1nccs1)C(c1ccccc1)c1ccc2c(ccn2-c2ccc(F)cc2)c1,0.29035679189524805,3.057368464755248,5.77112658097202
COc1cccc(-n2ncc3cc(C(c4ccccc4)C(C)(C)C(=O)Nc4nncs4)ccc32)c1,0.32194116385453864,3.1751543766637518,6.914224625383365
O=C(c1ccco1)N1CCCc2cc(N(S(=O)(=O)c3ccc([N+](=O)[O-])cc3)S(=O)(=O)c3ccc([N+](=O)[O-])cc3)ccc21,0.20494058956277678,2.8316264040356938,4.313766450822519
Cc1nn(Cc2cnco2)c2ncc(C(=O)Nc3ccc(C(F)(F)F)cc3)c(Cl)c12,0.5018508745053973,2.715126779990939,6.69182958689657
CC(C)C[C@@H](c1ccc2c(cnn2-c2ccc(F)cc2)c1)C(C)(C)CNC(=O)NCC(F)(F)F,0.3798932391252781,3.2836821782307126,7.123818243478131
C=C[C@@H]1CO[C@@]2(CCC3=Cc4c(cnn4-c4ccc(F)cc4)C[C@@]32C)O1,0.7653028226852779,4.592632240683275,7.810914243313822
O=C(c1ccco1)N1CCCc2cc(NS(=O)(=O)c3ccc4c(c3)CCCC4)ccc21,0.6506085256654125,2.3854713959100895,5.681159610021414
COc1ccc(F)cc1C(C)(C)CC(O)(Cc1cc2c(C)cccc2[nH]1)C(F)(F)F,0.490352892915971,3.1544523173327637,7.548717297836458
COc1ccccc1-c1ccc2c(c1)C(C(C)OCCc1cccc(Cl)c1)=CC(C)(C)N2,0.4133145361048574,3.1286987947185088,6.508111467793139
CC(=O)N[C@@H](Cc1cnc[nH]1)C(=O)NCC(=O)N[C@@H](CCC(N)=O)C(=O)NCC(=O)N[C@H](C(=O)N[C@@H](Cc1ccccc1)C(=O)N[C@H](C(=O)N[C@@H](CO)C(=O)N[C@@H](CC(=O)O)C(=O)N[C@@H](Cc1ccc(O)cc1)C(=O)N[C@@H](CO)C(=O)N[C@@H](CCCCN)C(=O)N[C@@H](Cc1ccc(O)cc1)C(=O)N[C@@H](CC(C)C)C(=O)N[C@@H](CC(=O)O)C(=O)N[C@@H](CO)C(=O)N[C@@H](CCCNC(=N)N)C(=O)N[C@@H](CCCNC(=N)N)C(=O)N[C@@H](C)C(=O)N[C@@H](CCC(N)=O)C(=O)N[C@@H](CC(=O)O)C(=O)N[C@@H](Cc1ccccc1)C(=O)N[C@H](C(=O)N[C@@H](CCC(N)=O)C(=O)N[C@@H](Cc1c[nH]c2ccccc12)C(=O)N[C@@H](CC(C)C)C(=O)N[C@@H](CC(C)C)CN(CC(=O)N[C@H](C(N)=O)[C@@H](C)O)S(=O)(=O)CCN)C(C)C)[C@@H](C)O)[C@@H](C)O,0.00956134114820275,9.60261873603439,5.994702275136155
CC(C)(C(=O)Nc1nncs1)[C@H]1c2ccccc2Oc2nc(-c3ccc(C(=O)N4CCOCC4)c(F)c3)ccc21,0.36202416753583694,3.489219586933457,6.147697113060456
CC[C@@H](Cn1ccc2ccccc21)NS(=O)(=O)c1c(N)cc(Cl)cc1Cl,0.593388981384914,2.9662075603830207,6.160380164583569
COc1cccc2c1-c1ccc3c(c1CO2)C(C)=CC(C)(C)N3,0.815676773346332,2.7651471102519416,6.128727278920004
COC[C@]12Cc3cnn(-c4ccc(F)cc4)c3C=C1CCN(S(=O)(=O)c1ccc(F)cc1)C2,0.5677129025447483,3.238165392913224,7.949268464300159
Cc1nn(-c2ccccc2)c2ncc(C(=O)Nc3ccc(Cl)cc3)c(Cl)c12,0.5112456980683211,2.097863024775082,6.290153316276118
Cc1c(NS(C)(=O)=O)cccc1N(Cc1ccccc1)Cc1ccc(Oc2ccc(CCC(=O)O)cc2)cc1,0.21479512455076602,2.3849009693525556,8.035413393526424
Cc1nn(-c2ccccc2)c2ncc(C(=O)Nc3ccc(OC(F)(F)F)cc3)c(Cl)c12,0.4470550581897998,2.3156676293318394,6.506543285073167
CC#C[C@]1(O)CC[C@H]2[C@@H]3CCc4cc(C(=O)Nc5cnccc5C)ccc4[C@H]3[C@@H](O)C[C@@]21C,0.6058454469563851,4.232815502787588,6.219836570947157
Cc1ccc(F)cc1C(C)(C)CC(O)(Cc1cc2ncncc2[nH]1)C(F)(F)F,0.6204901730538112,3.4297873362297953,7.766989567274005
C/C=C/C1Oc2cccc(OC)c2-c2ccc3c(c21)C(C)=CC(C)(C)N3,0.6779808659391094,3.53533825058323,6.417445930004368
Cc1ncccc1NC(=O)c1ccc2c(c1)CC[C@@H]1C[C@@](OP(=O)(O)O)(C(F)(F)F)CC[C@@]21Cc1ccccc1,0.29927986710791293,4.088135546051575,7.16974210787223
Cc1cc(-c2cccc3cc[nH]c23)c(/C=C/C#N)c2c1NC(C)(C)[C@H](O)[C@H]2C,0.5318755929671046,4.0458766192449165,7.423671496907675
Cc1ccc2c(NCC(O)(CC3(C)CCCc4ccccc43)C(F)(F)F)cccc2n1,0.5292211136212546,3.5014625761850597,8.009957230049936
Cc1c[nH]c2c(-c3c(F)cc4c(c3F)/C(=N/OC(C)C)CC(C)(C)N4)cccc12,0.5212784239194669,3.4111533830596876,7.81192264068648
C[C@]12Cc3cnn(-c4ccc(F)cc4)c3C=C1CCC[C@@H]2[C@@H](O)c1ccc(O)cc1,0.6310816574005075,3.6432760600867464,7.942629958626017
Cc1ccc(F)cc1C(C)(C)CC(O)(Cc1cc2nc(-c3cccnc3)ncc2[nH]1)C(F)(F)F,0.3547122598016718,3.424194474308006,7.839023014693331
CC(C)(C)c1ccc(S(=O)(=O)N2CCC3=Cc4c(cnn4-c4ccc(F)cc4)C[C@]3(CN3CCOCC3)C2)cc1,0.45106860405418175,3.422251517931521,7.649706110624902
CC#C[C@@]1(O)CC[C@@]2(CC)c3ccc(O)cc3CC[C@@H]2C1,0.7743931627126872,4.005951978698527,7.2534273742109185
Cc1ccc(F)cc1C(C)(C)CC(O)(Cc1cc2nnccc2[nH]1)C(F)(F)F,0.6204901730538112,3.4762594010071215,7.885501576112324
C=C[C@H]1OC2(CCCC3=Cc4c(cnn4-c4ccc(F)cc4)C[C@@]32C)O[C@@H]1C=C,0.6904218761834939,4.7559876653265665,8.707864341647849
O=C(c1ccco1)N1CCCc2cc(N(S(=O)(=O)c3cc4ccccc4s3)S(=O)(=O)c3cc4ccccc4s3)ccc21,0.19773214203762365,3.05702218867064,4.921374350232486
COc1c(O)ccc2c1-c1ccc3c(c1/C(=C/c1sccc1COCCO)O2)C(C)=CC(C)(C)N3,0.3597693336997024,3.387107069782335,9.179393794402738
CC1=CC(C)(C)Nc2ccc3c(c21)C(c1ccc(C)c(F)c1)Oc1ccccc1-3,0.49232088994678413,3.169526341408689,6.68358572037713
CC(C)(C(=O)NC(N)=O)[C@H]1c2ccccc2Oc2nc(-c3ccncc3)ccc21,0.7127512704208069,3.2323912569809226,5.694419110446742
C[C@]12C=CC(=O)C=C1[C@@H](F)C[C@H]1[C@@H]3C[C@H]4O[C@H](c5ccc(CSc6ccc(N)cc6)cc5)O[C@@]4(C(=O)CO)[C@@]3(C)C[C@H](O)[C@@]12F,0.29221289859472294,5.0729047674973184,7.943512609497076
Cc1ccc([C@@H](Oc2ccc(C(=O)Nc3ccccc3)nc2)[C@H](C)NC(=O)C(F)(F)F)cc1,0.5327289868133723,3.088962615478188,7.360835902090678
N#Cc1ccc(S(=O)(=O)N(c2ccc3c(c2)CCCN3C(=O)c2ccco2)S(=O)(=O)c2ccc(C#N)cc2)cc1,0.33321621189742945,2.82559183492374,4.484865888134174
Cc1cc(-c2cccc3cc[nH]c23)c(/C=N/OCc2ccccc2)c2c1NC(C)(C)[C@H](O)[C@H]2C,0.24312794602690396,3.818833836864357,7.638437621329925
CC(C)(C(=O)Nc1nncs1)[C@H]1c2ccccc2Oc2nc(-c3ccc(C(=O)N4CCCC4)c(F)c3)ccc21,0.3378031101694759,3.4316275886829644,6.023857574700065
CC(C)(C(=O)Nc1nncs1)[C@H](c1ccccc1)c1ccc2[nH]ncc2c1,0.5455908062634558,3.160008322698207,5.855824175090472
C=C1C=C(C)CC(C)(C)C1Cc1cc(OC)c(Br)cc1OC(C)=O,0.5024472440329758,3.5333777018324533,5.833258175140556
CC1=CC(C)(C)Nc2ccc3c(c21)/C(=C/c1ccccc1C)Oc1c(F)cccc1-3,0.46507766176076143,2.881666068937287,6.505891980736113
C/C=C1/C(=O)C[C@H]2[C@@H]3CCC4=CC(=O)CC[C@]4(C)[C@H]3CC[C@]12C,0.6104424612516859,4.220286215812726,5.575814746832411
Cc1nn(Cc2ccsc2)c2ncc(C(=O)Nc3ccc(Cl)cc3)c(Cl)c12,0.48321267319998407,2.383449837961898,6.565603057433053
COc1cncc(Cn2nc(C)c3c(Cl)c(C(=O)Nc4ccc(Cl)cc4)cnc32)c1,0.4825227033927281,2.419566159435023,6.570538808696348
CCO/N=C/c1c(-c2cccc3cc[nH]c23)cc(C)c2c1[C@H](C)[C@@H](O)C(C)(C)N2,0.4237639141410925,4.00731144515016,7.234712879796041
Cc1noc(C)c1-c1ccc(CNC(=O)c2cnc3c(c(C)nn3-c3ccccc3)c2Cl)cc1,0.3611288018788333,2.486371893374642,5.628220411415628
COc1ccc(F)cc1C(C)(C)CC(O)(Cn1ccc(=O)c2cnccc21)C(F)(F)F,0.5861055796983415,3.3227029283679093,7.394466640229096
CCC(Cc1cc(C)c(O)c(C)c1)NS(=O)(=O)c1c(C)cc(C)cc1C,0.7937344045380987,2.8327807209181373,6.547920351049246
C[C@](c1ccc(F)cc1)(c1c[nH]c2c(NS(C)(=O)=O)cccc12)C1CC1,0.6974715935108359,3.0609075603830185,6.5298277436106495
COc1cccc(NC(=O)c2cnc3c(c(C)nn3C)c2Cl)c1,0.800384014690227,2.1559376095122964,6.657237076002654
Cc1nocc1-c1ccc2[nH]c([C@@]3(Cc4ccccc4)OC(=O)N([C@H](C)c4ccc(F)cc4)C3=O)nc2c1,0.30783881339466024,3.8933788051084033,5.591644113781882
CC(C)(C(=O)Nc1nccs1)C(c1ccccc1)c1ccc2c(cnn2-c2ccc(F)cc2)c1,0.3115878495462623,3.0564896578478704,6.915796127298666
C=CC[C@]1(O)C[C@H]2CCc3cc(O)ccc3[C@]2(CC)C[C@@]1(C)O,0.7485345728280272,4.268471866889641,7.489109514024393
Cc1cc(C)c(S(=O)(=O)N[C@@H](C)CNc2cc(C)cc3c2cnn3-c2cccc(N3CCCC(CO)C3)c2)c(C)c1,0.2522937504522239,3.6068117705836453,7.666111775584866
CC[C@@]12C[C@@](C)(O)[C@](O)(c3ccccc3)C[C@H]1CC(=O)c1cc(OC(=O)c3ccccc3)ccc12,0.40506392298432975,3.842612390471368,8.488158779130075
COc1ccc(-n2ncc3cc(C(c4ccccc4)C(C)(C)C(=O)Nc4nncs4)ccc32)cc1,0.32194116385453864,3.1349086797863723,6.856288983920743
COc1cc2c(cc1-c1c(C)noc1C)C(C)(C)C(=O)C(C)(C)N2,0.9018658297433377,2.948723428990018,7.099764816631368
Cc1nn(C2CCN(Cc3ccccc3)CC2)c2ncc(C(=O)Nc3ccc(C(=O)c4ccccc4)cc3)c(Cl)c12,0.22249285231978633,2.4829826512497633,6.476277558617793
Cc1c2ccncc2c(C)c2c1[nH]c1ccccc12,0.48641016175890156,2.2946637686993423,4.342102192921412
Cc1ccc([C@@H](Oc2ccc(C(=O)N[C@@H]3CCCN(C(=O)[C@H]4COC(=O)C4)C3)nc2)[C@H](C)NC(=O)C(F)(F)F)cc1,0.4630324353894633,4.029123318635445,7.827509253069413
CCN(C[C@@](O)(CNC(=O)c1cnn(-c2ccc(F)cc2)c1N)C(F)(F)F)C(=O)c1c(C)cccc1C,0.39354054731669125,3.310370477077516,8.010849294248684
Cc1nn(C2CCN(C(C)C)CC2)c2ncc(C(=O)Nc3ccc(C(F)(F)F)cc3)c(Cl)c12,0.5203423090088612,2.5833090082045445,6.581113246839031
COc1ccc(Cn2cnc3c(Cl)c(C(=O)Nc4ccc(Cl)cc4)cnc32)cc1,0.48426758524660524,2.2018866082682127,5.51079632845245
CC(C)[C@H](NC(=O)C(F)(F)F)[C@H](Oc1ccc2c(cnn2-c2ccc(=O)n(C)c2)c1)c1ccc(Cl)c(F)c1,0.3151487544475405,3.8298112544868292,7.433903517050306
COc1ccc([C@@H]2[C@@H](C)[C@H](C)[C@H]2c2ccc(OC)c(OC)c2)cc1OC,0.7395255758134633,3.2148940417111493,5.061933898724846
CCCCC1Oc2ccc(OC)cc2-c2ccc3c(c21)C(C)=CC(C)(C)N3,0.664164727750908,3.2359409760772184,6.330385354383642
CC1=CC(C)(C)Nc2ccc3c(c21)C(c1cccc(C(F)(F)F)c1)Oc1ccccc1-3,0.44022548197228784,3.2135271989249397,6.420819509802772
COc1cccc2c1-c1ccc3c(c1C(Cc1ccccc1)O2)C(C)=CC(C)(C)N3,0.5368657376457525,3.1650463344267807,6.163389154945045
O=S(=O)(c1ccc(F)cc1)N(Cc1ccccc1)c1ccc(Oc2ccccc2)cc1,0.3583725041130838,1.8871129343716273,5.524354027731027
COc1ccc(F)cc1C(C)(C)CC(O)(Cc1cccc(Cl)c1)C(F)(F)F,0.6264223577908086,2.9043213404496893,6.555871127002674
Cc1csc(C(=O)[C@]23Cc4cnn(-c5ccc(F)cc5)c4C=C2CCN(S(=O)(=O)c2cccc(C(F)(F)F)c2)C3)n1,0.21628883531858176,3.7016652112222683,7.872105104233978
CCSC[C@@](O)([C@@H](Nc1cccc2nc(C)ccc12)c1ccc(OC)c(F)c1Cl)C(F)(F)F,0.3422854204024075,3.7157566288561146,7.158386218772878
C#C[C@]1(O)CC[C@H]2[C@@H]3CCC4=CC(=O)CCC4=C3[C@@H](c3ccc(N(C)CCOC4CC[C@@]5(C)[C@@H](C4)C[C@@H](O)[C@@H]4[C@@H]5C[C@H](O)[C@]5(C)[C@@H]([C@H](C)CCC(=O)O)CC[C@@H]45)cc3)C[C@@]21C,0.17238254209031315,5.936886008906658,8.089051736320297
CC(C)(C(=O)Nc1nncs1)[C@H]1c2ccccc2Oc2nc(-c3ccc(C(=O)N4CCOCC4)cc3)ccc21,0.3799998295427156,3.379186867346778,5.878951685632662
COc1ccc(F)cc1C(C)(C)CC(O)(Cc1ccc(C#N)cc1)C(F)(F)F,0.7074137979658266,2.9867783078897148,7.370071452219616
Cc1cc(C)c(S(=O)(=O)NC(Cc2c[nH]c3c(C#N)cccc23)C(F)(F)F)c(C)c1,0.6222619615200342,3.240100180580627,6.64710367418126
Cc1cc(-c2cc3ccccc3[nH]2)c(Cl)c2c1NC(C)(C)CC2C,0.5207593836217922,3.3470231309369316,6.197862886239139
COc1ccc(Cn2cnc3c(Cl)c(C(=O)Nc4ccc(C(C)C)cc4)cnc32)cc1,0.43362981044734683,2.282257200105894,5.5054065107352725
CC(C)[C@H](NC(=O)C(C)(F)F)[C@H](Oc1ccc2c(cnn2-c2cc(F)c(=O)n(C)c2)c1)c1ccccc1,0.36872733505874256,3.822334519027917,8.326695713230292
CC(=O)OCC(=O)[C@@]1(O)CC[C@H]2[C@@H]3CCC4=CC(=O)CC[C@]4(C)[C@@]3(F)[C@@H](O)C[C@@]21C,0.6778330887220734,4.49406358737661,7.712710309638887
Cc1ccnc(SCC(=O)[C@@]2(O)CC[C@H]3[C@@H]4CCC5=CC(=O)C=C[C@]5(C)[C@H]4[C@@H](O)C[C@@]32C)n1,0.5155375629609453,4.519810960497333,7.721767334420007
CC(C)(C)c1ccc(S(=O)(=O)N2CCC3=Cc4c(cnn4-c4ccc(F)cc4)C[C@]3(CO)C2)cc1,0.5849938273835789,3.3103695669896904,7.667189621771725
CCn1nccc1S(=O)(=O)N1CCC2=Cc3c(cnn3-c3ccc(F)cc3)C[C@]2(C(=O)c2cc(C(F)(F)F)ccn2)C1,0.23788805944376715,3.9613647372156082,7.835580699750078
CCCc1ccc(-c2ccc3c(n2)Oc2ccccc2[C@H]3C(C)(C)C(=O)Nc2nncs2)cc1,0.3501101374890727,3.2802279624004598,5.77535435341391
CCOc1ccc(-c2ccc(CCCc3nn(-c4ccc(C(F)(F)F)cc4)c(=O)n3-c3ccccc3F)cc2)cc1CC(=O)O,0.1602770128782028,2.7841279441087305,5.201517676183485
Cc1nn(-c2ccccc2)c2ncc(C(=O)Nc3ccccc3Cl)c(Cl)c12,0.5112456980683212,2.1297793084913668,6.4005958975946475
O=C(Nc1ccc(Cl)cc1)c1cnc2c(cnn2C2CCS(=O)(=O)CC2)c1Cl,0.6712353915908401,2.5714098815662663,6.7912947120405525
Cc1ncncc1Nc1ccc2c(c1)CC[C@@H]1C3=CC(=O)C[C@]3(C)CC[C@@]21C,0.8004036033223749,4.129362340347535,5.720293208873497
C#Cc1cccc2c1-c1ccc3c(c1C(CC=C)O2)C(C)=CC(C)(C)N3,0.5380014863148532,3.7334444676538308,6.778069795433112
C#Cc1cccc2c1-c1ccc3c(c1[C@H](CC=C)O2)C(C)=CC(C)(C)N3,0.5380014863148532,3.7334444676538308,6.778069795433112
COc1ccc(F)cc1C(C)(C)CC(O)(Cc1cc2ccc(C#N)cc2[nH]1)C(F)(F)F,0.51127000099433,3.2737996316646143,7.931844817461921
CC12CCC(=O)C=C1CCCC2C(O)c1csc2ccccc12,0.8401049384482112,3.7081158448824816,5.810581641145359
CC(C)CC(c1ccc2c(cnn2-c2ccc(F)cc2)c1)C(C)(C)C(=O)Nc1nncs1,0.3847650977395723,3.2964971210076026,6.897416694738751
C=CC[C@H](O)C1CCCC2=Cc3c(cnn3-c3ccc(F)cc3)C[C@@]21C,0.8105038125102578,3.848822949389695,8.390276077572057
O=C1COc2ccc(C3=Nn4cnnc4SC3c3ccccc3)cc2N1,0.7570519853113911,3.547984708235168,5.238957399404324
COc1cccc2c1-c1ccc(NS(C)(=O)=O)cc1C(c1ccc(F)cc1)O2,0.708256801362009,2.772413439340541,7.854156335498622
COc1c(O)ccc2c1-c1ccc3c(c1/C(=C/c1cccc(-c4ccsc4)c1)O2)C(C)=CC(C)(C)N3,0.3013745341609423,3.108696765923346,9.151257199217266
CC(C)(CC(O)(Cc1cc2cc(S(C)(=O)=O)ncc2[nH]1)C(F)(F)F)c1ccccc1S(N)(=O)=O,0.43804758776834263,3.604048778726991,7.044964053124374
COc1ncccc1-c1ccc([C@@H](C)NS(=O)(=O)c2cn(C)nc2C(F)(F)F)cc1,0.6336787883831542,3.012490424483066,5.531087389356189
Cc1ncccc1NC(=O)c1ccc2c(c1)CC[C@@H]1C[C@@](OC(=O)OCC(C)C)(C(F)(F)F)CC[C@@]21Cc1ccccc1,0.2808045111707902,4.079781975210608,6.646138367027931
CC(=O)Nc1ccc(-c2ccc3c(n2)Oc2c(F)cccc2[C@@H]3C(C)(C)c2nc3nccnc3[nH]2)cc1,0.3306669841479904,3.626825995219752,5.94067711451329
Cc1cc([C@H](O)[C@H]2CCCC3=Cc4c(cnn4-c4ccc(F)cc4)C[C@@]32C)ccc1F,0.5695633249243858,3.7013161391474068,8.11425679301705
COc1ccc(CNC(=O)c2cnc3c(c(C)nn3-c3ccccc3)c2Cl)cc1,0.5355148017801897,2.142711816794625,5.653987799391202
C[C@@H]1C(=O)C(C)(C)Nc2ccc3c(c21)[C@H](c1ccc(Cl)cc1)Oc1ccccc1-3,0.5129314313230283,3.5026290603263117,6.402787968686616
CCO/N=C(\C)c1ccsc1/C=C1\Oc2ccc(O)c(OC)c2-c2ccc3c(c21)C(C)=CC(C)(C)N3,0.28113588965462055,3.4893228368052682,8.979318546540638
CC1=CC(C)(C)Nc2ccc3c(c21)/C(=C/c1ccccc1C)Oc1ccc(F)cc1-3,0.46507766176076143,2.803819734095658,6.362071913768783
C[C@]12Cc3cnn(C4CCCCC4)c3C=C1CC[C@@H]1[C@@H]2[C@@H](O)C[C@@]2(C)[C@H]1CC[C@]2(O)C(=O)CSc1ccc2ccccc2n1,0.297289608298556,4.703814600728643,7.671554676578484
CNc1ccc(Cc2ccc([C@@H]3O[C@@H]4C[C@H]5[C@@H]6C[C@H](F)C7=CC(=O)C=C[C@]7(C)[C@@]6(F)[C@@H](O)C[C@]5(C)[C@]4(C(=O)CO)O3)cc2)cc1,0.4199644069584401,5.02096300925556,7.896269120455359
CS(=O)(=O)Nc1ccc(-c2ccc3c(cnn3-c3ccc(F)cc3)c2)c(C(F)(F)F)c1,0.43461903073117786,2.3883280327616117,5.081115167763492
Cc1nn(Cc2nccs2)c2ncc(C(=O)Nc3ccc(C(F)(F)F)cc3)c(Cl)c12,0.46436905167866976,2.607329527243685,6.746274318409941
Fc1ccc(CC23Cc4cnn(-c5ccc(F)cc5)c4C=C2CCN(Cc2cccnc2)C3)cc1,0.38129525736699105,3.208709292035797,7.109076348188733
Cc1c[nH]c2c(-c3c(F)cc4c(c3F)/C(=N/OC(C)(C)C(=O)O)CC(C)(C)N4)cccc12,0.46016923520905895,3.412810018258007,7.53496421427032
CCC(=O)O[C@]1(C(=O)SCF)[C@H](C)C[C@H]2[C@@H]3C[C@H](F)C4=CC(=O)C=C[C@]4(C)[C@@]3(F)[C@@H](O)C[C@@]21C,0.5755860893833779,5.084237897156744,9.331579699903042
C[C@H](NC(=O)C(F)(F)F)[C@H](Oc1ccc2c(cnn2-c2ccc(F)cc2)c1)c1ccc2c(c1)OCCO2,0.36097854003816066,3.4420219786271415,10.426267682918098
CCN(CC)Cc1cc(F)ccc1/C=C1\Oc2ccc(O)c(OC)c2-c2ccc3c(c21)C(C)=CC(C)(C)N3,0.3557723079144226,3.21768531376636,8.260587712655445
CC(C)(O)[C@H]1CCCC2=Cc3c(cnn3-c3ccc(F)cc3)C[C@@]21C,0.8721766879819054,3.5621156108434278,8.469034005280463
Cc1nn(C)c2ncc(C(=O)NC3CCCCC3)c(Cl)c12,0.9275841356127026,2.3158003349041376,5.5966402426508415
COCCC(=O)N[C@@H](C)[C@H](Oc1ccc2c(cnn2-c2ccc(F)cc2)c1)c1ccccc1,0.39934223962185866,3.10167096083992,8.488482014651094
C[C@]12CCC(=O)C=C1CC[C@@H]1[C@@H]2[C@@H](O)C[C@@]2(C)[C@H]1CC[C@]2(O)C(=O)CSc1ccc(Cl)c(Cl)c1,0.4818796963615912,4.382612563773564,7.543503241100434
CNC(=O)NC(=O)C(C)(C)[C@@H]1c2ccc(-c3ccc(N4CCOCC4)nc3)nc2Oc2c(F)cccc21,0.5550871211418702,3.537336499055539,6.190767340416941
C[C@]12C=CC(=O)C=C1[C@@H](F)C[C@H]1[C@@H]3C[C@H]4CN(Cc5ccccc5)C[C@@]4(C(=O)CF)[C@@]3(C)C[C@H](O)[C@@]12F,0.6409953220409929,4.903632941632393,7.9184964662475705
COc1ccc(F)cc1C(C)(C)CC(O)(Cc1cc2c(C#N)cccc2[nH]1)C(F)(F)F,0.51127000099433,3.2905155657305487,7.9950080693304395
CC(c1ccc(F)cc1)(c1c[nH]c2c(NS(C)(=O)=O)cccc12)C1CC1,0.6974715935108359,3.0609075603830185,6.5298277436106495
Cc1c(NS(C)(=O)=O)cccc1N(Cc1ccc(Oc2ccc(CCC(=O)NCCO[C@@H]3CC[C@]4(C)[C@H](C3)C[C@H](O)[C@@H]3[C@@H]4C[C@@H](O)[C@]4(C)[C@H]3CC[C@H]4[C@@H](C)CCC(=O)O)cc2)cc1)Cc1ccc(F)cc1F,0.05362851021340715,5.52146213823308,7.441028312587403
CC(C)(c1nc2nccnc2[nH]1)[C@@H]1c2ccc(-c3ccncc3)nc2Oc2c(F)cccc21,0.41829270308271144,3.705897000932863,5.53644504382443
CCO/N=C1/c2c(cc(F)c(-c3cccc4c(C)c[nH]c34)c2F)NC(C)(C)C1O,0.5580253301407132,3.8461787616713536,7.533358458979101
Cc1cc(C)c(S(=O)(=O)NC(C)Cc2c[nH]c3cc(F)ccc23)c(C)c1,0.7049328163949514,2.760302874575869,6.891181723083273
C=C1C=C(C)CC(C)(C)C1Cc1ccc2nonc2c1,0.8141106941991203,3.6395070531239835,5.356221523285154
C=CCC1Oc2ccc(CO)c(OC)c2-c2ccc3c(c21)C(C)=CC(C)(C)N3,0.6937106440305403,3.5989544025642717,6.726752022200753
CCCCOc1ccccc1NC(=O)c1cnc2c(c(C)nn2C)c1Cl,0.6524646488725795,2.241887655954704,6.608947507065086
O=c1[nH]c(=O)c(Cc2ccccc2)c([C@H]2CC[C@H](c3ccccc3)CC2)[nH]1,0.7356798332964907,2.2972159326267274,5.432094740122251
CC(Cc1c[nH]c2ccccc12)NS(=O)(=O)c1c(N)cc(Cl)cc1Cl,0.5686296656633402,2.7899128355240954,6.927405544702595
Cc1ccc([C@@H](Oc2ccc(C(=O)O[C@H]3CCCN(C(=O)[C@H]4COC(=O)C4)C3)cc2)[C@H](C)NC(=O)C(F)(F)F)cc1,0.47494655223416105,3.9242095534532586,8.105805769567011
C[C@H](c1ccc(F)cc1)N1C(=O)O[C@](Cc2ccccc2)(c2nc3cc(N4CCOCC4)ccc3[nH]2)C1=O,0.40086470680290887,3.6692365853098527,5.356577020459711
CCS(=O)(=O)c1cc2cc(C[C@](O)(CC(C)(C)c3ccccc3C(N)=O)C(F)(F)F)[nH]c2cn1,0.43791777089887163,3.5988640449991802,6.77211319206203
COc1cccc2c1-c1ccc3c(c1C(c1cccc(C(F)(F)F)c1)O2)C(C)=CC(C)(C)N3,0.43838049586279887,3.308668029360957,7.24560345532474
Cc1ccncc1Nc1ccc2c(c1)CCC1=C3C[C@@H](O)C[C@]3(C)CC[C@]12C,0.6737104852555524,4.067080609578303,5.932797874231711
CCCCCCCCCCCC[C@H]1C[C@@]2(C)C(CC[C@@H]2O)C2CCC3=CC(=O)CCC3=C21,0.3295544589966186,4.156450095769944,5.982097364730508
CC(C)Oc1ccc(-c2ccc3c(n2)Oc2c(F)cccc2[C@@H]3C(C)(C)c2nc3nccnc3[nH]2)cn1,0.32088803642380936,3.8271236730136557,5.721347721344117
CC(C)(C(=O)Nc1nncs1)[C@@H](c1ccccc1)c1ccc(O)cc1,0.7257572512309717,2.9113729419822416,5.760765131628915
CC(C)(C(=O)Nc1nncs1)C(c1ccccc1)c1ccc2c(cnn2C2CCCCCC2)c1,0.32107587607721977,3.28527017732839,6.032888567153042
CS(=O)(=O)Nc1ccc2c(c1)N(Cc1ccccc1)Cc1ccccc1-2,0.7530277521710422,2.0816128740790454,5.732441931761449
Cc1nn(CCCN(C)C)c2ncc(C(=O)Nc3ccc(Cl)cc3)c(Cl)c12,0.6649583203420925,2.333821961838021,6.495159046034269
COc1ccccc1-c1ccc2c(c1)C(CSc1ccc(Cl)cc1)=CC(C)(C)N2,0.43348935840708086,2.5084104266185374,6.13528783682284
CC[C@H]1OC(=O)[C@H](C)[C@@H](O)[C@H](C)[C@@H](O[C@@H]2O[C@H](C)C[C@H](N(C)C)[C@H]2O)[C@](C)(O)C[C@@H](C)CN(CCCNC(=O)[C@@]2(O)[C@H](C)C[C@H]3[C@@H]4C[C@H](F)C5=CC(=O)C=C[C@]5(C)[C@@]4(Cl)[C@@H](O)C[C@@]32C)[C@H](C)[C@@H](O)[C@]1(C)O,0.09388784176945063,7.079893859778046,7.19061082832894
Cc1nn(CC2CCN(S(C)(=O)=O)CC2)c2ncc(C(=O)Nc3ccc(Cl)cc3)c(Cl)c12,0.5767684337977672,2.549903315429642,6.605145424264278
Cc1cc(C)c(S(=O)(=O)N[C@@H](C)CNc2ccc(C)c3ncccc23)c(C)c1,0.6523459904524391,2.8207853408567463,5.890418970929311
C[C@@H]1C[C@H]2[C@@H]3CCC4=CC(=O)C=C[C@]4(C)[C@H]3[C@@H](O)C[C@]2(C)[C@@]1(O)C(=O)CSc1nc2ncccc2o1,0.5926767799641148,4.768915740202596,8.171061382140437
COc1ccc(F)cc1C(C)(C)CC(O)(Cc1cc(C)cc(C)c1C#N)C(F)(F)F,0.6221273124357555,3.2594534425085726,7.905673319271106
COc1c(O)ccc2c1-c1ccc3c(c1/C(=C/c1ccc(F)cc1CO)O2)C(C)=CC(C)(C)N3,0.43522363861056784,3.147931537767147,8.308659152675466
Cc1c(NS(C)(=O)=O)cccc1N(Cc1ccccc1)Cc1ccccc1C(F)(F)F,0.5124979407322611,2.332940197341216,7.306216269844029
Cn1c(=O)[nH]c(N2CCC(Cc3ccccc3)CC2)c(Cc2cccc(Cl)c2)c1=O,0.6790369834554139,2.484994426298119,5.930723853124687
CN1CCC(CCn2cnc3c(Cl)c(C(=O)Nc4ccc(C(F)(F)F)cc4)cnc32)CC1,0.5699406703477956,2.62280789624209,5.552878186854585
O=c1[nH]c(=O)c(Cc2cccc(C(F)(F)F)n2)c([C@H]2CC[C@@H](c3ccccc3)CC2)[nH]1,0.6406394556500385,2.7340650672387614,5.496238371443281
C[C@]12C=CC(=O)C=C1CC[C@@H]1[C@@H]2[C@@H](O)C[C@@]2(C)[C@H]1CC[C@]2(O)C(=O)CO,0.6946116752943167,4.415202190845788,7.809101153963393
Cc1cnc(Nc2ccc3c(c2)CCC2=C4C[C@@H](O)C[C@]4(C)CC[C@]23C)c(C)n1,0.685118083462973,4.22544179506726,5.896050985542038
Cc1ncccc1NC(=O)c1ccc2c(c1)C(=O)C[C@@H]1C[C@@](O)(C(F)(F)F)CC[C@@]21Cc1ccccc1,0.46678654863439706,3.855254861606343,8.729689337646976
COc1c(O)ccc2c1-c1ccc3c(c1/C(=C/c1cccc(O)c1)O2)C(C)=CC(C)(C)N3,0.4495036992037628,3.009170973165168,8.54518057322472
Cc1nn(CCN2CCOCC2)c2ncc(C(=O)Nc3ccc(Cl)cc3)c(Cl)c12,0.6642533920975616,2.390636376572198,6.648645371207383
CC(C)N1CCC(n2ncc3c(Cl)c(C(=O)Nc4ccc(C(F)(F)F)cc4)cnc32)CC1,0.5599608123215296,2.590891042309506,6.733290102911677
CC1(C(=O)Nc2ncc[nH]2)CC2c3ccccc3C1c1ccccc12,0.7454249285026742,3.8006945902378737,5.853094600742532
CC(C)(CNC(=O)CC(F)(F)F)[C@@H](c1ccccc1)c1ccc2c(cnn2-c2ccc(F)cc2)c1,0.30972756497009113,3.1556077145564103,7.112352799905176
O=c1[nH]c(N2CCC(c3ccccc3)CC2)c(Cc2ccccc2Cl)c(=O)[nH]1,0.707406516534638,2.442711818166936,5.842248711542982
Cc1ncccc1NC(=O)c1ccc2c(c1)CC[C@@H]1[C@@H]2[C@@H](O)C[C@@]2(C)[C@H]1CC[C@@]2(O)C#Cc1ccccc1,0.4147145804068906,4.181472420315173,6.250942507408533
C[C@]12Cc3cnn(-c4ccc(F)cc4)c3C=C1CCC[C@@H]2[C@H](O)c1csc2ccccc12,0.3815063684316676,3.8004919537135624,8.478039830037593
COc1c(O)ccc2c1-c1ccc3c(c1/C(=C/c1ccc(F)cc1S(=O)(=O)N1CCCCC1)O2)C(C)=CC(C)(C)N3,0.3521568176571597,3.2307099663898686,8.048743977004152
Cc1c(C(=O)NCC(O)(CC2(C)CCCc3ccccc32)C(F)(F)F)cnn1-c1ccccc1,0.5381555763777311,3.5104867973385003,7.97826286218123
CC1NC(=O)C(c2ccc(F)cc2)=C1c1cc(Cl)c2c(c1)NC(=O)CO2,0.8500445089975391,3.3196151736601536,5.7911631503447305
CC#C[C@]1(O)CCC2C3CCC4=CC(=O)CC[C@]4(Cc4ccc(C)cc4)C3=CC[C@@]21C,0.49602970775509403,4.400188651686046,7.103198745416535
CC#C[C@]1(O)CC[C@H]2[C@@H]3CCC4=CC(=O)CCC4=C3[C@@H](c3ccc(Oc4ccccc4)cc3)C[C@@]21C,0.4773258130330966,4.193756621828822,8.314819553378145
Cc1noc(=O)c2ccc(NC(=O)C(O)(CC3CCCc4c(Cl)cccc43)C(F)(F)F)cc12,0.5542889707822366,3.703230576446984,6.091053093952171
Cc1ccc([C@@](C)(O)[C@H]2CCCC3=Cc4c(-c5ccc(F)cc5)ncn4C[C@@]32C)s1,0.5480183296490223,4.246292482269216,6.1863132266893714
C[C@@H](COc1cccc2ncccc12)NS(=O)(=O)c1c(Cl)cc(Cl)cc1Cl,0.5832762211751161,2.7465158019881493,5.965127303136478
Cc1noc(=O)c2ccc(NC(=O)C(O)(CC3CCCc4c(Br)cccc43)C(F)(F)F)cc12,0.500488460358641,3.752527448805397,6.001422060499323
CC[C@H]1OC2(CCC3=Cc4c(cnn4-c4ccc(F)cc4)C[C@@]32C)O[C@@H]1CC,0.7451558772353833,4.44979348818997,8.155653542402842
Cc1ccc(F)cc1C(C)(C)CC(O)(Cc1cc2cc(N3CCOCC3)ncc2[nH]1)C(F)(F)F,0.48600810474891704,3.4408348998399205,8.299621247598974
C[C@@H]1C[C@H]2[C@@H]3CCC4=CC(=O)C=C[C@]4(C)[C@@]3(Cl)[C@@H](O)C[C@]2(C)[C@@]1(O)C(=O)CSc1nc2ccccc2s1,0.3770749340141422,4.694895833716417,8.23070167334977
Cc1ccc(Oc2ccc(CN(Cc3cc(F)cc(F)c3)c3c(Br)cc(CC(=O)O)cc3Br)cc2)c(C)c1,0.1979620466785499,2.6781882165239796,6.017860888536129
C[C@]12Cc3cnn(-c4ccc(F)cc4)c3C=C1CCC[C@@H]2[C@@H](O)c1ccncc1,0.6941458716991954,3.707863920502799,7.787507482635882
C[C@]12Cc3cnn(-c4ccccc4)c3C=C1CC[C@@H]1[C@@H]2[C@@H](O)C[C@@]2(C)[C@H]1CC[C@]2(O)C(=O)CSc1cnc2ccccc2n1,0.26643727941571665,4.602698428711685,8.322989865176062
O=C(Nc1ccc(C(F)(F)F)cc1)c1cnc2c(cnn2Cc2cccs2)c1Cl,0.461464135965952,2.455806760170381,7.081247609105334
CCCC1O[C@@H]2C[C@H]3[C@@H]4CCC5=Cc6c(cnn6-c6ccc(OCCCCCCP(=O)(O)O)cc6)C[C@]5(C)[C@H]4[C@@H](O)C[C@]3(C)[C@]2(C(=O)CO)O1,0.1522427952833732,5.181634098679336,8.443384943768956
Cc1ccc([C@@H](Oc2ccc(C(=O)N[C@H]3CCCN(C(=O)[C@@H]4CCC(=O)O4)C3)nc2)[C@H](C)NC(=O)C(F)(F)F)cc1,0.46289597553375883,4.0365103631698585,7.370218597201468
C=C1C=C(C)CC(C)(C)C1Sc1ccc([N+](=O)[O-])cc1,0.5813982990107636,3.5339727124646423,5.352000550540354
CCC(Cc1cc(C)cc(C)c1)NS(=O)(=O)c1c(C)cc(C)cc1C,0.8235739084591165,2.69257428413389,6.09338158406058
O=S(=O)(c1ccc(F)cc1)N1CCC2=Cc3c(cnn3-c3ccc(F)cc3)C[C@]2(CO)C1,0.6532185664748233,3.2220903416331312,7.180604445765629
C[C@@H]1C[C@H]2[C@@H]3C[C@H](F)C4=CC(=O)C=C[C@]4(C)[C@@]3(F)[C@@H](O)C[C@]2(C)[C@@]1(O)C(=O)SCCCCP(=O)(O)O,0.2930402008963725,5.217609513309457,7.757452961140976
CCC[C@@H]1O[C@@H]2CC3C4C[C@H](F)C5=CC(=O)CC[C@]5(C)[C@@]4(F)[C@@H](O)C[C@]3(C)[C@]2(S[C@@H]2CCOC2=O)O1,0.5431284393252491,5.4981242193753985,7.772101090077577
COc1ccc(-c2ccncc2)cc1C(C)(C)CC(O)(Cc1cc2ccncc2[nH]1)C(F)(F)F,0.3569199628319338,3.319060519617679,7.937412452590595
CC(C)(C(=O)Oc1c(F)c(F)c(F)c(F)c1F)[C@@H]1c2ccc(Cl)nc2Oc2c(F)cccc21,0.1065063199313803,3.670865810353779,6.340052500944085
Cc1ccc([C@@H](Oc2ccc(C(=O)N[C@H]3CCCN(C(=O)[C@H]4CCC(=O)O4)C3)nc2)[C@H](C)NC(=O)C(F)(F)F)cc1,0.46289597553375883,4.0365103631698585,7.370218597201468
Cc1nn(-c2ccccc2)c2ncc(C(=O)NCc3ccco3)c(Cl)c12,0.5940482003291505,2.291011027925199,6.120829437889403
CC(C)(C)c1ccc(S(=O)(=O)Nc2ccc(-c3ccc4c(cnn4-c4ccc(F)cc4)c3)c(C(F)(F)F)c2)cc1,0.21934157306907429,2.556583242941697,5.091996196635702
C[C@H]1c2c(cc(F)c(-c3cccc4c(Cl)c[nH]c34)c2F)NC(C)(C)[C@@H]1OC(=O)Nc1ccccc1,0.2727092837961975,3.729700949230053,7.861657936918697
CC#C[C@]1(O)CC[C@H]2[C@@H]3CCC4=CC(=O)CCC4=C3[C@@H](c3ccc(N(C)C[C@@H](O)C[C@@H](O)CC(=O)O)cc3)C[C@@]21C,0.34840283847905673,4.847031148871583,7.914279981083893
CC1(C(=O)Nc2nccs2)CC2c3ccccc3C1(C#N)c1ccccc12,0.7237998634199275,4.027456687221291,5.7523843793367835
Cc1cc(C)c(S(=O)(=O)N[C@@H](C)COc2cccc3ncccc23)c(C)c1,0.6996758118472367,2.6618604173727647,6.4356839937457035
CNC(=O)C[C@H]1COc2cc(C(F)(F)F)ccc2N1C(=O)c1ccc2c(c1)NC(=O)CO2,0.7510883637503512,3.2437616153896256,5.844734425011621
CC(C)(C(=O)Nc1ccsc1)C(c1ccccc1)c1ccc2c(cnn2-c2ccc(F)cc2)c1,0.29035679189524816,3.080905513420868,7.00279000005158
CCCS(=O)(=O)Nc1ccc(-c2ccc3c(cnn3-c3ccc(F)cc3)c2)c(C(F)(F)F)c1,0.3465033639205547,2.496713620648956,5.048666471556308
CS(=O)(=O)Nc1ccc2c(c1)C(c1ccccc1)Oc1cccc(OC(F)F)c1-2,0.6472496045539702,2.906827654729513,8.081574654300455
Cc1ccc(S(=O)(=O)N2CCC3=Cc4c(cnn4-c4ccc(F)cc4)C[C@]3(C(=O)c3ccccn3)C2)cc1,0.3531558121415587,3.4148856150821176,7.9878374126798795
CCOC(=O)c1ccc(NC(=O)c2cnc3c(c(C)nn3-c3ccccc3)c2Cl)cc1,0.4552956956702757,2.187669088217781,6.287995093609107
CCCC1=C(C(=O)OCC)[C@H](c2ccnc3ccccc23)C(C#N)=C(C)N1,0.8020963806041174,2.9988784254699308,6.267422200890676
Cc1nn(C2CCN(Cc3ccccc3)CC2)c2ncc(C(=O)Nc3ccc(Cl)cc3)c(Cl)c12,0.36236841862058766,2.3497489103194056,6.547942435591291
CC(C)Oc1ccc(-c2ccc3c(n2)Oc2c(F)cccc2[C@@H]3C(C)(C)c2nc3nccnc3[nH]2)cc1,0.29731361827407604,3.665955748485354,5.623667772575425
Cc1ccc2c(NCC(O)(CC(C)(C)c3cc(F)ccc3O)C(F)(F)F)cccc2n1,0.44912011069155133,3.1592210602360415,8.262432552044748
C[C@]12Cn3cnc(-c4ccc(F)cc4)c3C=C1CCC[C@@H]2[C@](C)(O)c1ccccc1,0.6011576359370152,3.923533484058124,6.170327983599816
O=S(=O)(Nc1ccccc1)c1ccc(-c2ccc3c(cnn3-c3ccc(F)cc3)c2)c(C(F)(F)F)c1,0.26882639300386196,2.382076113988189,5.281663265696684
OC(c1ccc2c(cnn2-c2ccc(F)cc2)c1)(c1ccccc1Cl)C(F)(F)F,0.4369899405900581,2.9183047445773376,7.318271629448118
N#Cc1ccc(O[C@H](c2cnc(C3CC3)nc2)[C@H](CO)NC(=O)C(F)(F)F)c(Br)c1,0.6242816468492058,3.734301961411946,7.371230604480241
Cc1cccc(Cl)c1S(=O)(=O)NC(C)Cc1c[nH]c2ccccc12,0.719109573670037,2.6202033835201686,6.530661024811689
CNc1ccc(Cc2ccc([C@@H]3O[C@@H]4C[C@H]5[C@@H]6C[C@H](F)C7=CC(=O)C=C[C@]7(C)[C@@]6(F)[C@@H](O)C[C@]5(C)[C@]4(C(=O)CO)O3)cc2)cc1OC,0.3855999319910387,5.0979792178204155,7.889486407221483
C[C@H](NC(=O)C(C)(F)F)[C@H](Oc1ccc2c(cnn2-c2cccc(C(=O)NCc3cccnc3)c2)c1)c1ccc2c(c1)OCOC2,0.21021375396349104,3.8245136896000336,9.053503798710059
COc1c(C(=O)Nc2ccc(C(C)C)cc2)cnc2c1c(Cl)nn2C1CCOCC1,0.6298156011426704,2.6648369286657942,5.824459657807621
COc1ccccc1-c1ccc2c(c1)C(C(C)OC)=CC(C)(C)N2,0.8600833218686801,3.0732454041860704,6.11550773875205
COCCOC[C@]12Cc3cnn(-c4ccc(F)cc4)c3C=C1CCN(S(=O)(=O)c1ccccc1)C2,0.44402466444753025,3.2784480552623805,7.939143503792875
Cc1ccccc1CN(Cc1ccccc1)c1cccc(NS(C)(=O)=O)c1C,0.6211518920761506,2.1385195212936274,7.2677910141881785
Cc1nn(-c2ccc(F)cc2)c2ncc(C(=O)Nc3ccc(O)cc3)c(Cl)c12,0.5002492769739486,2.2299724911086205,6.3221781856287045
O=C(O)Cc1cc(Br)c(N(Cc2ccc(Oc3ccc(Cl)cc3Cl)cc2)Cc2cc(F)cc(F)c2)c(Br)c1,0.19079772248617172,2.6919024400363156,6.790645200725534
O=S(=O)(c1ccccc1)N1CCC2=Cc3c(cnn3-c3ccc(F)cc3)C[C@]2(CO)C1,0.6781937484715113,3.179971510908965,7.206067241535799
CCCCC1Oc2ccc(F)cc2-c2ccc3c(c21)C(C)=CC(C)(C)N3,0.6621976463561406,3.276424657327172,6.612885305111157
CC(C)(CC(O)(Cc1cc2cc(N3CCOCC3)ncc2[nH]1)C(F)(F)F)c1cccc(S(N)(=O)=O)c1,0.4346592178618526,3.470780460102941,6.987996925434413
CC(C)(Cc1ccc2c(cnn2-c2ccc(F)cc2)c1)C(=O)Nc1nncs1,0.5490248477707546,2.6431196600472795,7.074507492582731
CC(C)C[C@H]1COc2cc(F)ccc2N1C(=O)c1ccc2c(c1)NC(=O)CC2,0.8670237700982183,3.10557468568913,5.874245208644663
C[C@]12CCC(=O)C=C1CCC1[C@@H]2[C@@H](O)C[C@@]2(C)[C@H]1CC[C@]2(O)C(=O)CO,0.6960164410604959,4.3505523533593315,7.617905385531661
COc1cccc2c1-c1ccc(NS(C)(=O)=O)cc1C(c1cccc(O)c1)O2,0.6970042866375,2.870267188123403,7.991222828255456
Cn1nncc1S(=O)(=O)N1CCC2=Cc3c(cnn3-c3ccc(F)cc3)C[C@]2(C(=O)c2cc(C(F)(F)F)ccn2)C1,0.25949757492689857,4.02659952560354,7.8706128250196254
COc1c(O)ccc2c1-c1ccc3c(c1/C(=C/c1sccc1C(C)O)O2)C(C)=CC(C)(C)N3,0.40577105084010767,3.7803703704980816,9.204719341982576
Cc1cnc(C(=O)[C@]23Cc4cnn(-c5ccc(F)cc5)c4C=C2CCN(S(=O)(=O)c2ccc(F)c(F)c2)C3)s1,0.3169815386321866,3.7091660776939532,7.778912996597732
C[C@@H]1CCO[C@@]2(CCC3=Cc4c(cnn4-c4ccc(F)cc4)C[C@@]32C)O1,0.7671581366577762,4.369825471452506,7.729309523061873
COc1cc(C)c(C)cc1S(=O)(=O)Nc1ccc2c(c1)CCCN2C(=O)C1CC1,0.8074220932364556,2.30701780613661,4.891243545989536
C[C@@H]1C[C@H]2[C@@H]3CCC4=CC(=O)C=C[C@]4(C)[C@H]3[C@@H](O)C[C@]2(C)[C@@]1(O)C(=O)CSc1ccc2ccccc2n1,0.5455509055340978,4.577821484316749,7.5391297154380315
Cc1cc(C)c(S(=O)(=O)NC(Cc2c[nH]c3ccccc23)C(F)(F)F)c(C)c1,0.6485145482391681,2.9132255953391066,5.7740356355296205
O=C1C=C2CCc3cc(O)ccc3[C@]2(Cc2ccccc2)CC1,0.9063552379133165,2.9949714317232736,5.702781000098993
Cn1cc(S(=O)(=O)N2CCC3=Cc4c(cnn4-c4ccc(F)cc4)C[C@]3(C(=O)c3cc(C(F)(F)F)ccn3)C2)nn1,0.25949757492689857,3.973893839984811,7.879335142077224
Cc1ccc(F)cc1C(C)(C)CC(O)(Cn1cc(C)c(=O)c(C)c1)C(F)(F)F,0.7485134504029378,3.473581637710579,6.917227603874253
COc1ccc(C(=O)N2CCCc3cc(NS(=O)(=O)c4cc(Cl)c(C)cc4OC)ccc32)cc1,0.511075694787451,2.3027171248116804,4.6330351606050755
CC(C)(c1nc2nccnc2[nH]1)[C@@H]1c2ccc(-c3ccc(N4CCOCC4)cc3)nc2Oc2c(F)cccc21,0.3283791816276939,3.691862514940915,5.527884581314153
COc1ccc(F)cc1C(C)(C)CC(O)(Cc1cc2ccncc2[nH]1)C(F)(F)F,0.567725605551682,3.270500027494138,7.194299784540026
CC(C)(C(=O)NC(N)=O)[C@H]1c2ccccc2Oc2nc(-c3ccc(N4CCOCC4)nc3)ccc21,0.5955883190727529,3.364310056785609,5.919138448010495
Cc1ncccc1Nc1ccc2c(c1)CCC1=C3C[C@H](O)C[C@]3(C)CC[C@]12C,0.6737104852555524,4.057187532655227,6.504712414783992
CC(Cc1c[nH]c2ccccc12)NS(=O)(=O)c1cccc(Cl)c1Cl,0.6867906961684543,2.605604990868045,5.912518259092375
Cc1cc(C)c(S(=O)(=O)N[C@@H](C)CNc2cc(C)cc3c2cnn3-c2ccc(NCC(N)=O)cc2)c(C)c1,0.24380253779868002,3.229056620223764,7.7530630039217145
COc1ccc(F)cc1C(C)(C)CC(O)(Cc1ccc2ccccc2c1)C(F)(F)F,0.48192164323163994,2.893936953563742,6.559363943138652
Cc1nn(C2CCN(C(=O)OC(C)(C)C)CC2)c2ncc(C(=O)Nc3ccc(Cl)cc3)c(Cl)c12,0.48199205860228034,2.5300287192642585,6.564308485285708
COc1ccc(C[C@H](O)[C@H]2CCCC3=Cc4c(cnn4-c4ccc(F)cc4)C[C@@]32C)cc1,0.5896775602438732,3.581461529719606,8.274777315133086
COc1ccc(F)cc1C(C)(C)CC(O)(Cc1cc2cc(N3CCOCC3)ncc2[nH]1)C(F)(F)F,0.4632206777507046,3.4200253811313654,7.76342184432361
C[C@H](C(=O)O)[C@H]1CC[C@H]2[C@@H]3[C@@H](O)C[C@@H]4C[C@H](O)CC[C@]4(C)[C@H]3CC[C@]12C,0.6980939824524746,4.431407876930846,6.0912775886546795
CCCC1O[C@@H]2C[C@H]3[C@@H]4CCC5=Cc6c(cnn6-c6cccc(OCCCCCCCCCP(=O)(O)O)c6)C[C@]5(C)[C@H]4[C@@H](O)C[C@]3(C)[C@]2(C(=O)CO)O1,0.10648956479047209,5.249014682080556,8.207333951613888
CO/N=C/c1c(-c2cccc3cc[nH]c23)cc(C)c2c1[C@H](C)[C@@H](O)C(C)(C)N2,0.4538567589677938,3.9966251399549773,7.655345582815379
COc1ccc(F)cc1C(C)(C)CC(O)(CN1CCCc2ccccc21)C(F)(F)F,0.6421297621433972,3.065744083019652,6.2102578232691155
C#C[C@]1(O)CC[C@H]2[C@@H]3CCC4=CC(=O)CCC4=C3[C@@H](c3ccc(N(C)CCOC4CC[C@@]5(C)[C@@H](C4)C[C@@H](O)[C@@H]4[C@@H]5C[C@H](O)[C@]5(C)[C@@H]([C@H](C)CCC(=O)NCC(=O)O)CC[C@@H]45)cc3)C[C@@]21C,0.1313993463531732,6.0426115506508955,8.153284499499051
Cc1ccc(F)cc1C(C)(C)CC(O)(Cc1cc2cnccc2[nH]1)C(C)(C)C,0.5946999806063399,3.3274697248937626,8.220789908055151
CNC(=O)C[C@H]1COc2cc(C)ccc2N1C(=O)c1ccc2c(c1)NC(=O)CO2,0.8270868173369155,3.1346813132661,5.9246861150543095
C[C@]12C=CC(=O)C=C1CC[C@@H]1[C@@H]2[C@@H](O)C[C@@]2(C)[C@H]1C[C@H]1O[C@@H](c3ccc(S(=O)(=O)c4ccc(N)cc4)cc3)O[C@]12C(=O)CO,0.4253508926397447,4.855934310574756,8.263728202352645
Cc1cc(C)c(S(=O)(=O)NC(Cc2c[nH]c3cc(C#N)ccc23)C(F)(F)F)c(C)c1,0.6222619615200342,3.1493343686148147,5.4316705243521834
O=c1[nH]c(=O)c(Cc2ccccc2Cl)c([C@H]2CC[C@@H](c3ccccc3)CC2)[nH]1,0.670198004335077,2.412048570303689,5.608130371269592
Cc1noc(=O)c2ccc(NC(=O)[C@](O)(C[C@@]3(C4CCCC4)CCCc4ccccc43)C(F)(F)F)cc12,0.46365769563916936,3.814476226302542,7.506817645669264
CC#C[C@]1(O)CC[C@H]2[C@@H]3CCC4=CC(=O)CCC4=C3[C@@H](c3ccc(N(C)Cc4ccc(C(=O)O)cc4)cc3)C[C@@]21C,0.4072473240282741,4.37103972213961,7.678990743802128
Cc1cc(-c2ccc3c(c2)NC(=O)CO3)n(-c2ccc(F)cc2)n1,0.7869535047281683,2.2821538742241323,5.193110833156172
CC(C)(C)NC(=O)c1ccccc1CC[C@]1(O)CCC2=Cc3c(cnn3-c3ccc(F)cc3)C[C@@]21C,0.48924151587710735,3.6656905756326443,8.412200262525108
Cc1cc(-c2cccc3cc[nH]c23)c(C#N)c2c1NC(C)(C)[C@H](O)[C@H]2C,0.599292047341244,3.7689839190755015,7.616655276654207
CC(C)(C(=O)Nc1nncs1)[C@@H](c1ccccc1)c1ccc(O)c(F)c1,0.7054759056982517,3.0435342463682673,6.225160570827669
C[C@]12Cc3cnn(-c4ccc(F)cc4)c3C=C1CC[C@]21OC[C@H](c2ccccc2)O1,0.5885079830611551,4.26654058815361,7.681362166331884
C[C@]12C=CC(=O)C=C1CC[C@@H]1[C@@H]2[C@@H](O)C[C@@]2(C)[C@H]1CC[C@]2(O)C(=O)CSc1ncc2ccccc2n1,0.47293229592691555,4.4842803493706995,7.292668002048687
CCC(C)CSCC1=CC(C)(C)Nc2ccc(-c3ccccc3OC)cc21,0.574374844863642,3.151984093486125,6.417844370649649
C[C@]12Cc3cnn(-c4ccc(F)cc4)c3C=C1CC[C@@H]1[C@@H]2[C@@H](O)C[C@@]2(C)[C@H]1CC[C@]2(O)C(=O)COc1cnc2ccccc2n1,0.3085353382425555,4.621926689637641,8.701921347566595
C=CCC1Oc2cccc(OC)c2-c2ccc3c(c21)C(C)=CC(C)(C)N3,0.6929245882769645,3.4079744992660537,7.174924219041051
Cc1cc(C)c(S(=O)(=O)N[C@@H](C)CNc2cccc3c2cnn3-c2cccc(F)c2)c(C)c1,0.4075221395648318,2.9857155209997526,8.453361687458989
C[C@H]1c2c(F)c(-c3cccc4cc[nH]c34)c(F)c(Cl)c2NC(C)(C)[C@@H]1O,0.49545716291155945,3.9886298833225204,7.78723486755411
OC(c1cccc(Cl)c1)(c1ccc2c(cnn2-c2ccc(F)cc2)c1)C(F)(F)F,0.4369899405900581,2.9209936334662245,7.184446203341676
CC[C@@]12C[C@@](C)(O)[C@](O)(c3ccncc3)C[C@H]1CCc1cc(O)ccc12,0.7732751145456047,4.046796597680235,8.006490180529768
COc1ccc(F)cc1C(C)(C)CC(O)(Cc1ccc(Cl)cc1Cl)C(F)(F)F,0.5322871043338722,2.9901074970789026,7.158561542720049
Cc1noc(=O)c2ccc(NC(=O)C(O)(CC3(C(C)(C)C)CCCc4ccccc43)C(F)(F)F)cc12,0.49582903953573215,3.903029082246256,5.738131531784883
COc1ccc(-n2ncc3cc(O[C@H](c4ccccc4)[C@@H](NC(=O)C(C)(F)F)C(C)C)ccc32)cn1,0.3396550881831014,3.615025990712615,7.4027253103035155
C#CC1=C(SCC(=O)c2ccccc2)NC(C)=C(C(C)=O)C1c1cccs1,0.5677867267116397,3.151610611704749,5.748495167946866
Cc1nn(C2CCCC2)c(C)c1S(=O)(=O)N[C@@H](C)CNc1cccc2c1cnn2-c1cncnc1,0.3845006479749503,3.436789133708686,8.227069209042059
CC#C[C@]1(O)CC[C@H]2[C@@H]3CCC4=CC(=O)CCC4=C3[C@@H](c3ccc(N(C)CC(=O)N(C)c4ccc(C(=O)O)cc4)cc3)C[C@@]21C,0.38377193759214623,4.553717725941304,7.642344569718942
Cc1nn(-c2ccc(Br)cc2)c2ncc(C(=O)Nc3ccc(Cl)cc3)c(Cl)c12,0.3919041500062802,2.209990212627609,6.2622697240997205
CCCCOc1cccc(NC(=O)c2cnc3c(c(C)nn3C)c2Cl)c1,0.6524646488725796,2.23921136512225,6.57107649307932
O=C(Nc1ccc(C(F)(F)F)cc1)c1cnc2c(cnn2Cc2nccs2)c1Cl,0.4945494655315728,2.5943662348420506,7.128458176798948
Cc1cc(C)c(S(=O)(=O)N[C@@H](C)CNc2cccc3c2cnn3-c2ccc(Cl)cc2)c(C)c1,0.3703537899606057,2.9355006380566078,8.475804639329283
CC(C)(C(=O)NC(N)=O)[C@@H]1c2ccc(-c3ccc(C(=O)N4CCOCC4)nc3)nc2Oc2c(F)cccc21,0.5400408936895263,3.5532673627522637,6.201638338988344
O=C(Nc1ccc(Cl)cc1)c1cnc2c(c(C3CC3)nn2-c2ccccc2)c1Cl,0.4475784487746173,2.316589481298795,5.763771605685639
C[C@]12Cc3cnn(C4CCCCC4)c3C=C1CC[C@@H]1[C@@H]2[C@@H](O)C[C@@]2(C)[C@H]1CC[C@]2(O)C(=O)CSc1nc2ccccc2s1,0.2935556516296139,4.695695013728351,8.133186442409361
CC(C)[C@H](NC(=O)C(C)(F)F)[C@H](Oc1ccc2c(cnn2-c2ccc(=O)n(C)c2)c1)c1ccc(OC(F)(F)F)cc1,0.26381577892315083,3.9187159189352965,7.277271550095732
Cc1cn(-c2ccc(CNS(=O)(=O)c3cc(F)ccc3F)cc2)c(C)n1,0.7424171314561702,2.3462967971559685,5.584497761413536
Cc1nn(Cc2nccn2C(C)C)c2ncc(C(=O)Nc3ccc(Cl)cc3)c(Cl)c12,0.4643319914453865,2.6068993074634648,6.565211958357194
CCC1(CC(O)(Cn2ccc(=O)c3ccccc32)C(F)(F)F)CCCc2ccccc21,0.5926062936049258,3.602007934275245,7.748805486051769
Cn1cc(S(=O)(=O)N2CCC3=Cc4c(cnn4-c4ccc(F)cc4)C[C@]3(C(=O)c3ccccn3)C2)cn1,0.3764904345752725,3.633926720909157,7.987626938665495
COc1c(O)ccc2c1-c1ccc3c(c1/C(=C/c1ccc(-c4ccccc4)cc1)O2)C(C)=CC(C)(C)N3,0.3055420977446404,2.864701298756126,7.55285830766867
CC1=CC(C)(C)Nc2ccc3c(c21)/C(=C/c1ccncc1C)Oc1ccc(F)cc1-3,0.49551991363815345,3.027040910566245,6.659672193894673
C=CC[C@@](C)(O)[C@H]1CCCC2=Cc3c(-c4ccc(F)cc4)ncn3C[C@@]21C,0.7535231174250256,4.236341617846779,6.168505249699259
C=C1CCC(Br)C(C)(C)[C@@H]1Cc1cc(OC)c(Br)cc1O,0.5219757795080732,3.777120028065987,5.357605445503158
CCCCCC1Oc2cccc(OC)c2-c2ccc(NS(C)(=O)=O)cc21,0.7095719601310162,2.865738250583229,6.934943995381726
C#C[C@]1(O)CC[C@H]2[C@@H]3CCC4=CC(=O)CCC4=C3[C@@H](c3ccc(N(C)CCNC(=O)N(C)C4CC[C@@]5(C)[C@@H](C4)C[C@@H](O)[C@@H]4[C@@H]5C[C@H](O)[C@]5(C)[C@@H]([C@H](C)CCC(=O)O)CC[C@@H]45)cc3)C[C@@]21C,0.14694768220771137,6.079204272124068,7.584177172497116
Cc1nn(C2CCCC2)c(C)c1S(=O)(=O)N[C@@H](C)CNc1cccc2c1cnn2-c1ccc(F)nc1,0.3423828908309718,3.412093664545557,8.37527960388335
CC#C[C@]1(O)CC[C@H]2[C@@H]3CCC4=CC(=O)CCC4=C3[C@@H](c3cc(F)c(OC)cc3F)C[C@@]21C,0.5920696344714661,4.531947960645038,8.297650760882263
Cc1noc(=O)c2ccc(NC(=O)C(O)(CC3(C4CC4)CCCc4ccccc43)C(F)(F)F)cc12,0.5404869803629382,3.785000748547084,6.89453087277363
CC(C)(C(=O)Nc1nccs1)C(c1ccccc1)c1ccc2cnccc2c1,0.49266726061041943,2.9492336925051,5.803825178204557
C[C@H](NC(=O)C(C)(F)F)[C@@H](Oc1ccc2c(cnn2-c2cccc(C(=O)N[C@H]3CCOC3)c2)c1)c1ccc2c(c1)OCCO2,0.2865814910533015,3.9631402915986786,7.613825702307718
CC(=O)[C@@]1(O)CC[C@H]2[C@@H]3C[C@H](C)C4=CC(=O)CC[C@]4(C)[C@H]3CC[C@@]21C,0.7794864097683887,4.332277191016166,7.59335650199186
COCC[C@@]12CC[C@@]3(C)C[C@@H](O)CC3=C1CCc1cc(Nc3cnccc3C)ccc12,0.6202408695516953,4.203262481569032,5.842507991935647
CC#C[C@]1(O)CC[C@H]2[C@@H]3CCC4=CC(=O)CCC4=C3[C@@H](c3ccc(OCCO[C@H]4CC[C@@]5(C)[C@@H](C4)C[C@@H](O)[C@@H]4[C@@H]5C[C@H](O)[C@]5(C)[C@@H]([C@H](C)CCC(=O)O)CC[C@@H]45)c(C)c3)C[C@@]21C,0.13527198031406842,5.955198047617975,8.58708575346793
C[C@]12Cc3cnn(-c4ccc(F)cc4)c3C=C1CCN(S(=O)(=O)c1ccc(C(F)(F)F)cc1)C2,0.48100466049708474,3.2720593860144405,7.6858042270868845
CC[C@@H]1C[C@](O)(C(F)(F)F)[C@@H](Nc2cc(F)cc3nc(C)ncc23)c2ccc(F)c(O)c21,0.4714731399926995,4.088084064606007,7.104748108646067
C#C[C@]1(O)CC[C@H]2[C@@H]3CCC4=CC(=O)CCC4=C3[C@@H](c3ccc(N(C)CCOCCO[C@@H]4CC[C@@]5(C)[C@@H](C4)C[C@@H](O)[C@@H]4[C@@H]5C[C@H](O)[C@]5(C)[C@@H]([C@H](C)CCC(=O)O)CC[C@@H]45)cc3)C[C@@]21C,0.11320326341980055,6.021945338422705,8.047249280077416
Cc1cc(C)c(S(=O)(=O)N[C@@H](C)COc2cccc3[nH]ccc23)c(C)c1,0.6905386025228405,2.792692175767634,7.280854420091727
CC(C)(C(=O)NC(N)=O)[C@@H]1c2ccc(-c3ccncc3)nc2Oc2c(F)cccc21,0.6889828241941316,3.4004589717894182,6.038631314140375
COc1c(O)ccc2c1-c1ccc3c(c1/C(=C/c1sccc1C(C)=O)O2)C(C)=CC(C)(C)N3,0.42028243133755705,3.2882259952308956,9.336123180883416
COc1c(O)ccc2c1-c1ccc3c(c1/C(=C/c1ccc(C)cc1)O2)C(C)=CC(C)(C)N3,0.4701245990165424,2.9091663577805527,8.023319159220353
CC(C)(C(=O)Nc1nccs1)[C@@H](c1ccccc1)c1ccc(O)c(C#N)c1,0.6844995057688328,3.0825602068464484,5.665141681532173
COc1ccc2c(c1)OC(c1ccccc1)c1c-2ccc2c1C(C)=CC(C)(C)N2,0.551380971560673,3.092612848789054,6.73095473224687
CC(C)c1cc(C(C)C)c(S(=O)(=O)Nc2ccc(-c3ccc4c(cnn4-c4ccc(F)cc4)c3)c(C(F)(F)F)c2)c(C(C)C)c1,0.17231471210211752,2.9260482112047974,5.03159969890629
CC1(C)C/C(=N\OC(C)(C)C)c2c(cc(F)c(-c3cccc4c(Cl)c[nH]c34)c2F)N1,0.4342809130518034,3.35841193142487,7.648365059703275
Cc1nn(-c2ccccc2)c2ncc(C(=O)Nc3ccc(C4CCCC4)cc3)c(Cl)c12,0.4133725294972542,2.277919088217782,6.3601320781227475
COc1ccc(F)cc1C(C)(C)CC(O)(Cn1ccc2ncccc21)C(F)(F)F,0.5915378759613975,3.1579150226255894,8.004007033602056
COc1ccc([C@@H](Oc2ccc3c(cnn3-c3ccc(F)cc3)c2)[C@H](Cc2ccccc2)NC(=O)C(C)(F)F)cn1,0.22438094893143956,3.557547628571813,7.455674240018262
Cc1cc(C)c(S(=O)(=O)N[C@@H](C)CNc2cccc3c2cnn3-c2cncnc2)c(C)c1,0.44670509219285,3.2028586594691415,8.407845112665912
COc1ccccc1-c1ccc2c(c1)C(CSCCC(C)C)=CC(C)(C)N2,0.5373048993422949,2.653450050906848,6.168244562413207
Cc1cc(C)c(S(=O)(=O)N[C@@H](C)COc2c(C)cccc2C)c(C)c1,0.846742049445366,2.6449083828709714,6.60282897109179
CC(C)(C(=O)Nc1nncs1)C1c2ccccc2Oc2ccccc21,0.7575098322371904,2.652628159253565,5.811384179854783
CC(C)(c1nc2nccnc2[nH]1)[C@@H]1c2ccc(-c3ccc(OC(F)(F)F)cc3)nc2Oc2c(F)cccc21,0.2660783306935171,3.7326710890882326,5.516570054318356
Cc1cc(C)c(S(=O)(=O)NC(COc2cccc3c2cnn3-c2ccc(F)cc2)C(F)(F)F)c(C)c1,0.3317438807970142,3.145935704858185,7.979181602673257
C[C@H]1C[C@H]2[C@@H]3CCC4=CC(=O)C=C[C@]4(C)[C@@]3(F)[C@@H](O)C[C@]2(C)[C@@]1(OC(=O)NCCC(C)(C)C)C(=O)CO,0.5048826576182869,4.844920139507714,7.924412241429497
C[C@]12Cc3cnn(-c4ccc(F)cc4)c3C=C1CCC[C@@H]2[C@@H](O)c1cccs1,0.6321731844298137,3.727854712142406,8.119585516954599
Cc1nnn(-c2ccc(-c3ccc4c(n3)Oc3ccccc3[C@@H]4C(C)(C)C(=O)NC(N)=O)cc2)n1,0.4664543102825719,3.5141835672751203,5.719828331992277
C[C@H]1C[C@H]2[C@@H]3CCC4=CC(=O)C=C[C@]4(C)[C@@]3(F)[C@@H](O)C[C@]2(C)[C@@]1(O)C(=O)COP(=O)(O)O,0.4555938354562437,4.815090465873011,8.01342239995517
Cc1cccc(S(=O)(=O)N2CCC3=Cc4c(cnn4-c4ccc(F)cc4)C[C@]3(C(=O)c3cc(C)ccn3)C2)c1,0.3341790598336114,3.5242589259268025,8.050207818196867
Fc1ccc(-n2ncc3cc(-c4ccccc4C(F)(F)F)ccc32)cc1,0.4120189544639483,2.109612441646613,5.109874811754184
CC(C)(C(=O)Nc1nccs1)[C@H](c1ccccc1)c1ccc2c(cnn2-c2ccc(F)cc2)c1,0.3115878495462623,3.0564896578478704,6.915796127298666
CC(C)(CNC(=O)C(F)(F)F)[C@@H](c1ccccc1)c1ccc2c(cnn2-c2ccc(F)cc2)c1,0.35220298937594374,3.120509588443591,7.155430648847871
CC(C)(CC(O)(C(=O)Nc1ccc2c(c1)COC2=O)C(F)(F)F)c1ccccc1,0.7361591682463141,3.0809707188281212,6.902528229352968
C[C@]12Cc3cnn(-c4ccc(F)cc4)c3C=C1CC[C@@H]2[C@H](O)c1csc2ccccc12,0.4132306599882403,3.768877537748807,8.41541365501952
CC(C)Oc1ccc(-c2ccc3c(n2)Oc2ccccc2[C@@H]3C(C)(C)C(=O)NC(N)=O)cn1,0.6003808535190275,3.3872028119696527,5.845107524931313
Cc1cc(C)c(S(=O)(=O)N[C@@H](C)CCc2cccc3c2cnn3-c2ccc(F)cc2)c(C)c1,0.3980380273383018,2.901181741735538,8.127974835204727
C[C@]12Cc3cnn(C4CCCCC4)c3C=C1CC[C@@H]1[C@@H]2[C@@H](O)C[C@@]2(C)[C@H]1CC[C@]2(O)C(=O)CSc1ncccn1,0.3704852180108356,4.720167936130034,8.184882625403944
CC(=O)Nc1ccc(-c2ccc3c(n2)Oc2ccccc2[C@@H]3C(C)(C)C(=O)NC(N)=O)cn1,0.5616495992633382,3.331667694912796,5.771516784335432
CC(C)Oc1ccc(-c2ccc3c(n2)Oc2c(F)cccc2[C@@H]3C(C)(C)C(=O)NC(N)=O)cn1,0.5731175691037979,3.5408998752900027,6.16652048406304
CCCOC1Oc2ccc(Cl)cc2-c2ccc3c(c21)C(C)=CC(C)(C)N3,0.6754941753611217,3.380248050372483,6.326783434982417
O[C@]1(c2ccccc2)CCCCC[C@@]12C=Cc1c(cnn1-c1ccc(F)cc1)C2,0.6365867888129499,4.027779322504913,8.043773817071008
CCCCn1cnc2c(Cl)c(C(=O)Nc3ccc(C(C)C)cc3)cnc21,0.6432915759985615,2.3227795421507,5.48963043941751
CC(C)(C)OC[C@H](NC(=O)C(F)(F)F)[C@H](Oc1ccc(C#N)cc1Br)c1cnc(C2CC2)nc1,0.507205780661905,3.8501941340749912,7.143668551761775
Cc1c(NS(C)(=O)=O)cccc1N(Cc1ccccc1)Cc1ccccc1F,0.6268985444452071,2.1532980996772686,7.790766829419704
COc1c(O)ccc2c1-c1ccc3c(c1/C(=C/c1sccc1CNCC(F)(F)F)O2)C(C)=CC(C)(C)N3,0.32491556161727647,3.462761843798189,9.087344525089174
C[C@]12Cc3cnn(-c4ccc(F)cc4)c3C=C1CCN(S(=O)(=O)c1ccc(N)cc1)C2,0.6333978757741026,3.2314242570392384,7.69550450382035
C[C@@](c1ccc(F)cc1F)(c1c[nH]c2c(NS(C)(=O)=O)cccc12)C1CC1,0.6721751820191927,3.2293460805744285,6.890905974793119
Cc1cc(C)c(S(=O)(=O)NC(Cn2ccc3c(C#N)cccc32)C(F)(F)F)c(C)c1,0.6476082754497806,3.199932659213104,5.2968889476523175
C[C@H]1C[C@@H]2[C@H]([C@@H](O)C[C@@]3(C)[C@H]2CC[C@]3(O)C(=O)CO)[C@@]2(C)C=CC(=O)C=C12,0.6851425387768039,4.62536880420185,7.925100223686956
C[C@@H]1C[C@H]2[C@@H]3C[C@H](F)C4=CC(=O)C=C[C@]4(C)[C@@]3(F)[C@@H](O)C[C@]2(C)[C@@]1(O)C(=O)SCCOCCOCCP(=O)(O)O,0.21538679101612881,5.2971879206963735,8.61631557885754
Cc1ccc2c(c1)OC[C@](C)(CS(C)(=O)=O)N2C(=O)c1ccc2c(c1)NC(=O)CO2,0.8008113310751495,3.4592929516649633,6.029355651619536
N#Cc1cccc(C(O)(c2ccc3c(cnn3-c3ccc(F)cc3)c2)C(F)(F)F)c1,0.4912411086140033,3.034071609152056,6.904445060680062
Cc1cccc(-c2ccc3c(n2)Oc2ccccc2[C@@H]3C(C)(C)C(=O)Nc2nncs2)c1,0.43145309309860186,3.27608069960292,5.943988542282394
Cc1ccccc1S(=O)(=O)N1CCC2=Cc3c(cnn3-c3ccc(F)cc3)C[C@]2(C(=O)c2ccccn2)C1,0.3531558121415587,3.457320900897221,7.795115245139494
CC(C)Oc1ccc(-c2ccc3c(n2)Oc2ccccc2[C@@H]3C(C)(C)C(=O)NC(N)=O)cc1,0.5755105145329052,3.201509333708781,5.773524099348705
Cc1cc(-c2cccc3cc[nH]c23)c(Cl)c2c1NC(C)(C)[C@H](O)[C@H]2C,0.5426604769350968,3.7671181239824625,8.474615040141963
CCN(CC(O)(CNC(=O)c1cnn(-c2ccc(F)cc2)c1N)C(F)(F)F)C(=O)c1ccc(F)cc1Cl,0.3746035177832064,3.279079554000594,7.83298400700484
CC(C)(CC(O)(Cc1cc2ncncc2[nH]1)C(F)(F)F)c1cc(F)ccc1O,0.5685212617774341,3.4787917896710905,7.995452601444503
O=C(c1cocn1)[C@]12Cc3cnn(-c4ccc(F)cc4)c3C=C1CCN(S(=O)(=O)c1ccc(C(F)(F)F)cc1)C2,0.24879960817806498,3.7674940889608655,7.606184611186879
OC(Cc1ccnc2ccccc12)(CC1(C2CCCC2)CCCc2ccccc21)C(F)(F)F,0.4545915361119341,3.5861507988966004,6.994684337524619
CCC(C)c1ccc(-c2ccc3c(n2)Oc2ccccc2[C@@H]3C(C)(C)C(=O)NC(N)=O)cc1,0.5271369082122529,3.484461444909625,5.670368868672314
O=C(c1ccco1)N1CCCc2cc(N(S(=O)(=O)c3ccc(-c4ccccc4)cc3)S(=O)(=O)c3ccc(-c4ccccc4)cc3)ccc21,0.16328293508136632,2.738073890410659,5.215161998935587
CC[C@H]1OC(=O)[C@H](C)[C@@H](O[C@H]2C[C@@](C)(OC)[C@@H](O)[C@H](C)O2)[C@H](C)[C@@H](O[C@@H]2O[C@H](C)C[C@H](N(C)C)[C@H]2O)[C@](C)(O)C[C@@H](C)CN(CCCNC(=O)[C@H]2[C@H](C)C[C@H]3[C@@H]4CCC5=CC(=O)C=C[C@]5(C)[C@@]4(F)[C@@H](O)C[C@@]32C)[C@H](C)[C@@H](O)[C@]1(C)O,0.10030520356419766,7.402292268437152,7.915874437427606
Cc1cccc(Cc2c(=O)n(CCN(C)C)c(=O)[nH]c2[C@H]2CC[C@@H](c3ccccc3)CC2)c1,0.5849830410820561,2.549679834268824,5.87205385215751
CC1COc2cc3[nH]c(=O)cc(C(F)(F)F)c3cc2N1CC(F)(F)F,0.7832737482100237,3.3893044793118445,5.400861142230269
CC(C)N(C)c1ccc([C@H]2C[C@@]3(C)[C@@H](CC[C@@]3(O)C#CC(C)(C)C)[C@@H]3CCC4=CC(=O)CCC4=C32)cc1,0.44673680064779786,4.5842660967346065,7.260628205568739
CCNC(=O)c1ccccc1CC[C@]1(O)CCC2=Cc3c(cnn3-c3ccc(F)cc3)C[C@@]21C,0.5530187852037454,3.5794338368643572,8.380442351356153
Cc1c(NS(C)(=O)=O)cccc1N(Cc1ccccc1)Cc1ccc(C(F)(F)F)cc1,0.5124979407322611,2.2541024513662613,7.280041187463733
CN(C)C(=O)c1ccc(-c2ccc3c(n2)Oc2ccccc2[C@@H]3C(C)(C)C(=O)Nc2nncs2)cc1,0.40516309884544216,3.3427420808351496,5.708069325925743
C=C1CCCC(C)(C)[C@@H]1Cc1cc(OC)c(Br)cc1O,0.7776092416985738,3.3123496355415654,5.563341363423898
Cc1nn(C2CCCC2)c(C)c1S(=O)(=O)N[C@@H](C)CNc1cccc2c1cnn2-c1ccc(OC(F)(F)F)cc1,0.2677592364455176,3.3648488212860617,8.086627856826013
O=c1[nH]c(N2CCCC(c3ccccc3)C2)c(Cc2ccccc2)c(=O)[nH]1,0.750434646141214,2.8026718759900966,5.800414705339212
C=CCC1Oc2cccc(C#N)c2-c2ccc3c(c21)C(C)=CC(C)(C)N3,0.6970901568190624,3.591692096737077,6.360868043597617
Cc1cc(C)c(S(=O)(=O)N[C@@H](C)CNc2cccc3c2cnn3-c2ccc(F)nc2)c(C)c1,0.39655599928931695,3.174403982538214,8.505659812607147
C[C@]12CCC(=O)C=C1CC[C@@H]1[C@@H]2[C@@H](O)C[C@@]2(C)[C@H]1CC[C@]2(O)C(=O)CSc1ccc2ccccc2n1,0.5604078963595844,4.382889851633142,7.172576599487996
CC(=O)c1c(NS(C)(=O)=O)cccc1N(Cc1ccccc1)Cc1ccccc1,0.558726366473897,2.16043283896963,6.4735617315002605
CCC#C[C@]1(O)CC[C@H]2[C@@H]3CCC4=CC(=O)CC[C@]4(C)[C@H]3[C@@H](c3ccc(N(C)C)cc3)C[C@@]21C,0.5415559314467402,4.587747147286356,7.256419164037399
CN(C)C(=O)c1ccc(-c2ccc3c(n2)Oc2c(F)cccc2[C@@H]3C(C)(C)c2nc3nccnc3[nH]2)cc1,0.34576990447199174,3.6797121147292593,5.767644337265164
CC(=O)O[C@]1(C(C)=O)CC[C@H]2[C@@H]3C=C(Cl)C4=CC(=O)[C@@H]5C[C@@H]5[C@]4(C)[C@H]3CC[C@@]21C,0.6166116116190477,4.8266427680866775,7.706712546721052
COc1cccc([C@@H](Oc2ccc3c(cnn3-c3ccc(F)cc3)c2)[C@H](C)NC(=O)C(C)(C)C)c1,0.3644938634717432,3.231509269481232,9.86210273478934
C[C@@H]1C[C@H]2[C@@H]3CCC4=CC(=O)C=C[C@]4(C)[C@@]3(F)[C@@H](O)C[C@]2(C)[C@@]1(O)C(=O)CO,0.667213496992105,4.635267019270959,6.026002054622312
CC(C)(C(=O)Nc1nncs1)C(c1ccccc1)c1ccc2c(cnn2-c2ccc(Br)cc2)c1,0.27341681086876973,3.181199704943632,6.835259185608422
Cc1cc(-c2cccc3cc[nH]c23)c(Cl)c2c1NC(C)(C)[C@@H](O)[C@H]2C,0.5426604769350968,3.7671181239824625,8.474615040141963
CC(C)(C(=O)Nc1nncs1)C(c1ccccc1)c1ccc2c(cnn2-c2ccc(F)cc2)c1,0.339051289022797,3.1469502543941807,6.924292189586505
C[C@]12Cn3cnc(-c4ccc(F)cc4)c3C=C1CCC[C@@H]2[C@](C)(O)c1cccs1,0.5892132006372984,4.17674650358237,6.1803145231436645
CC1(C)O[C@@H]2C[C@H]3[C@@H]4C[C@H](F)C5=CC(=O)C=C[C@]5(C)[C@@]4(F)[C@@H](O)C[C@]3(C)[C@]2(C(=O)CO)O1,0.6684104451867194,5.022618808585562,8.406228003805769
C=CCOC(C)C1=CC(C)(C)Nc2ccc(-c3ccccc3OC)cc21,0.6945331123449912,3.2494910429962953,6.581922235804869
CCc1c(-c2cccc3cc[nH]c23)cc(C)c2c1[C@H](C)[C@@H](O)C(C)(C)N2,0.5825780967218436,3.7700800729216546,6.52923421432418
CC(C)(C(=O)Nn1nccn1)C(c1ccccc1)c1ccc2c(cnn2-c2ccc(F)cc2)c1,0.4040142108773933,3.4161816515684347,7.033894989349316
COc1cccc(C2CCN(c3[nH]c(=O)[nH]c(=O)c3Cc3ccccc3)CC2)c1,0.7007730072320928,2.4159907456970497,5.96672517540367
CC(C)(CC(O)(Cc1cc2ncncc2[nH]1)C(F)(F)F)c1cccc(S(C)(=O)=O)c1,0.6098344874738716,3.4184335139139588,7.390439703296892
C=CCC1Oc2c(C)ccc(OC)c2-c2ccc3c(c21)C(C)=CC(C)(C)N3,0.6519298583341818,3.5470838019881494,6.590799738064546
Cc1c(NS(C)(=O)=O)cccc1N(Cc1ccccc1)Cc1ccccc1C#N,0.6304293114108774,2.2985397808082784,6.241439455938219
Cc1cccc(Cn2nc(C)c3c(Cl)c(C(=O)Nc4ccc(Cl)cc4)cnc32)n1,0.4957866135413718,2.376576366174131,6.607265247359075
C[C@H]1C[C@H]2[C@@H]3CCC4=CC(=O)C=C[C@]4(C)[C@@]3(F)[C@@H](O)C[C@]2(C)[C@@]1(OC(=O)NC(C)(C)C)C(=O)CO,0.5576268970588346,4.8180543115911725,8.302347491368877
COc1ccc(F)cc1C(C)(C)CC(O)(CNc1cccc2ncccc12)C(F)(F)F,0.48347611669509133,3.0420366387751505,7.807026483488969
CC/C(=C(/CC)c1ccc(O)cc1)c1ccc(O)cc1,0.7796984854737203,2.139419888287968,5.099395750609309
C[C@H](NC(=O)C(C)(F)F)[C@H](Oc1ccc2c(cnn2-c2cccc(C(=O)NC3CCCC3)c2)c1)c1ccc2c(c1)OCOC2,0.24876217271752743,3.795589952998175,8.825973175547176
CC1(CC(O)(CNc2cccc3ncccc23)C(F)(F)F)CCCc2ccccc21,0.5692310980310699,3.4528965845219766,7.987791812057631
C=CCC1Oc2ccc(Cl)c(OC)c2-c2ccc3c(c21)C(C)=CC(C)(C)N3,0.6047603719602135,3.5376425712189192,6.575706779311332
O=C(Nc1ccc(Cl)cc1)c1cnc2c(cnn2C2CCN(Cc3ccccc3)CC2)c1Cl,0.3907044625337388,2.34875354539812,6.562017190619713
CCC#C[C@]1(O)CC[C@H]2[C@@H]3CCC4=CC(=O)CCC4=C3[C@@H](c3ccc(N(C)C)cc3)C[C@@]21C,0.5877125603571685,4.412062875954133,7.7253886766968
COc1ccnc(Cn2nc(C)c3c(Cl)c(C(=O)Nc4ccc(Cl)cc4)cnc32)c1OC,0.4353304573466036,2.5457032808574738,6.531800541873563
COc1ccc(F)cc1C(C)(C)CC(O)(C(=O)Nc1ccc2c(c1)COC2=O)C(F)(F)F,0.5061508688659754,3.2344891424745086,6.88122610614473
Cc1c(NS(C)(=O)=O)cccc1N(Cc1ccc(CCCC(=O)NCCO[C@@H]2CC[C@]3(C)[C@H](C2)C[C@H](O)[C@@H]2[C@@H]3C[C@@H](O)[C@]3(C)[C@H]2CC[C@H]3[C@@H](C)CCC(=O)O)cc1)Cc1ccc(Oc2ccccc2)cc1,0.050564116601553556,5.430068316175643,6.867919903375208
CCc1cccc(CC)c1C(=O)N(CC)C[C@@](O)(CNC(=O)c1cnn(-c2ccc(F)cc2)c1N)C(F)(F)F,0.3321954207286898,3.4489623621642007,8.00764452373304
Cc1cccc(SCC(=O)[C@@]2(O)[C@H](C)C[C@H]3[C@@H]4CCC5=CC(=O)C=C[C@]5(C)[C@H]4[C@@H](O)C[C@@]32C)n1,0.6234996107609612,4.668518511384831,8.489810880769827
Cc1ccc([C@@H](Oc2ccc(C(=O)NC3CCCCC3)nc2)[C@H](C)NC(=O)C(F)(F)F)cc1,0.6270706963531526,3.2487035853778536,7.847551973603692
CC(C)CCN1C[C@@H]2C[C@H]3[C@@H]4C[C@H](F)C5=CC(=O)C=C[C@]5(C)[C@@]4(F)[C@@H](O)C[C@]3(C)[C@]2(C(=O)CO)C1,0.616216960299765,5.031506937283255,7.771479016232535
CCCS(=O)(=O)N[C@@H](C)[C@H](Oc1ccc2c(cnn2-c2ccc(F)cc2)c1)c1ccccc1,0.3758857018146796,3.2168935519330386,7.784453015707516
Cc1nn(C)c2ncc(C(=O)Nc3ccc(Cl)cc3)c(F)c12,0.7881912444334536,2.2534481995575,6.595654174245767
Cc1ccccc1[C@@](C)(O)[C@H]1CCCC2=Cc3c(-c4ccc(F)cc4)ncn3C[C@@]21C,0.5594289767379429,3.9815213839026544,6.212080263364204
C=CCC1Oc2cccc(OCc3ccccc3)c2-c2ccc3c(c21)C(C)=CC(C)(C)N3,0.42979051474159424,3.287995916994224,7.028751223040172
CC(C)(C)c1ccc(S(=O)(=O)N2CCC3=Cc4c(cnn4-c4ccc(F)cc4)C[C@]3(COCCO)C2)cc1,0.4518772899791773,3.4187979163108553,7.676998571127574
O=C(Nc1ccc(Cl)cc1)c1cnc2c(c(C(F)(F)F)nn2-c2ccccc2)c1Cl,0.4159412225972625,2.3716053514195092,6.2819856797887725
CC1(C(=O)Nc2nccs2)CC2(Br)c3ccccc3C1c1ccccc12,0.5683288658888878,4.063830913071783,5.782296577227051
CN(C)c1ccc([C@H]2C[C@@]3(C)[C@@H](CC[C@@]3(O)C#CC(C)(C)C)[C@@H]3CCC4=CC(=O)CCC4=C32)cc1,0.5052017846521274,4.461199933661527,7.49580892195203
CCN(CC(O)(CNC(=O)c1cnn(-c2ccc(F)cc2)c1N)C(F)(F)F)C(=O)c1c(Cl)cc(Cl)cc1Cl,0.32535446232890536,3.4212897165392135,8.107949703528185
Cc1[nH]c2ccccc2c1CC(C)NS(=O)(=O)c1c(Cl)cc(Cl)cc1Cl,0.5720701152917866,2.8418625712172556,6.251832000558151
Cc1ccc(S(=O)(=O)N(Cc2ccccc2)c2ccc(Oc3ccccc3)cc2)cc1,0.35221968842325146,1.8722867805254761,5.575473917671336
COc1cccc([C@@H](Oc2ccc3c(cnn3-c3ccc(F)cc3)c2)[C@H](C)NS(=O)(=O)C2CC2)c1,0.3619709287478952,3.358638597296274,9.145473559166774
C=C1C=C(C)CC(C)(C)C1Cc1cc(OC)c(Br)cc1O,0.8054724632328393,3.5977650979449347,5.824429368182029
Cc1nn(C2CCCCC2)c2ncc(C(=O)Nc3ccc(C(C)C)cc3)c(Cl)c12,0.550556763519942,2.36728762320978,6.751395335255107
Cc1ccc([C@H]2C[C@@]3(C)[C@@H](CC[C@@]3(O)C#CC(C)(C)C)[C@@H]3CCC4=CC(=O)CCC4=C32)cc1,0.4929085765962775,4.380863846932663,7.557260798101036
Cc1cc(C)c(S(=O)(=O)N[C@H](CNc2cccc3c2cnn3-c2ccc(F)cc2)C(C)C)c(C)c1,0.3389278648692255,3.072950837118678,8.652420896220928
C[C@H](NC(=O)C(F)(F)F)[C@H](Oc1ccc2c(cnn2-c2ccc(F)cc2)c1)c1cnc2ccccc2c1,0.2901710737062274,3.4255424181875815,10.185835451360857
C=CCOC(C1=CC(C)(C)Nc2ccc(-c3ccccc3OC)cc21)C(C)C,0.5847430758509158,3.333310615582022,6.216519335735607
O=C(Nc1ccc(Cl)cc1)c1cnc2c(cnn2-c2ccc(Cl)cc2)c1Cl,0.46955407783011915,2.128178908890968,5.804787332055842
C#CC1(O)CC[C@H]2[C@@H]3CCC4=CC(=O)CC[C@@H]4[C@H]3CC[C@@]21CC,0.7460501574652694,4.551999070981741,6.6672535637431585
CC#C[C@]1(O)CC[C@H]2[C@@H]3CCc4cc(C(=O)Nc5cccnc5C)ccc4[C@H]3[C@@H](OCc3ccccc3Cl)C[C@@]21C,0.32197396370282283,4.3244468460803045,8.988864288666548
CCCC[C@]1(O)CC[C@H]2[C@@H]3CCC4=CC(=O)CCC4=C3[C@@H](c3ccc(N(C)C)cc3)C[C@@]21C,0.5545796099631789,4.218984960321379,7.449992049042991
C[C@]12Cc3cnn(-c4ccc(F)cc4)c3C=C1CCC[C@@H]2[C@@H](O)c1ccccc1F,0.6121514657362664,3.646156382090325,8.144654670109167
COCCn1cnc2c(Cl)c(C(=O)Nc3ccc(C(F)(F)F)cc3)cnc21,0.7049096315442168,2.4331247310687907,5.541237337376212
CC1=CC(C)(C)Nc2ccc3c(c21)C(C)Oc1ccc(F)cc1-3,0.6882493072914582,3.2572762573547314,6.498970232181273
Cc1cc(C)c(S(=O)(=O)N[C@@H](C)CNc2cc(C)cc3c2cnn3-c2ccc(NC(C)C)cc2)c(C)c1,0.2578518014215881,3.184094585674801,7.864451193645423
C[C@H](NC(=O)C(C)(F)F)[C@H](Oc1ccc2c(cnn2-c2cccc(C(=O)N[C@H]3CCS(=O)(=O)C3)c2)c1)c1ccc2c(c1)OCOC2,0.27550905981117285,4.153599078534818,8.831432413762425
Cc1cc(C)c(S(=O)(=O)N[C@@H](C)CNc2cc(C)cc3c2cnn3-c2ccc(NC3CC3)cc2)c(C)c1,0.2685096993651095,3.164354235105895,7.987405580926001
Cc1c(NS(C)(=O)=O)cccc1N(Cc1ccccc1)Cc1ccc(Oc2cccc(CCCC(=O)NCCO[C@@H]3CC[C@]4(C)[C@H](C3)C[C@H](O)[C@@H]3[C@@H]4C[C@@H](O)[C@]4(C)[C@H]3CC[C@H]4[C@@H](C)CCC(=O)O)c2)cc1,0.050564116601553556,5.442855687013761,7.406510629718135
COc1ccc2c(c1)-c1ccc3c(c1[C@H](c1ccccc1)O2)C(C)=CC(C)(C)N3,0.5513809715606729,3.0783863427649587,6.735439898029166
CC(C)(C(=O)Nc1nccs1)[C@@H](c1ccccc1)c1ccc(O)c(F)c1,0.679038961409007,2.9220939934704795,6.220142643106514
CC(C)(C(=O)Nc1nccs1)[C@H](c1ccccc1)c1ccc(O)c(F)c1,0.679038961409007,2.9220939934704795,6.220142643106514
C=C1CC[C@@H](Br)C(C)(C)[C@H]1Cc1cc(OC)c(Br)cc1O,0.5219757795080732,3.777120028065987,5.357605445503158
Cc1cc(C)c(S(=O)(=O)N[C@H]2CCN(c3cccc4c3cnn4-c3ccc(F)cc3)C2)c(C)c1,0.4536024993550509,2.953335605650068,7.866015488687385
C[C@H](NC(=O)C(C)(F)F)[C@H](Oc1ccc2c(cnn2-c2cccc(C(=O)NC3CCS(=O)(=O)C3)c2)c1)c1ccc2c(c1)OCCO2,0.2765357956855447,4.034943930605825,8.963010280606987
Cc1cc([C@H](c2ccccc2)C(C)(C)C(=O)Nc2nncs2)ccc1O,0.7029383353284313,3.0221428870426603,6.057860903671766
C[C@]12Cc3cnn(-c4ccc(F)cc4)c3C=C1CC[C@@H]1[C@@H]2[C@@H](O)C[C@@]2(C)[C@H]1CC[C@]2(O)C(=O)CSc1nccc2ccccc12,0.2378030277756425,4.597178567991845,8.850549173541216
CC1(C)C=C(CSCCc2ccccc2)c2cc(-c3cccc(O)c3Cl)ccc2N1,0.3988590010004747,2.7434022974966883,6.57785430465308
Cc1nn(CC2CCNCC2)c2ncc(C(=O)Nc3ccc(C(F)(F)F)cc3)c(Cl)c12,0.6046752846262401,2.618519618721761,6.694669550506998
CC(C)(CC(O)(Cc1cc2cc(S(C)(=O)=O)ncc2[nH]1)C(F)(F)F)c1ccccc1C(N)=O,0.47555097164130067,3.545529955478318,6.94203319930223
Cc1nn(-c2ccc(C(F)(F)F)cc2)c2ncc(C(=O)Nc3ccc(Cl)cc3)c(Cl)c12,0.38610869688161076,2.316975259953024,5.754000639503091
C=CCC1Oc2ccc(OC)c(OC)c2-c2ccc3c(c21)C(C)=CC(C)(C)N3,0.6646654501753989,3.447678071203323,6.615584255296461
CCNC(=O)O[C@]1(C(=O)CO)[C@@H](C)C[C@H]2[C@@H]3CCC4=CC(=O)C=C[C@]4(C)[C@@]3(F)[C@@H](O)C[C@@]21C,0.590894468893067,4.763848737811082,8.328160585210387
Cc1ccc([C@@H](Oc2ccc(C(=O)Nc3ccccc3)cc2)[C@H](C)NC(=O)C(F)(F)F)cc1,0.49797911002096346,2.8792009097925693,5.9268513653454855
CC(C)(C)c1ccc(S(=O)(=O)Nc2ccc3c(c2)CCCN3C(=O)c2ccco2)cc1,0.6236169290912257,2.305701581586483,5.7610881375201854
C[C@H]1C(=O)C(C)(C)Nc2ccc3c(c21)[C@H](c1cccc(F)c1)Oc1ccccc1-3,0.569048535691226,3.554420429932315,6.579801638528132
C[C@H]1c2c(cc(F)c(-c3cccc4cc[nH]c34)c2F)NC(C)(C)[C@@H]1OC(=O)Nc1ccc(Cl)cc1,0.2727092837961975,3.715762958649205,7.475076546423651
Cc1cc(-c2cn(C(C)C)c3cc(NS(C)(=O)=O)ccc23)ccc1C#N,0.7405301402570369,2.5209608004062396,5.620591029609261
COc1cccc(S(=O)(=O)Nc2ccc(-c3ccc4c(cnn4-c4ccc(F)cc4)c3)c(C(F)(F)F)c2)c1,0.24415552726878045,2.4801566714159407,6.809687454499882
CC#C[C@@]1(O)CC[C@@]2(/C=C/C)c3ccc(O)cc3CC[C@@H]2C1,0.6124991371634946,4.3877955039882535,6.307420262719502
Cc1nn(CC2CCNCC2)c2ncc(C(=O)Nc3ccc(Cl)cc3)c(Cl)c12,0.6629936242812503,2.4916825446626625,6.5910187739778054
CC[C@@H](Cc1ccc(O)cc1)NS(=O)(=O)c1c(C)cc(C)cc1C,0.8386212792865361,2.6055235672170696,5.809342843638027
COc1ccc(F)cc1C(C)(C)CC(O)(CNc1cccc2nc(C)ccc12)C(F)(F)F,0.4493440099504745,3.0953815241906266,8.44577217717197
C[C@@H](COc1cccc2ncccc12)NS(=O)(=O)c1cccc(C#N)c1,0.723150188403419,2.6372298576803157,5.674684414675955
COc1c(O)ccc2c1-c1ccc3c(c1/C(=C/c1cccc(C)c1F)O2)C(C)=CC(C)(C)N3,0.4471278668788249,3.1220721490770504,8.820109735552164
Cc1nn(Cc2c[nH]nn2)c2ncc(C(=O)Nc3ccc(Cl)cc3)c(Cl)c12,0.5444898137147824,2.806275412387473,6.417069973952537
CCN(CC(O)(CNC(=O)c1cnn(-c2ccc(F)cc2)c1N)C(F)(F)F)C(=O)c1c(F)cccc1S(C)(=O)=O,0.3247283619645973,3.4847120196531147,7.494159834817353
COc1cccc2c1-c1ccc(NS(C)(=O)=O)cc1C(c1ccc(Cl)c(Cl)c1)O2,0.5685154992625988,2.869911582184173,8.30529042580658
C[C@H](c1ccc([C@@H]2O[C@@H]3C[C@H]4[C@@H]5C[C@H](F)C6=CC(=O)C=C[C@]6(C)[C@@]5(F)[C@@H](O)C[C@]4(C)[C@]3(C(=O)CO)O2)cc1)c1cccc(N)c1,0.40046782183512913,5.18625819466286,8.062705189181852
CC(=O)/C=C/c1c(-c2cccc3cc[nH]c23)cc(C)c2c1[C@H](C)[C@@H](O)C(C)(C)N2,0.5254200454551994,3.919828197286911,6.54240462415798
CC(C)(C(=O)NC(N)=O)[C@@H]1c2ccc(-c3ccc(C(=O)N4CCC4)cc3)nc2Oc2c(F)cccc21,0.5715208951029874,3.3384492573057383,5.848252117321833
COc1ccccc1-c1ccc2c(c1)C(C(C)OCCCc1ccccc1)=CC(C)(C)N2,0.39311352861321214,3.0321942447534234,6.449718192474636
Cc1nn(Cc2nccn2C)c2ncc(C(=O)Nc3ccc(C(F)(F)F)cc3)c(Cl)c12,0.5002182920036098,2.600758623101502,6.771910655316347
CC(Cc1c[nH]c2ccccc12)NS(=O)(=O)c1c(Cl)cc(Cl)cc1Cl,0.6108229629344158,2.7123723672966715,6.8539211830344735
Cc1cnc(Nc2ccc3c(c2)CC[C@@H]2C4=CC(=O)C[C@]4(C)CC[C@@]32C)c(C)n1,0.7539252394886731,4.117166560545684,5.5403667749146415
Cn1c(=O)[nH]c(N2CCC(Oc3ccccc3)CC2)c(Cc2ccccc2)c1=O,0.7262500814562173,2.4257621742684776,6.304411065367432
Cc1ccc(F)cc1C(C)(C)CC(O)(Cc1cc2nc(N3CCS(=O)(=O)CC3)ncc2[nH]1)C(F)(F)F,0.4719902241677558,3.7000664598175135,7.707495700788468
COc1cc(-c2cn(C(C)C)c3cc(NS(C)(=O)=O)ccc23)ccc1C#N,0.7175033326956891,2.501702261214321,5.620042671233909
CC(C)(C(=O)Nc1nncs1)[C@H]1c2ccccc2Oc2cc(O)ccc21,0.7265062460371131,3.2139184231688827,5.752012250741811
CS(=O)(=O)Nc1cccc2cc[nH]c12,0.7893658854206851,2.2696509998933205,6.392432985469923
CC(C)(CC(O)(Cc1cc2ncncc2[nH]1)C(F)(F)F)c1cc(Cl)cc2c1OCC2,0.6015103258097024,3.662958197262739,7.8393613129301984
Cc1nn(C2CCCC2)c(C)c1S(=O)(=O)N[C@@H](C)CNc1cccc2c1cnn2-c1ccc(C#N)cc1,0.35258943840569923,3.298926828725868,8.242303691141565
CC1(C)O[C@@H]2C[C@H]3[C@@H]4C[C@H](F)C5=CC(=O)CC[C@]5(C)[C@H]4[C@@H](O)C[C@]3(C)[C@]2(C(=O)CO)O1,0.691028101051215,4.97704106623976,8.209708211796483
CNC(=O)C[C@H]1COc2ccc(Cl)cc2N1C(=O)c1ccc2c(c1)NC(=O)CO2,0.8007338789666916,3.136195947412441,5.875336893528132
Fc1ccc(CC23Cc4cnn(-c5ccc(F)cc5)c4C=C2CCN(Cc2ccncc2)C3)cc1,0.38129525736699105,3.2135917416250432,7.085336420273796
Cc1nn(-c2ccccc2)c2ncc(C(=O)Nc3cccc(C(F)(F)F)c3)c(Cl)c12,0.4563815291204127,2.2791822744964314,6.519919854617009
CC(C)(C[C@@](O)(Cc1cc2ccc(C#N)cc2[nH]1)C(F)(F)F)c1cc(S(C)(=O)=O)cc2c1OCC2,0.5094620456835007,3.620272680267391,7.560823553281226
O=S(=O)(NCCO)c1ccc(-c2ccc3c(cnn3-c3ccc(F)cc3)c2)c(C(F)(F)F)c1,0.4077627544645428,2.4974616139599934,5.085563622069814
Cn1cc(S(=O)(=O)N2CC[C@H]3Cc4c(cnn4-c4ccc(F)cc4)C[C@]3(C(=O)c3cc(C(F)(F)F)ccn3)C2)nn1,0.2593501953701768,4.253890700349534,7.338371842455773
COC(=O)[C@@H]1CC2=CC(=O)CC[C@]2(C)C2C1C1CC[C@@]3(CCC(=O)O3)[C@@]1(C)[C@H]1O[C@@H]21,0.4846362333439519,5.49845622453667,6.208303690273585
CC(C)[C@H](NC(=O)C(C)(F)F)[C@H](Oc1ccc2c(cnn2-c2cscn2)c1)c1ccccc1,0.37450449016658516,3.801688837292838,7.477959629590944
Cc1ccc(S(=O)(=O)N(c2ccc3c(c2)CCCN3C(=O)c2ccco2)S(=O)(=O)c2ccc(C)cc2)cc1,0.3318461365938318,2.5996748597696424,4.376240476402264
Cc1cnc(NC(=O)C2(C)CC3c4ccccc4C2c2ccccc23)s1,0.6925185207541232,3.7069509130717826,5.7351880049397295
COc1ccc(F)cc1-c1ccc2c(c1)C(CSCCc1ccccc1)=CC(C)(C)N2,0.4028868036204162,2.605118569635243,6.920006717479863
CC(C)(CC(O)(Cc1cc2cc(N3CCOCC3)ncc2[nH]1)C(F)(F)F)c1ccccc1C(N)=O,0.46858145195670525,3.4664642391805343,7.674034911533998
C#C[C@]1(O)CC[C@H]2[C@@H]3CCC4=CC(=O)CCC4=C3[C@@H](c3ccc(N(C)CCC[C@@]4(O)CC[C@@]5(C)[C@H](C[C@@H](O)[C@@H]6[C@@H]5C[C@H](O)[C@]5(C)[C@@H]([C@H](C)CCC(=O)O)CC[C@@H]65)C4)cc3)C[C@@]21C,0.14725965059419077,6.039088766864842,7.6261601016540785
Cc1nc(C(=O)N[C@@H](C)[C@H](Oc2ccc3c(cnn3-c3ccc(F)cc3)c2)c2ccccc2)no1,0.36661040302033554,3.3494818016167054,8.581310490009292
CC#C[C@]1(O)CC[C@H]2[C@@H]3CCC4=CC(=O)CCC4=C3[C@@H](c3ccccc3)C[C@@]21C,0.6615724635958307,4.252232639846679,7.784627832534498
CCCCNC(=O)NC(=O)C(C)(C)[C@@H]1c2ccc(-c3ccc(C(=O)N4CCOCC4)cc3)nc2Oc2c(F)cccc21,0.37328965926441504,3.456034571668294,6.379232337702751
CC(C)(CC(O)(Cc1cc2ccccc2[nH]1)C(F)(F)F)c1cc(C#N)cc2c1OCC2,0.5885290268493129,3.468448456095995,7.9479854126815175
CC(C)(C(=O)Nc1nncs1)[C@@H]1c2ccccc2Oc2nc(-c3ccc(O)cc3)ccc21,0.4485575130438904,3.3010082915761645,5.738410014356693
CC#C[C@]1(O)CC[C@H]2[C@@H]3CCc4cc(C(=O)Nc5cccnc5C)ccc4[C@H]3[C@@H](OC)C[C@@]21C,0.6434944087295856,4.26783222475045,7.220891577097066
O=c1cc(C(F)(F)F)c2cc3c(cc2[nH]1)OCCN3CC1CC1,0.9228702421125661,2.7056407345122953,5.718989719375713
Cc1nn(C2CCCC2)c(C)c1S(=O)(=O)N[C@@H](C)CNc1cccc2c1cnn2-c1ccc(F)cc1,0.3527014194475135,3.20011719395732,8.472194444830276
CCn1nccc1S(=O)(=O)N1CC[C@H]2Cc3c(cnn3-c3ccc(F)cc3)C[C@]2(C(=O)c2cc(C(F)(F)F)ccn2)C1,0.2407273837082942,4.240441812987621,7.30654863409239
COc1ccc([C@@H](Oc2ccc3c(cnn3-c3ccc(F)cc3)c2)[C@@H](NC(=O)C(C)(F)F)C(C)C)cn1,0.3212121657645136,3.662283431737139,7.617208987967673
C[C@]12C=CC(=O)C=C1CC[C@@H]1[C@@H]2[C@@H](O)C[C@@]2(C)[C@H]1C[C@H]1O[C@@H](c3ccc(CSc4cccc(N)c4)cc3)O[C@]12C(=O)CO,0.30687744211060897,4.872476394063062,8.032153600420525
CC(C)NC(=O)O[C@@H]1[C@@H](C)c2c(cc(F)c(-c3cccc4c(Cl)c[nH]c34)c2F)NC1(C)C,0.41254751377565346,3.9164049651112247,7.5327182259538255
CCOc1nccc2c1[C@H](c1ccc(C#N)cc1OC)C(C#N)=C(C)N2,0.9071530384760473,3.192486617285022,5.434033161595569
Cn1c(=O)[nH]c(N2CCC(CCc3ccccc3)CC2)c(Cc2ccccc2)c1=O,0.6852013611313,2.400871380218298,5.615126630203522
C[C@]12CCC(=O)C=C1CC[C@@H]1[C@@H]2[C@@H](O)C[C@@]2(C)[C@H]1CC[C@]2(OC(=O)c1ccco1)C(=O)CSc1nc2ccccc2o1,0.2654002166380842,4.6339677173854845,8.532570254099676
COc1ccc(C(=O)N2CCCc3cc(NS(=O)(=O)c4cc(Cl)c(C)cc4OC)ccc32)cc1OC,0.45822332417398126,2.3876601863863787,5.2758082133476565
C#Cc1ccc(CN2CCC(n3nc(C)c4c(Cl)c(C(=O)Nc5ccc(C(=O)c6ccccc6)cc5)cnc43)CC2)cc1,0.16936653584388156,2.719719796007496,6.345387116386475
CC(C)(C(=O)Nc1nccs1)[C@H](c1ccccc1)c1ccc(O)cc1,0.7026979964532806,2.786511836890151,5.7572152506236725
CNC(=O)CC1Oc2cccc(OC)c2-c2ccc3c(c21)C(C)=CC(C)(C)N3,0.823256560664749,3.3590041067062817,6.11184207115065
C[C@]1(C(=O)Nc2nccs2)CC2(C#N)c3ccccc3C1c1ccccc12,0.7237998634199275,4.004860829233126,5.553848444920496
Cc1cc(-c2cccc3cc[nH]c23)c(Cl)c2c1NC(C)(C)CC2C,0.5207593836217922,3.4765384007417532,6.26519935457467
Cc1noc(=O)c2ccc(NC(=O)C(O)(CC3CCCc4cc([N+](=O)[O-])ccc43)C(F)(F)F)cc12,0.40431076601262456,3.734984357785782,5.706476821083475
Fc1ccc(-n2ncc3c2C=C[C@]2(CCCC=C2c2ccccc2)C3)cc1,0.5643488361029723,3.728256911369046,6.900358232126308
C[C@@H]1C[C@@H](C)OC2(CCC3=Cc4c(cnn4-c4ccc(F)cc4)C[C@@]32C)O1,0.7343977086813747,4.430160049720973,8.232839208373235
Cc1cc(F)ccc1-n1nc(C(F)(F)F)cc1-c1ccc2c(c1)NC(=O)CO2,0.6616755548433177,2.5494045860827814,5.772165906791733
Cc1noc(=O)c2ccc(NC(=O)C(O)(CC3(C4CCCCC4)CCCc4ccccc43)C(F)(F)F)cc12,0.42557256403280425,3.8183547566712006,7.532227285296367
Cc1nn(C2CCCCC2)c2ncc(C(=O)Nc3ccc(Cl)cc3)c(Cl)c12,0.6009762079163521,2.295949338461398,6.577128665914127
COc1ccc(Cl)cc1-c1c[nH]c2c(NS(C)(=O)=O)cccc12,0.7499375731855693,2.2493169364353722,6.820214427040458
CC(C)c1ccc(NC(=O)c2cnc3c(c(Cl)nn3C3CCOCC3)c2Cl)cc1,0.5929616567577906,2.6566013192698197,6.206987134803672
CC1=CC(C)(C)Nc2ccc3c(c21)C(c1ccc(Cl)c(C)c1)Oc1ccc(F)cc1-3,0.4393888294711427,3.265043587174034,6.801497186956317
O=C(O)Cc1ccc(N(Cc2ccccc2)Cc2ccc(Oc3ccccc3)cc2)cc1,0.3425549292163872,1.9453962759474912,5.66337706149575
CC(C)(CC(O)(Cc1cc2cc(N3CCOCC3)ncc2[nH]1)C(F)(F)F)c1cccc(O)c1,0.5077073620527456,3.4256620092940686,7.7694444736900685
Cc1nc(SCC(=O)[C@@]2(O)CC[C@H]3[C@@H]4CCC5=Cc6c(cnn6C6CCCCC6)C[C@]5(C)[C@H]4[C@@H](O)C[C@@]32C)sc1C,0.3738872375691618,4.814441235427494,8.415739359777016
O=c1[nH]c(N2CCC(c3ccccc3)C2)c(Cc2ccccc2)c(=O)[nH]1,0.7622746667508019,2.7952847871036663,5.737831406215489
CC(C)(c1nc2cncnc2[nH]1)[C@@H]1c2ccc(-c3ccc(C(=O)N4CCOCC4)cc3)nc2Oc2c(F)cccc21,0.32614858375199535,3.70036988506505,5.925110340693817
C=C1C=C(C)CC(C)(C)C1Cc1ccc([N+](=O)[O-])c(C)c1,0.5794255135813438,3.4225667462965825,5.415476399755678
CC1(C)C[C@](O)(C(F)(F)F)[C@@H](Nc2cccc3[nH]c(=O)ccc23)c2ccc(F)c(O)c21,0.44589431958422376,3.7825842321153367,7.560222911229254
C[C@H](NC(=O)C(C)(F)F)[C@@H](Oc1ccc2c(cnn2-c2cccc(C(=O)N[C@@H]3CCOC3)c2)c1)c1ccc2c(c1)OCCO2,0.2865814910533015,3.9631402915986786,7.613825702307718
C[C@@H]1C(=O)C(C)(C)Nc2ccc3c(c21)[C@H](c1cccc(F)c1)Oc1ccccc1-3,0.569048535691226,3.554420429932315,6.579801638528132
CC(C)(O)c1ccc(-c2ccc3c(n2)Oc2c(F)cccc2[C@@H]3C(C)(C)c2nc3nccnc3[nH]2)cc1,0.3175876846320108,3.7686964990555385,6.04954384642271
COCCCCCCCCCOc1ccc(NC(=O)c2cnc3c(c(C)nn3C)c2Cl)cc1,0.3113604284810441,2.38208687191203,6.503877027606438
CC(C)[C@H](NC(=O)C(F)(F)F)[C@H](Oc1ccc2c(cnn2-c2ccc(=O)n(C)c2)c1)c1ccc(Cl)cc1,0.3547347628407496,3.714141758846922,7.030792786305839
O=C(O)CCc1cc(Br)c(OCc2cccc(Br)c2)c(Br)c1,0.5731130156585392,2.108249712798358,5.953404458174556
COc1c(O)ccc2c1-c1ccc3c(c1/C(=C/c1sccc1C#N)O2)C(C)=CC(C)(C)N3,0.4738585043298699,3.324564819319014,9.102996670963593
COc1cc([C@H]2C[C@@]3(C)[C@@H](CC[C@@]3(O)C#CC(C)(C)C)[C@@H]3CCC4=CC(=O)CCC4=C32)ccc1N(C)C,0.48429909230213114,4.5638077256938825,7.302736785749351
CCCCc1ccc(C(=O)N2CCCc3cc(NS(=O)(=O)c4cc(Cl)c(C)cc4OC)ccc32)cc1,0.3685751297564574,2.3850002168509636,4.681389925287958
COc1c(O)ccc2c1-c1ccc3c(c1/C(=C/c1cc(F)cc4c1OCOC4)O2)C(C)=CC(C)(C)N3,0.42609337350810844,3.357194213535701,8.820134654083963
Cn1ccnc1Cn1ncc2c(Cl)c(C(=O)Nc3ccc(Cl)cc3)cnc21,0.5648527269079081,2.458659628171688,6.565792666900846
CC(C)C#C[C@]1(O)CC[C@H]2[C@@H]3CCC4=CC(=O)CC[C@]4(C)[C@H]3[C@@H](c3ccc(N(C)C)cc3)C[C@@]21C,0.5075858368333078,4.629195995610845,7.420810283301522
CC(C)(C)c1ccc(S(=O)(=O)N2CCC3=Cc4c(cnn4-c4ccc(F)cc4)C[C@]3(COCCN3CCCCC3)C2)cc1,0.30201525494369263,3.4815405543928124,7.66685163554057
C=CCC1Oc2cccc(C(=O)OC)c2-c2ccc3c(c21)C(C)=CC(C)(C)N3,0.5474355683434593,3.483039017948885,6.841056901068888
CC(C)[C@H](NC(=O)C(C)(F)F)[C@H](Oc1ccc2c(cnn2-c2ccc(=O)n(C)c2)c1)c1cccc(Cl)c1,0.33677419822867927,3.812039496403483,8.367918650081261
CN(C)c1c(F)cc([C@H]2C[C@@]3(C)[C@@H](CC[C@@]3(O)C#CC(C)(C)C)[C@@H]3CCC4=CC(=O)CCC4=C32)cc1F,0.4524290596578733,4.697128378890423,7.0126391417124765
C[C@]12C=CC(=O)C=C1CC[C@@H]1[C@@H]2[C@@H](O)C[C@@]2(C)[C@H]1C[C@H]1O[C@@H](c3ccc(Sc4ccc(Cl)c(N)c4)cc3)O[C@]12C(=O)CO,0.3652370163136156,4.962606348311498,7.588813380109829
C[C@]12C=CC(=O)C=C1CC[C@H]1[C@@H]3C[C@H]4O[C@@H](c5ccc(CSc6ccc(N)cc6)cc5)O[C@@]4(C(=O)SCCl)[C@@]3(C)C[C@H](O)[C@@]12F,0.19015961853208985,5.091510984690196,7.3773636868209875
CC(C)(C(=O)NC(=O)C1CC1)[C@@H]1c2ccc(-c3ccc(C(=O)N4CCOCC4)cc3)nc2Oc2c(F)cccc21,0.50216831360159,3.4289544020990537,6.0442813158484014
CCN(CC(O)(CNC(=O)c1cnn(-c2ccc(F)cc2)c1N)C(F)(F)F)C(=O)c1cccc(F)c1Cl,0.3746035177832064,3.358897092462132,8.054672380880769
C[C@@H](NC(=O)O[C@]1(C(=O)CO)[C@@H](C)C[C@H]2[C@@H]3CCC4=CC(=O)C=C[C@]4(C)[C@@]3(F)[C@@H](O)C[C@@]21C)c1ccccc1,0.5116810825934465,4.728507765940662,8.520130252806052
CCCCN(c1ccccc1)S(=O)(=O)c1ccc(-c2ccc3c(cnn3-c3ccc(F)cc3)c2)c(C(F)(F)F)c1,0.17955854922771208,2.6079266204921527,7.599362306596971
CCN1C(=O)C(c2ccc(F)cc2)=C(c2ccc3c(c2)NC(=O)CO3)C1C,0.9066368815391498,3.1406010975347085,5.695681935407141
CC1(C)Nc2c(cc(-c3cccc4nncn34)c3c2CCC3)C(C)(C)C1=O,0.7141173679001425,3.290240131878507,7.281280208580511
Cc1nn(-c2ccccc2)c2ncc(C(=O)Nc3cccs3)c(Cl)c12,0.5699932387957972,2.4055723900227974,5.725569032820868
COc1ccc(C)c(C(C)(C)CC(O)(Cn2ccc(=O)c3ccccc32)C(F)(F)F)c1,0.5966240063827065,3.1255963349613154,7.461577460868265
Cc1ccc(F)cc1C(C)(C)CC(O)(Cc1cc2nc(N3CCCC3)ncc2[nH]1)C(F)(F)F,0.49186062905470423,3.4290979624713263,7.250868513884519
Cn1c(SCC(=O)[C@@]2(O)CC[C@H]3[C@@H]4CCC5=Cc6c(cnn6-c6ccc(F)cc6)C[C@]5(C)[C@H]4[C@@H](O)C[C@@]32C)nc2ccccc21,0.2586252107646594,4.589706491739609,8.84071049366722
CC1(C(=O)Nc2nccs2)CC2c3ccccc3C1c1ccccc12,0.7261515379105239,3.648083420585607,5.703579794703737
C[C@H]1CCc2cc(F)ccc2N1C(=O)c1ccc2c(c1)NC(=O)CO2,0.8675713161580698,2.827270233423194,5.7311059181729815
CCn1cc(-c2ccc(C#N)cc2)c2ccc(NS(C)(=O)=O)cc21,0.7893497163608207,2.264991472187491,5.573415793606167
COc1ccc(C2=CCCC[C@]23C=Cc2c(cnn2-c2ccc(F)cc2)C3)cc1,0.5650877954029621,3.7410783031789467,6.909638045780083
Cc1ccc(NS(C)(=O)=O)c(C)c1N(Cc1ccccc1)Cc1ccccc1,0.6211518920761506,2.175933932199177,5.913206568669358
Cc1ccc(Cn2nc(C)c3c(Cl)c(C(=O)Nc4ccc(Cl)cc4)cnc32)cn1,0.4957866135413718,2.346977679494957,6.5498512566307925
CN(C)C(=O)c1ccc(-c2ccc3c(c2)Oc2ccccc2C3C(C)(C)C(=O)Nc2nncs2)cc1,0.37540789844176686,3.2136701351337926,5.734725545315799
CC[C@@]12C[C@@](C)(O)[C@](O)(c3ccccc3)C[C@H]1CCc1cc(O)ccc12,0.7644903036695393,3.82882968514072,6.994017745150901
CC#C[C@]1(O)CC[C@H]2[C@@H]3CCC4=CC(=O)CCC4=C3[C@@H](c3ccc(-c4ccc(OCCO[C@H]5CC[C@@]6(C)[C@@H](C5)C[C@@H](O)[C@@H]5[C@@H]6C[C@H](O)[C@]6(C)[C@@H]([C@H](C)CCC(=O)O)CC[C@@H]56)cc4)cc3)C[C@@]21C,0.12938638123088916,5.966788550049981,8.598288022394453
C[C@]12C=CC(=O)C=C1[C@@H](F)C[C@H]1[C@@H]3C[C@H]4CN(Cc5cccc(Cl)c5)C[C@@]4(C(=O)SCF)[C@@]3(C)C[C@H](O)[C@@]12F,0.4832014779058465,5.087512750364338,8.3695512369768
COc1ccc(F)cc1C(C)(C)CC(O)(Cn1ccc(=O)c2ccccc21)C(F)(F)F,0.5633963942357479,3.127254576719558,7.704654451702882
COc1cccc2c1-c1ccc(N(C)S(C)(=O)=O)cc1C(c1ccccc1)O2,0.6630529957819001,2.84659727575729,6.248017344003426
Cc1ccc(Cn2cnc3c(Cl)c(C(=O)Nc4ccc(Cl)cc4)cnc32)cc1,0.49278937505308884,2.196131198508816,5.354158832964346
CC(C)(C(=O)Nc1nncs1)[C@H]1c2ccccc2Oc2nc(-c3ccc(C(N)=O)cc3)ccc21,0.43883776821114234,3.301659262470052,5.707437744481825
COc1ccc(F)cc1C(C)(C)CC(O)(CN1C[C@@H](C)O[C@@H](C)C1)C(F)(F)F,0.7265664336056054,3.692495183382878,7.09548866602606
CC(=O)N[C@@H](Cc1cnc[nH]1)C(=O)NC(C)(C)C(=O)N[C@@H](CCC(N)=O)C(=O)NCC(=O)N[C@H](C(=O)N[C@@H](Cc1ccccc1)C(=O)N[C@H](C(=O)N[C@@H](CO)C(=O)N[C@@H](CC(=O)O)C(=O)N[C@@H](Cc1ccc(O)cc1)C(=O)N[C@@H](CO)C(=O)N[C@@H](CCCCN)C(=O)N[C@@H](Cc1ccc(O)cc1)C(=O)N[C@@H](CC(C)C)C(=O)N[C@@H](CC(=O)O)C(=O)N[C@@H](CO)C(=O)N[C@@H](CCCNC(=N)N)C(=O)N[C@@H](CCCNC(=N)N)C(=O)N[C@@H](C)C(=O)N[C@@H](CCC(N)=O)C(=O)N[C@@H](CC(=O)O)C(=O)N[C@@H](Cc1ccccc1)C(=O)N[C@H](C(=O)N[C@@H](CCC(N)=O)C(=O)N[C@@H](Cc1c[nH]c2ccccc12)C(=O)N[C@@H](CC(C)C)C(=O)N[C@@H](CC(C)C)CN(CC(=O)N[C@H](C(N)=O)[C@@H](C)O)S(=O)(=O)CCN)C(C)C)[C@@H](C)O)[C@@H](C)O,0.009561341195832117,9.632403460584541,6.072604285891953
C[C@H](NC(=O)C(C)(C)C)[C@H](Oc1ccc2c(cnn2-c2ccc(F)cc2)c1)c1ccccc1,0.4059096669456177,3.1380382169454446,8.999659208828536
CC[C@H](C)[C@@H]1NC(=O)[C@H](Cc2ccccc2)NC(=O)[C@H](CCC(=O)O)NC(=O)[C@H](CCCCN)NC(=O)[C@H](C)NC(=O)[C@H](C)NC(=O)[C@@H](NC(=O)[C@H](CCC(=O)O)NC(=O)[C@H](CC(=O)O)NC(=O)[C@H](CC(C)C)NC(=O)[C@H](Cc2ccc(O)cc2)NC(=O)[C@H](CCCCN)NC(=O)[C@H](CO)NC(=O)[C@H](Cc2ccc(O)cc2)NC(=O)[C@H](CC(=O)O)NC(=O)[C@H](CO)NC(=O)[C@@H](NC(=O)[C@H](Cc2ccccc2)NC(=O)[C@@H](NC(=O)CNC(=O)[C@H](CCC(N)=O)NC(=O)[C@H](CO)NC(=O)[C@@H](N)Cc2cnc[nH]2)[C@@H](C)O)[C@@H](C)O)CSCC(=O)NCCCC(C(=O)NCCOCCOCCOCCNC(=O)CCCCCCC(=O)O)NC(=O)CSC[C@@H](C(=O)N[C@@H](Cc2c[nH]c3ccccc23)C(=O)N[C@@H](CC(C)C)C(=O)N[C@@H](CC(C)C)C(=O)N[C@@H](CCCNC(=N)N)C(=O)N[C@@H](C)C(N)=O)NC1=O,0.009561346693286586,9.94721879574761,6.182308861883106
CC(Cc1c[nH]c2ccccc12)NS(=O)(=O)c1ccc(Cl)c(Cl)c1Cl,0.5714006690062367,2.7402593238184085,5.862239520958727
CC1(CC(O)(Cc2cc3ccccc3[nH]2)C(F)(F)F)CCCc2ccccc21,0.5928910289435303,3.486217889561747,7.307482627361393
O=C(Nc1ccc(Cl)cc1)c1cnc2c(cnn2C2CCSCC2)c1Cl,0.6595884235994124,2.5903593356175065,6.662587167295583
COc1ccc(F)cc1C(C)(C)CC(O)(Cc1cc2cccc(F)c2[nH]1)C(F)(F)F,0.49898438482125484,3.243209582290028,7.588974234704363
Cc1ccc(O)cc1C(C)(C)CC(O)(Cn1ccc(=O)c2ccccc21)C(F)(F)F,0.6314886666752502,3.2142403515207967,6.715999386154289
COc1cccc(S(=O)(=O)N2CCC3=Cc4c(cnn4-c4ccc(F)cc4)C[C@]3(C(=O)c3ccccn3)C2)c1,0.3358389380267271,3.461016050221425,7.932582359800149
C[C@]12Cc3cnn(-c4ccc(F)cc4)c3C=C1CC[C@@H]2[C@@H](O)c1csc2ccccc12,0.4132306599882403,3.768877537748807,8.41541365501952
Cc1csc(NC(=O)C2(C)CC3c4ccccc4C2c2ccccc23)n1,0.6925185207541232,3.642409374610244,5.9568603631454975
O=C(c1ccco1)N1CCCc2cc(N(S(=O)(=O)c3cccs3)S(=O)(=O)c3cccs3)ccc21,0.35861925328448957,2.879221536515008,4.345481321146319
CCC(Cc1cccc2ccccc12)NS(=O)(=O)c1c(C)cc(C)cc1C,0.6482297530611483,2.6035034942958415,5.073438162143878
COc1ccc(F)cc1C(C)(C)CC(O)(Cc1cccc(C#N)c1)C(F)(F)F,0.7074137979658266,3.028529077120483,7.191542075545653
CC(C)=CCC1(C)C(=O)C(C)(C)Nc2c(C)cc(-c3cccc4cc[nH]c34)c(Cl)c21,0.4403212860140683,3.830200368197887,7.5784938753594115
CCC1(CC(O)(CNC(=O)c2cnn(-c3ccc(F)cc3)c2N)C(F)(F)F)CCCc2ccccc21,0.4072103618797615,3.705961154459759,8.054662262446511
CO[C@](C)(c1cccs1)[C@H]1CCCC2=Cc3c(-c4ccc(F)cc4)ncn3C[C@@]21C,0.47875479807645843,4.259798600337193,5.945394370608136
C[C@]12Cc3cn(-c4ccc(F)cc4)nc3C=C1CC[C@@H]1[C@@H]2[C@@H](O)C[C@@]2(C)[C@H]1CC[C@]2(O)C(=O)CO,0.6255127237340646,4.531255300665142,7.890206061629071
O=C1CC[C@@]2(Cc3ccccc3)c3ccc(O)cc3CC[C@@H]2C1,0.9031024614097091,3.1735209821493937,5.75095323321272
C[C@H](NC(=O)c1ccccc1)[C@H](Oc1ccc2c(cnn2-c2ccc(F)cc2)c1)c1ccccc1,0.3158449078562593,2.973545754844608,8.708628025839422
C[C@]12Cc3cnn(-c4ccc(F)cc4)c3C=C1CCC[C@@H]2[C@](C)(O)c1ccsc1,0.6012496172932135,3.9975522496435385,8.692808158559338
COc1ccccc1-c1ccc2c(c1)C(C(C)OC/C=C/c1ccccc1)=CC(C)(C)N2,0.43910070876938845,3.203916652780178,6.141845625439132
Cc1c(NS(C)(=O)=O)cccc1N(Cc1ccccc1)Cc1ccc(Oc2ccc(OC[C@@H]3C[C@@H](O)CC(=O)O3)cc2)cc1,0.19180842286829713,3.4443635793717995,8.389034889593574
Cc1noc(=O)c2ccc(NC(=O)C(O)(Cc3ccccc3)CC(C)(C)c3cc(F)ccc3O)cc12,0.3484740202823156,3.2545014111518906,7.2770132720623755
CCN(C[C@@](O)(CNC(=O)c1cnn(-c2ccc(F)cc2)c1N)C(F)(F)F)C(=O)c1c(C)cccc1Cl,0.37603502691935103,3.3316769386159786,8.22157852512612
C[C@H](NC(=O)C(C)(F)F)[C@H](Oc1ccc2c(cnn2-c2cccc(C(=O)N[C@@H]3CCS(=O)(=O)C3)c2)c1)c1ccc2c(c1)OCCO2,0.2765357956855447,4.034943930605825,8.963010280606987
C#C[C@]1(O)CC[C@H]2[C@@H]3CCC4=CC(=O)CCC4=C3[C@@H](c3ccc(N(C)CCCOC4CC[C@@]5(C)[C@@H](C4)C[C@@H](O)[C@@H]4[C@@H]5C[C@H](O)[C@]5(C)[C@@H]([C@H](C)CCC(=O)O)CC[C@@H]45)cc3)C[C@@]21C,0.12832035913196252,5.95057788846678,8.008352499496715
Cc1ncncc1Nc1ccc2c(c1)CCC1=C3C[C@@H](O)C[C@]3(C)CC[C@]12C,0.7266578991493656,4.24034445573215,6.289448208093925
CCNc1ccc2c(c1)C(c1ccccc1)Oc1cccc(OC)c1-2,0.7057148907889207,2.657414791816759,6.364972074127321
CCC(=O)O[C@]1(C(=O)SCCCP(=O)(O)O)[C@H](C)C[C@H]2[C@@H]3C[C@H](F)C4=CC(=O)C=C[C@]4(C)[C@@]3(F)[C@@H](O)C[C@@]21C,0.2275779139705284,5.280981734585245,8.159120994318783
CCC(Cc1ccc(C)cc1C)NS(=O)(=O)c1c(C)cc(C)cc1C,0.8235739084591165,2.6737869132957712,5.12879833490872
CC(C)(C(=O)Nc1nccs1)[C@H]1c2ccccc2Oc2cc(O)ccc21,0.7015250675424218,3.094119254769713,5.783492071727096
CC1(C(=O)Nc2nccs2)CC2(C#N)c3ccccc3C1c1ccccc12,0.7237998634199275,4.004860829233126,5.553848444920496
Cc1nn(C2CC2)c2ncc(C(=O)Nc3ccc(Cl)cc3)c(Cl)c12,0.739747959327231,2.250291816619182,6.638773868680793
CCn1c(CCCc2ccc(-c3ccc(NS(=O)(=O)c4ccccc4)cn3)cc2)nn(Cc2ccc(C(C)(C)C)cc2)c1=O,0.18564759634869007,2.671957833276444,4.962386651940124
CC#C[C@]1(O)CC[C@H]2[C@@H]3CCC4=CC(=O)CCC4=C3[C@@H](c3cccc(N(C)C)c3)C[C@@]21C,0.6395257442251707,4.418205012157904,7.362090302759913
CC(C)[C@H](NC(=O)C(C)(F)F)[C@H](Oc1ccc2c(cnn2-c2ccc(=O)n(C)c2)c1)c1ccc(OC(F)F)cc1,0.26821934099591066,3.9020907069515713,6.816412089318487
COc1c(O)ccc2c1-c1ccc3c(c1/C(=C/c1sccc1C(O)C(F)(F)F)O2)C(C)=CC(C)(C)N3,0.34351654078285593,3.92913150905399,8.865932498115093
CC#C[C@]1(O)CC[C@H]2[C@@H]3CCc4cc(C(=O)Nc5ccncc5C)ccc4[C@H]3[C@@H](O)C[C@@]21C,0.6058454469563851,4.232455205020838,6.137088473632462
C[C@]12C=CC(=O)C=C1[C@@H](F)C[C@H]1[C@@H]3C[C@H]4CN(Cc5cccc(Cl)c5)C[C@@]4(C(=O)OCF)[C@@]3(C)C[C@H](O)[C@@]12F,0.5129183716713183,5.023243519595108,8.136989588713629
C[C@]12CCC(=O)C=C1CC[C@@H]1[C@@H]2[C@@H](O)C[C@@]2(C)[C@H]1CC[C@]2(O)C(=O)CO,0.6960164410604959,4.3505523533593315,7.617905385531661
CCOc1ccc(CC2Oc3cccc(OC)c3-c3ccc(NS(C)(=O)=O)cc32)cc1,0.5719745891095374,2.8763475087874895,6.641148610051733
Cc1ccc(CN2C[C@@H]3C[C@H]4[C@@H]5C[C@H](F)C6=CC(=O)C=C[C@]6(C)[C@@]5(F)[C@@H](O)C[C@]4(C)[C@]3(C(=O)CO)C2)cc1,0.623669309696049,4.859743878974735,7.683286167315952
C[C@H](CCC(=O)NC1CC1)[C@H]1CC[C@H]2[C@@H]3[C@@H](O)C[C@@H]4C[C@H](O)CC[C@]4(C)[C@H]3CC[C@]12C,0.5922800684727186,4.386259943875146,6.166115969679685
CC(C)(CC(O)(Cc1cc2ccncc2[nH]1)C(F)(F)F)c1cccc(F)c1,0.618400533781083,3.2347853737137218,7.7982374213130194
CC[C@H]1OC(=O)[C@H](C)[C@@H](O)[C@H](C)[C@@H](O[C@@H]2O[C@H](C)C[C@H](N(C)C)[C@H]2O)[C@](C)(O)C[C@@H](C)CN(CCCNC(=O)[C@@]2(O)[C@H](C)C[C@H]3[C@@H]4CCC5=CC(=O)CC[C@]5(C)[C@H]4[C@@H](O)C[C@@]32C)[C@H](C)[C@@H](O)[C@]1(C)O,0.12224411799038425,6.855816245604913,7.303134247299725
CC(C)(C)c1ccc(S(=O)(=O)N2CCC3=CC(=O)CC[C@]3(Cc3ccccc3)C2)cc1,0.6838078855268526,3.001631708208759,5.501333123597014
COc1ccc(F)cc1C(C)(C)CC(O)(CN1CCC(=O)CC1)C(F)(F)F,0.7549513625875744,3.210280955834305,6.233702350321416
CC(C)(c1nc2nccnc2[nH]1)[C@@H]1c2ccc(-c3ccc(N4CCCC4=O)cc3)nc2Oc2c(F)cccc21,0.31713626795013916,3.729519066121454,5.521419482252408
O=C(c1ccccn1)[C@]12Cc3cnn(-c4ccc(F)cc4)c3C=C1CCN(S(=O)(=O)c1ccc(Cl)c(Cl)c1)C2,0.2851579637552693,3.5023720236399,7.197332959927943
CC1=CC(C)(C)Nc2ccc3c(c21)C(c1ccc(Cl)c(C)c1)Oc1ccc(Cl)cc1-3,0.41661245375747014,3.2561869937674404,6.769502046716397
CCCOc1ccc(NC(=O)c2cnc3c(c(C)nn3C)c2Cl)cc1,0.7487941324872828,2.184207939473346,6.340633281557575
COc1ccc(Cn2cc(Cn3nc(C)c4c(Cl)c(C(=O)Nc5ccc(Cl)cc5)cnc43)nn2)cc1,0.32325679725902,2.550793554571591,6.697415694834754
O=C(c1ccccn1)[C@]12Cc3cnn(-c4ccc(F)cc4)c3C=C1CCN(S(=O)(=O)c1ccc(F)cc1)C2,0.354825245574836,3.427127393487199,7.177360157368371
Cc1nn(Cc2cccnc2)c2ncc(C(=O)Nc3ccc(Cl)cc3)c(Cl)c12,0.5255658758772256,2.2781679292780463,6.565603057433053
CC12CCC(=O)C=C1CCCC2C(O)c1ccccc1,0.8867944812037861,3.3904944068657823,5.697014777571051
CC(C)(CC(O)(Cc1cc2ncncc2[nH]1)C(F)(F)F)c1cc(F)cc2c1OCC2,0.6026893903683403,3.673826593926317,7.701344734863798
CC(C)NC(=O)NC(=O)C(C)(C)[C@@H]1c2ccc(-c3ccc(C(=O)N4CCOCC4)cc3)nc2Oc2c(F)cccc21,0.46147961693038,3.466222803195514,6.018147236280178
Cc1ccccc1-c1ccc2c(n1)Oc1ccccc1[C@@H]2C(C)(C)C(=O)Nc1nncs1,0.43145309309860186,3.2774517698370342,5.989113197437666
Cc1cc(F)ccc1-n1nc(C(F)(F)F)cc1-c1cc(C)c2c(c1)NC(=O)CO2,0.6320594938712403,2.7430781907519943,6.088245461833525
C[C@H]1c2c(cc(Cl)c(-c3cccc4cc[nH]c34)c2Cl)NC(C)(C)[C@@H]1O,0.5026723426736669,3.8033388597684166,6.5848097094262785
COc1ccc(-n2nc(C)c3c(Cl)c(C(=O)Nc4ccc(Cl)cc4)cnc32)cc1,0.48024613635062796,2.157732838969631,6.357333972836425
COc1ccc(F)cc1C(C)(C)CC(O)(CN1CCC(=O)c2ccccc21)C(F)(F)F,0.6516392309317633,3.1950199613349444,6.586084853189977
Cn1cncc1Cn1ncc2c(Cl)c(C(=O)Nc3ccc(C(F)(F)F)cc3)cnc21,0.5234512277696062,2.6599613953755536,7.071069698791648
CC#C[C@]1(O)CC[C@H]2[C@@H]3CCC4=CC(=O)CCC4=C3[C@@H](c3ccc(N(C)Cc4ccc(CC(=O)O)cc4)cc3)C[C@@]21C,0.3872311522678396,4.410564324486339,7.756642521308108
COc1ccc(F)cc1-c1ccc2c(c1)C(C(C)OCCc1ccccc1)=CC(C)(C)N2,0.4494878180423016,3.116788059300079,7.009558152541981
C#C[C@]1(O)CC[C@H]2[C@@H]3CCC4=CC(=O)CC[C@]4(C)[C@H]3CC[C@@]21C,0.6892074136032273,4.228241145685883,6.541984577099114
C[C@]12Cc3cnn(-c4ccc(F)cc4)c3C=C1CCC21OCCO1,0.8046884478562433,3.8380666381364286,7.8239988183937434
CC1=CC(C)(C)Nc2ccc3c(c21)C(CCC(C)C)Oc1ccccc1-3,0.6566836426821816,3.2739456267686897,6.312751393681709
C=C[C@@]1(O)C[C@@]2(CC)c3ccc(O)cc3CC[C@@H]2C[C@@]1(O)c1ccccc1,0.715472221257223,4.083674307922712,5.980750462050884
C[C@H]1C(=O)C(C)(C)Nc2ccc3c(c21)[C@H](c1cccc(C(F)(F)F)c1)Oc1ccccc1-3,0.45868596428622593,3.6360421659576474,6.345397979490136
C[C@H](NC(=O)[C@@H]1CCCO1)[C@H](Oc1ccc(C(=O)O[C@H]2CCCN(C(=O)[C@H]3COC(=O)C3)C2)cc1)c1ccc(C2CC2)cc1,0.4031764780979476,4.1575062107307215,8.13231097091674
Fc1ccc(CC23Cc4cnn(-c5ccc(F)cc5)c4C=C2CCN(c2ccccc2)C3)cc1,0.36528960450410275,3.113466778726991,7.157294524817964
C[C@@H](Nc1ccc([C@@H]2O[C@@H]3C[C@H]4[C@@H]5CCC6=CC(=O)C=C[C@]6(C)[C@@]5(F)[C@@H](O)C[C@]4(C)[C@]3(C(=O)CO)O2)cn1)c1ccc(N)cc1,0.34381569817492463,5.103266305958858,7.8938264122360655
C[C@]12C=CC(=O)C=C1CC[C@@H]1[C@@H]2[C@@H](O)C[C@@]2(C)[C@H]1C[C@H]1O[C@@H](c3ccc(Cc4ccc(O)c(N)c4)cc3)O[C@]12C(=O)CO,0.3030218878883832,4.894426055876659,8.009139704996104
COc1ccc(F)cc1C(C)(C)CC(O)(Cc1cc(Cl)ccc1Cl)C(F)(F)F,0.5322871043338719,3.0097952309666374,7.055144457987175
CC(C)(C(=O)Nc1nccs1)C(c1ccccc1)c1ccc2[nH]ccc2c1,0.48913071010810627,3.0034828789112265,6.021389224467883
COc1ccc(F)cc1C(C)(C)CC(O)(Cc1ccc(C)cc1)C(F)(F)F,0.6808822227910496,2.842421340449688,6.288791762695716
Cc1ccc(F)cc1C(C)(C)C[C@@](O)(Cc1cc2cnccc2[nH]1)C(C)(C)C,0.5946999806063399,3.3274697248937626,8.220789908055151
C[C@]12Cn3cnc(-c4ccc(F)cc4)c3C=C1CCC[C@@H]2[C@](C)(O)C1CC1,0.8250130907677019,4.172261253474311,6.120279329205065
CC(C)(C(=O)Nc1nccs1)C(c1ccccc1)c1ccc2cncn2c1,0.5542202245875549,3.3467947132307527,5.82312443119207
Cc1ccccc1-n1nc(C(F)(F)F)cc1-c1ccc2c(c1)NC(=O)CO2,0.7326283304525408,2.4515822371416647,5.56273382861992
CC[C@H]1OC(=O)[C@H](C)[C@@H](O[C@H]2C[C@@](C)(OC)[C@@H](O)[C@H](C)O2)[C@H](C)[C@@H](O[C@@H]2O[C@H](C)C[C@H](N(C)C)[C@H]2O)[C@](C)(O)C[C@@H](C)CN(CCCNC(=O)[C@@]2(O)[C@H](C)C[C@H]3[C@@H]4C[C@H](F)C5=CC(=O)C=C[C@]5(C)[C@@]4(F)[C@@H](O)C[C@@]32C)[C@H](C)[C@@H](O)[C@]1(C)O,0.10112221486925665,7.541389025574209,7.154769290482263
C[C@@H]1C[C@H]2[C@@H]3CCC4=CC(=O)C=C[C@]4(C)[C@@]3(F)[C@@H](O)C[C@]2(C)[C@@]1(O)C(=O)CSCCC(N)=O,0.5040880549931404,4.770824710153348,7.521908373233948
CC(=O)c1cccc(NC(=O)O[C@@H]2[C@@H](C)c3c(cc(F)c(-c4cccc5cc[nH]c45)c3F)NC2(C)C)c1,0.2564249690123609,3.7785561725885204,7.447277982194058
Cc1ccc([C@@H](Oc2ccc(C(=O)N[C@@H]3CCCN(C(=O)[C@@H]4COC(=O)C4)C3)nc2)[C@H](C)NC(=O)C(F)(F)F)cc1,0.4630324353894633,4.029123318635445,7.827509253069413
CCC(Cc1c[nH]c2ccccc12)NS(=O)(=O)c1c(Cl)cc(Cl)cc1Cl,0.5465809512769965,2.7958671757676345,6.762208822769594
C[C@]1(O)CC[C@H]2[C@@H]3CCC4=CC(=O)CCC4=C3C=C[C@@]21C,0.7358478573657865,4.4606876160056395,6.371054871329672
C[C@]12Cc3cnn(-c4ccc(F)cc4)c3C=C1CC[C@@H]1[C@@H]2[C@@H](O)C[C@@]2(C)[C@H]1CC[C@]2(O)C(=O)CSc1nc2ccccc2c(=O)[nH]1,0.1948473961463404,4.679740056315372,8.531992382353197
Cc1cc(NC[C@H](C)NS(=O)(=O)C2CC2)c2cnn(-c3cccc(C(=O)N[C@H](C)C(N)=O)c3)c2c1,0.33509201530351834,3.504567050093476,7.542722753447436
C=CCC1(C)C(=O)C(C)(C)Nc2c(C)cc(-c3cccc4cc[nH]c34)c(Cl)c21,0.5060016614500062,3.8139393868107927,7.646680310533309
CCN1CCN(CCn2nc(C)c3c(Cl)c(C(=O)Nc4ccc(Cl)cc4)cnc32)CC1,0.6027268882533747,2.4119342980079903,6.622693238322303
COC(=O)c1ccc(C(=O)N2CCCc3cc(NS(=O)(=O)c4cc(Cl)c(C)cc4OC)ccc32)cc1,0.4593754309004504,2.3769335710017643,4.602804782780387
COc1cccc2c1-c1ccc3c(c1C(c1cc(Cl)cc(Cl)c1)O2)C(C)=CC(C)(C)N3,0.4311241998978584,3.326344705556239,7.19576637265212
COc1cccc2c1-c1ccc(NS(C)(=O)=O)cc1C(c1cccnc1)O2,0.7458260852517854,2.8871946671230155,6.734250772628872
COC(=O)c1ccc(-c2ccc3c(n2)Oc2c(F)cccc2[C@@H]3C(C)(C)c2nc3nccnc3[nH]2)cn1,0.3475790124829145,3.7852873885434093,5.994720049702505
C[C@]12Cn3cnc(-c4ccc(F)cc4)c3C=C1CCC[C@@H]2[C@](C)(O)c1ccccn1,0.654298881201641,4.103688045775477,6.1025616742308575
Cc1c(NS(C)(=O)=O)cccc1N(Cc1ccccc1)Cc1cccc(C(F)(F)F)c1,0.5124979407322611,2.279302451366261,6.8984509953699416
Cc1noc(C)c1-c1cc2c(c3c1CCCC3)NC(C)(C)C(=O)C2(C)C,0.7939035806271995,3.1468498578276902,6.99361098440398
COc1ccc(F)cc1C(C)(C)CC(O)(CN1C[C@H](C)O[C@@H](C)C1)C(F)(F)F,0.7265664336056054,3.692495183382878,7.09548866602606
CC(C)(C(=O)Nc1nncs1)C(c1ccccc1)c1ccc2c(-c3cccc(C#N)c3)ncn2c1,0.3465637045808882,3.4854220080422733,5.751340356246025
CC(C)(C(=O)NC(N)=O)[C@H]1c2ccccc2Oc2nc(-c3ccc(C(=O)N4CCCC4)nc3)ccc21,0.578007197559231,3.3528063342288146,5.833389324526403
Cc1ncc2c(N[C@H]3c4ccc(F)c(O)c4C(C)(C)C[C@]3(O)C(F)(F)F)cc(F)cc2n1,0.47362881518411787,3.9641870575176164,6.945555585818588
Cc1c(NC(=O)c2ccc3c(c2)CC[C@@H]2C[C@@](O)(C(F)(F)F)CC[C@@]32Cc2ccccc2)ccc[n+]1[O-],0.3645580449347139,4.0137879977010185,8.24752833094028
CC(C)[C@H](NC(=O)C(C)(F)F)[C@H](Oc1cc2cnn(-c3ccc(=O)n(C)c3)c2cc1Cl)c1ccccc1,0.33677419822867927,3.835249451154615,7.413274707608095
O[C@]1(c2ccccc2)CCCC[C@@]12C=Cc1c(cnn1-c1ccc(F)cc1)C2,0.6832154598145449,4.036289013298928,7.700864447415037
Cc1nn(C2CCCC2)c2ncc(C(=O)Nc3ccc(Cl)cc3)c(Cl)c12,0.6513166494658497,2.2851105705447434,6.568283205224328
C[C@]12Cc3cnn(-c4ccc(F)cc4)c3C=C1CCC[C@@H]2[C@@H](O)c1csc2ccccc12,0.3815063684316676,3.8004919537135624,8.478039830037593
C[C@]12Cc3cnn(-c4ccc(F)cc4)c3C=C1CC[C@@H]2[C@H](O)c1coc2ccccc12,0.4576881361192423,3.8030944608257293,8.196591100911675
CCN1CCC(CCn2cnc3c(Cl)c(C(=O)Nc4ccc(C(F)(F)F)cc4)cnc32)CC1,0.5083797044785395,2.6208355863410464,5.533838117417497
COc1ccc(F)cc1C(C)(C)CC(O)(Cc1cc2cnccc2[nH]1)C(F)(F)F,0.567725605551682,3.2575319651767094,8.408202854589966
CCS(=O)(=O)c1cc2cc(CC(O)(CC(C)(C)c3ccc(F)cc3C(N)=O)C(F)(F)F)[nH]c2cn1,0.393646603004665,3.6687898384233275,6.783531982179123
CCN1CCC(n2ncc3c(Cl)c(C(=O)Nc4ccc(Cl)cc4)cnc32)CC1,0.6703244045962684,2.4056581215857396,6.618023961828246
CC#C[C@]1(O)CC[C@H]2[C@@H]3CCC4=CC(=O)CCC4=C3[C@@H](c3ccc(N(C)C[C@@H](O)CC(=O)O)cc3)C[C@@]21C,0.4769040409970527,4.6718749076322545,7.641979731862405
Cc1ccc(NC(=O)c2cnc3c(c(C)nn3-c3ccccc3)c2Cl)cc1,0.5503587922360331,2.085176711088769,6.541404266398033
Cc1cc(C)c(S(=O)(=O)NC(C)Cc2c[nH]c3cc(C)ccc23)c(C)c1,0.7028315514086092,2.733063004586704,6.471761925252595
CC(C)CS(=O)(=O)N[C@@H](C)[C@H](Oc1ccc2c(cnn2-c2ccc(F)cc2)c1)c1ccccc1,0.3544622404578509,3.2917783104963956,7.626739917587933
CC#C[C@]1(O)CC[C@H]2[C@@H]3CCC4=CC(=O)CC[C@]4(C)[C@H]3[C@@H](c3ccc(-n4cccc4)cc3)C[C@@]21C,0.5153452405835242,4.584896967855096,7.333881290056364
CC(C)(C(=O)Nc1nncs1)C(c1ccccc1)c1ccc2c(cnn2-c2ccncc2)c1,0.38718319189197986,3.246500366317478,6.874136466939818
CC(C)(C(=O)NC(N)=O)[C@H]1c2ccccc2Oc2nc(-c3ccc(C(=O)N4CCOCC4)c(F)c3)ccc21,0.5413087670714308,3.3723550694381013,6.089049459471333
C=C1CCC[C@H](C)[C@H]1Cc1cc(OC)c(Br)cc1O,0.8165188604031121,3.4986126926629852,5.673540908498917
CC[C@@]12C[C@@](C)(O)[C@](O)(c3nccs3)C[C@H]1CCc1cc(O)ccc12,0.7673075214244353,4.244867725696844,8.685371736002919
COc1ccc(NC(=O)c2cnc3c(c(C)nn3Cc3nn[nH]c3C)c2Cl)cc1,0.521614608595241,2.7889485988195375,6.583555223643104
CC1=CC(C)(C)Nc2ccc3c(c21)C(c1cccc(Cl)c1)Oc1ccc(F)cc1-3,0.46047993357110234,3.1971257785569067,6.900251038894751
CC(C)(C(=O)Nc1nncs1)[C@@H](c1ccccc1)c1ccc2c(cnn2-c2ccc(F)cc2)c1,0.339051289022797,3.1469502543941807,6.924292189586505
O[C@@]1(c2ccccc2)CCCCC[C@@]12C=Cc1c(cnn1-c1ccc(F)cc1)C2,0.6365867888129499,4.027779322504913,8.043773817071008
COc1ccc(F)cc1C(C)(C)CC(O)(CNC(=O)c1cnn(-c2ccc(F)cc2)c1N)C(F)(F)F,0.39417048076809397,3.2505367862510193,7.925405058448367
COc1cccc2c1-c1ccc(NS(C)(=O)=O)c(Br)c1C(c1ccccc1)O2,0.596870659387818,3.001290362417464,6.508225057292681
CC[C@@]12C[C@@](C)(O)[C@@](C)(O)C[C@H]1CCc1cc(O)ccc12,0.7450642889274889,4.108000468541151,7.1587116831519735
Cc1ccc(-n2nc(C)c3c(Cl)c(C(=O)Nc4ccc(C(C)C)cc4)cnc32)cc1,0.437386437727856,2.2326394173535746,6.536562987995965
CCCCC#C[C@]1(O)CC[C@H]2[C@@H]3CCc4cc(C(=O)Nc5cccnc5C)ccc4[C@H]3[C@@H](O)C[C@@]21C,0.3995212275265704,4.292371590207025,6.263053270580624
C[C@]12CCC(=O)C=C1CC[C@@H]1[C@@H]2[C@@H](O)C[C@@]2(C)[C@H]1CC[C@]2(O)C(=O)CSc1cnc2ccccc2n1,0.588012350512971,4.454960439868437,7.558212605369951
Cc1nn(-c2ccccc2)c2ncc(C(=O)NCCc3ccccc3)c(Cl)c12,0.5505833057141667,2.1172143822695,5.608815652699167
C=C1CCC[C@@H](C)[C@@H]1Cc1cc(OC)c(Br)cc1O,0.8165188604031121,3.4986126926629852,5.673540908498917
C[C@H](NS(C)(=O)=O)[C@H](Oc1ccc2c(cnn2-c2ccc(F)cc2)c1)c1ccccc1,0.467934047656497,3.1389403010464063,8.117908430464208
COc1ccccc1NC(=O)c1cnc2c(c(C)nn2C)c1Cl,0.800384014690227,2.1433376095122956,6.537010705653574
O=S(=O)(Nc1ccc(-c2ccc3c(cnn3-c3ccc(F)cc3)c2)c(C(F)(F)F)c1)c1cccc(C(F)(F)F)c1,0.21750671248572556,2.6000838666423203,6.601876258339187
O=C(O)Cc1cc(Br)c(N(Cc2ccc(Oc3ccc(Br)cc3Br)cc2)Cc2cc(F)cc(F)c2)c(Br)c1,0.18419798490025147,2.7663229044775353,6.1451123050959655
CC(C)(CC(O)(Cc1ccccn1)C(=O)Nc1ccc2c(c1)COC2=O)c1ccccc1,0.5526751814488403,3.1320523027489386,6.409356011517308
CC[C@@]12C[C@@](C)(O)[C@](O)(c3ccccc3)C[C@H]1CC(=O)c1cc(O)ccc12,0.7577011853772563,3.9669028909186634,8.198259726446638
Cc1c(NS(C)(=O)=O)cccc1N(Cc1ccccc1)Cc1ccc(Oc2cccc(OCCCC(=O)NCCCC(=O)O)c2)cc1,0.1030663023456256,2.6981557644115277,8.905354076602281
COc1cc(C)c(Cl)cc1S(=O)(=O)Nc1ccc2c(c1)CCCN2C(=O)c1ccncc1,0.593634890531426,2.4021478962420915,4.6619318515972
C#C[C@]1(O)CC[C@H]2[C@@H]3CCC4=CC(=O)CCC4=C3[C@@H](c3ccc(N(C)CCNC(=O)OC4CC[C@@]5(C)[C@@H](C4)C[C@@H](O)[C@@H]4[C@@H]5C[C@H](O)[C@]5(C)[C@@H]([C@H](C)CCC(=O)O)CC[C@@H]45)cc3)C[C@@]21C,0.14541334910189704,6.007025630644449,7.911229222062438
COc1ccc(-c2ccc3c(n2)Oc2ccccc2[C@H]3C(C)(C)C(=O)Nc2nncs2)cc1,0.4243021105639311,3.2307394199612025,5.77022808360489
C[C@H](NC(=O)C(C)(F)F)[C@H](Oc1ccc2c(cnn2-c2cccc(C(=O)N[C@H]3CCS(=O)(=O)C3)c2)c1)c1ccc2c(c1)OCCO2,0.2765357956855447,4.034943930605825,8.963010280606987
N#Cc1ccc(NC(=O)c2cccc(S(=O)(=O)N3CCCc4ccccc43)c2)cc1,0.6958704320622324,2.084122512165738,5.847368687955366
CCC1(CC(O)(Cc2cc(Cl)nc3ccccc23)C(F)(F)F)CCCc2ccccc21,0.4361854457113349,3.62168061332034,7.453910773761063
CC(C)(O)CNC(=O)NC(=O)C(C)(C)[C@@H]1c2ccc(-c3ccc(C(C)(C)O)cc3)nc2Oc2c(F)cccc21,0.3535544603504642,3.657646106721529,6.35865646615921
Cc1noc(C)c1Cn1nc(C)c2c(Cl)c(C(=O)Nc3ccc(C(F)(F)F)cc3)cnc21,0.44256934837281287,2.6039175116267064,6.684192188911806
CC(C)(CC(O)(Cc1cc2ccncc2[nH]1)C(F)(F)F)c1cc(F)cc2c1OCC2,0.5787580192189758,3.561040495687207,8.02003996280056
CC(C)(O)c1ccc(-c2ccc3c(n2)Oc2c(F)cccc2[C@@H]3C(C)(C)c2nc3nccnc3[nH]2)cn1,0.3431659461353093,3.898597158396199,6.180568787177477
COc1c(O)ccc2c1-c1ccc3c(c1/C(=C/c1sccc1CO)O2)C(C)=CC(C)(C)N3,0.4512122117370047,3.309961742395937,9.467212117026408
CCn1cc(-n2ncc3cc(O[C@H](c4ccccc4)[C@H](C)NC(=O)C(C)(F)F)ccc32)ccc1=O,0.40325874958566404,3.5764861925581535,8.311729598842497
COc1ccc(F)cc1C(C)(C)CC(O)(Cc1cc2ccncc2s1)C(F)(F)F,0.5173171202273543,3.3198939904931652,7.260019602064463
COCCCCOc1ccc(NC(=O)c2cnc3c(c(C)nn3C)c2Cl)cc1,0.576226512984396,2.2734126079538015,6.4872103609397715
Cc1c(NS(C)(=O)=O)cccc1N(Cc1ccccc1)Cc1ccccc1Br,0.5193672392635367,2.2094538932507835,7.074416580038928
CC1(C(=O)Nc2nncs2)CC2c3ccccc3C1c1ccccc12,0.7570423200326035,3.769523673483393,5.681994045708077
Cc1ccc(C(O)(c2ccc3c(cnn3-c3ccc(F)cc3)c2)C(F)(F)F)cc1,0.4759181308511575,2.8609645736371654,7.03229443383745
CC(C)Oc1ccc(-c2ccc3c(n2)Oc2ccccc2[C@H]3C(C)(C)C(=O)Nc2nncs2)cc1,0.3446650063877617,3.325042364477916,5.843272175215642
CCN(c1ccccc1)S(=O)(=O)c1ccc(-c2ccc3c(cnn3-c3ccc(F)cc3)c2)c(C(F)(F)F)c1,0.21709097728207657,2.5386482602009863,7.616426024540862
COc1cc(C)c(Cl)cc1S(=O)(=O)Nc1ccc2c(c1)CCCN2C(=O)N(C)C,0.7864351072726777,2.442267453166796,5.391894297949438
CS(=O)(=O)Nc1cccc2c(-c3ccc(F)cc3)c[nH]c12,0.7792484816530288,2.123873868150554,6.741523110588837
C=CCC1Oc2c(C=C)ccc(OC)c2-c2ccc3c(c21)C(C)=CC(C)(C)N3,0.6107620178697742,3.761618307889714,6.571277624709843
C[C@]12Cc3cnn(-c4ccc(F)cc4)c3C=C1CC[C@]21OC[C@@H](c2ccccc2)O1,0.5885079830611551,4.26654058815361,7.681362166331884
CC(C)(C(=O)Nc1nccs1)C(c1ccccc1)c1ccc2c(-c3ccc(F)cc3)ncn2c1,0.3126411550639145,3.264833299920083,5.8949594561394125
C=C1C=CCC(C)(C)C1Cc1cc(OC)c(Br)cc1O,0.8530875328008832,3.6773316868236163,5.58643714167765
CCCOc1cccc(NC(=O)c2cnc3c(c(C)nn3C)c2Cl)c1,0.7487941324872829,2.2373494779348846,6.553883404266953
CC(C)n1ncc2cc(C(c3ccccc3)C(C)(C)C(=O)Nc3nncs3)ccc21,0.462276855530477,3.2529962891779105,5.834422852757133
CC(C)(C(=O)NC(N)=O)[C@@H]1c2ccc(-c3ccc(C(=O)N4CCOCC4)cc3)nc2Oc2c(F)cccc21,0.5413087670714308,3.400316536008914,5.999562391953986
CC(C)(C(=O)Nc1nccs1)[C@@H](c1ccccc1)c1ccc(O)cc1,0.7026979964532806,2.786511836890151,5.7572152506236725
Cc1c(NS(C)(=O)=O)cccc1N(Cc1ccccc1)Cc1ccc(Oc2cccc(CCNC(=O)CCC(=O)O)c2)cc1,0.152340518517991,2.5897294025072135,7.92887170846132
COc1ccc(F)cc1C(C)(C)CC(O)(Cc1c(Cl)cccc1Cl)C(F)(F)F,0.5322871043338722,3.0444124866838935,6.520411576399528
CCN(CC)c1ccc([C@H]2C[C@@]3(C)[C@@H](CC[C@@]3(O)C#CC(C)(C)C)[C@@H]3CCC4=CC(=O)CC[C@@H]4[C@H]32)cc1,0.4454979040660337,4.683568741395697,7.842505118565852
CC[C@@H](Cn1cc(C)c2ccccc21)NS(=O)(=O)c1c(N)cc(Cl)cc1Cl,0.5660743758216701,3.005506163734511,7.304120969159382
O=C1COc2ccc(C3=Nn4ccnc4SC3c3ccccc3)cc2N1,0.7593514174459473,3.530117775168234,5.353189479391411
C=CCOC(CC)C1=CC(C)(C)Nc2ccc(-c3ccccc3OC)cc21,0.6184096587691845,3.295541380935517,6.196400390162394
CNC(=O)c1cccc(CC[C@]2(O)CCC3=Cc4c(cnn4-c4ccc(F)cc4)C[C@@]32C)c1,0.6088143363214459,3.531425139494411,8.300435372287682
COCC[C@@]12CC[C@@]3(C)C[C@@H](O)CC3=C1CCc1cc(Nc3cccnc3C)ccc12,0.6202408695516953,4.19436982815503,6.414823448271201
COc1ccc(F)cc1C(C)(C)CC(O)(Cc1cc(Cl)cc(C#N)c1)C(F)(F)F,0.6111997116002186,3.1793010593736515,7.438115215751961
COc1cccc2c1-c1ccc3c(c1C(c1ccccc1)O2)C(C)=CC(C)(C)N3,0.5513809715606729,3.117857890494337,6.812126195886672
CC1=CC(C)(C)Nc2ccc3c(c21)C(C)Oc1ccc(Cl)cc1-3,0.6345440155171568,3.245651978508576,6.3233831252208565
Cc1nn(-c2ccc(F)cc2)c2ncc(C(=O)Nc3ccc(Cl)cc3)c(Cl)c12,0.48575029269096504,2.1675035524523416,6.279801848468073
C[C@]12Cc3cnn(-c4ccc(F)cc4)c3C=C1CC[C@@H]1[C@@H]2[C@@H](O)C[C@@]2(C)[C@H]1CC[C@]2(O)C(=O)CSc1cnc2ccccc2n1,0.25515540911717305,4.649413988385405,8.604333534738982
CC(=O)NC(=O)C(C)(C)[C@H]1c2ccccc2Oc2nc(-c3ccc(C(=O)N4CCOCC4)cc3)ccc21,0.5793475356242686,3.258352323231364,5.794788687704246
CC(C)N(C)c1ccc([C@H]2C[C@@]3(C)[C@@H](CC[C@@]3(O)C#CC(C)(C)C)[C@@H]3CCC4=CC(=O)CC[C@@H]4[C@H]32)cc1,0.44729435220693053,4.770845071404922,8.158239624955396
CCC1(CC(O)(Cc2[nH]c3ccccc3c2C#N)C(F)(F)F)CCCc2ccccc21,0.5296303436752626,3.7472731862646356,7.108940497095115
C[C@]12C=CC(=O)C=C1[C@@H](F)C[C@H]1[C@@H]3C[C@H]4O[C@@H](c5ccc(CSc6ccc(Cl)c(N)c6)cc5)O[C@@]4(C(=O)CO)[C@@]3(C)C[C@H](O)[C@@]12F,0.2583777899682764,5.153657862077903,7.715714372122857
C[C@]12C=CC(=O)C=C1CC[C@@H]1[C@@H]2[C@@H](O)C[C@@]2(C)[C@H]1CC[C@]2(O)C(=O)CSc1nc2ncccc2[nH]1,0.557104477133933,4.5998988000229275,7.321529755663863
Cc1cc(C)c(S(=O)(=O)N[C@@H](C)CNc2cc(C)cc3c2cnn3-c2cccc(N[C@H](C)C(N)=O)c2)c(C)c1,0.2334128355196324,3.5581412214331616,7.981992102213658
CC(=O)N1CCC(Cn2nc(C)c3c(Cl)c(C(=O)Nc4ccc(Cl)cc4)cnc32)CC1,0.6193898105421282,2.465588053735022,6.550954218699264
COc1c(O)ccc2c1-c1ccc3c(c1/C(=C/c1cccc(OC(F)(F)F)c1)O2)C(C)=CC(C)(C)N3,0.39489601959873516,3.099762340232532,8.605444656827586
COc1ccc(F)cc1C(C)(C)CC(O)(Cc1cccc(Cl)c1Cl)C(F)(F)F,0.5322871043338722,3.068852819324225,6.968103249156273
Cc1nn(-c2ccccc2)c2ncc(C(=O)Nc3ccc(C(F)(F)F)cc3)c(Cl)c12,0.4563815291204127,2.2555152415294,6.525474559959644
COc1nc(C2=NN(c3ccc(C#N)c(C)n3)[C@@H](C3CCCC3)C2)ccc1C(N)=O,0.8185670992551339,3.4736876918928434,5.262645024827611
CC[C@@]12C[C@@](C)(O)[C@](O)(c3ccccc3)C[C@H]1CC(O)c1cc(O)ccc12,0.6537284885456347,4.152483693138452,7.327351361647359
CCN(C[C@@](O)(CNC(=O)c1cnn(-c2ccc(F)cc2)c1N)C(F)(F)F)C(=O)c1c(Cl)cccc1Cl,0.3584214587152692,3.3248272463082866,8.324376087235581
C[C@@H]1C(=O)C(C)(C)Nc2ccc3c(c21)[C@H](c1ccccc1)Oc1ccccc1-3,0.5967683450964146,3.456586397351426,6.302921061384115
Cc1nn(-c2ccccc2)c2ncc(C(=O)Nc3ccc(Cl)cc3)cc12,0.5774466900438114,1.9318621048482747,5.312397388728252
C[C@]12Cc3cn(-c4ccccc4)nc3C=C1CC[C@@H]1[C@@H]2[C@@H](O)C[C@@]2(C)[C@H]1CC[C@]2(O)C(=O)CO,0.650484929577002,4.4864763628733995,7.821082727840532
C[C@@H](c1ccc([C@@H]2O[C@@H]3C[C@H]4[C@@H]5C[C@H](F)C6=CC(=O)C=C[C@]6(C)[C@@]5(F)[C@@H](O)C[C@]4(C)[C@]3(C(=O)CO)O2)cc1)c1cccc(N)c1,0.40046782183512913,5.18625819466286,8.062705189181852
CC(C)(CC(O)(Cc1cc2cc(C#N)ccc2[nH]1)C(F)(F)F)c1cc(S(C)(=O)=O)cc2c1OCC2,0.5094620456835007,3.6160576195386467,7.924724072151681
CC(C)(C(=O)Nc1nccs1)C(c1ccc2c(cnn2-c2ccc(F)cc2)c1)C1CCCCC1,0.3275162955378644,3.2502030016469288,6.97535522393311
Cc1nn(-c2ccccc2)c2ncc(C(=O)Nc3ccc(CC(C)C)cc3)c(Cl)c12,0.44297582356630544,2.214584439978008,6.561328694172684
C[C@@H]1C[C@@H](C)OC2(CCCC3=Cc4c(cnn4-c4ccc(F)cc4)C[C@@]32C)O1,0.6923235478496244,4.416522911266894,8.140983196551149
CC(C)(CC(O)(Cc1cc2ccc(C#N)cc2[nH]1)C(F)(F)F)c1cc(S(C)(=O)=O)cc2c1OCC2,0.5094620456835007,3.620272680267391,7.560823553281226
CC(C)(C)c1ccc(C[C@H](O)[C@H]2CCCC3=Cc4c(cnn4-c4ccc(F)cc4)C[C@@]32C)cc1,0.47476028380457636,3.690638676569426,7.91753495382237
Cc1ccc(F)cc1C(C)(C)CC(O)(Cc1cc2cnccc2[nH]1)C1CC1,0.6403641475135027,3.355456725065073,8.076865652361596
Cc1nn(C)c2ncc(C(=O)Nc3ccc(C(=O)c4ccccc4)cc3)c(Cl)c12,0.5108253026269721,2.162492876493083,6.517964971265195
C[C@H](c1ccc(F)cc1)N1C(=O)O[C@](Cc2ccccc2)(c2nc3cc(-c4cccnc4)ccc3[nH]2)C1=O,0.3078726137435211,3.6203835783168454,5.4266666158523975
CS(=O)(=O)Nc1ccc2c(c1)C(c1ccccc1)Oc1cccc(CO)c1-2,0.7225611488417536,2.865190071718418,6.710346400685739
CC(C)(CNS(=O)(=O)C1CC1)[C@@H](c1ccccc1)c1ccc2c(cnn2-c2ccc(F)cc2)c1,0.3693557274640139,3.1701807979577605,7.129004973064502
Cc1noc(C)c1Cn1nc(C)c2c(Cl)c(C(=O)Nc3ccc(Cl)cc3)cnc21,0.4951645931987524,2.4728495369058408,6.609805351568821
Cc1cc(-c2cccc3cc[nH]c23)c(F)c2c1NC(C)(C)[C@H](O)[C@H]2C,0.5877442644941637,3.775640532009218,8.006919809219358
CCOC(=O)c1ccc(NC(=O)c2cccc(S(=O)(=O)N3CCCc4ccccc43)c2)s1,0.5418705421068303,2.3657189697839325,5.671752840151059
Cc1ccc(F)cc1C(C)(C)CC(O)(Cc1cc2cc(N(C)C)ncc2[nH]1)C(F)(F)F,0.51613161817438,3.47828184403056,7.968832246904483
NC(=O)C[C@H]1COc2cc(F)cc(F)c2N1C(=O)c1ccc2c(c1)NC(=O)CO2,0.8084938306518388,3.3235577360303283,5.955439814470542
CNC(=O)C[C@H]1COc2cc(F)c(OC(C)C)cc2N1C(=O)c1ccc2c(c1)NC(=O)CO2,0.7147628932142667,3.3592772266853723,6.307986327174555
CN(C)c1ccc([C@H]2C[C@@]3(C)[C@@H](CC[C@@]3(O)C#CC(F)(F)F)[C@@H]3CCC4=CC(=O)CCC4=C32)cc1,0.5288343273273581,4.523487641829647,7.345533272019258
Cc1c(NS(C)(=O)=O)cccc1N(Cc1ccccc1)Cc1ccc(Oc2ccc(CCCC(=O)NCCO[C@H]3CC[C@@]4(C)[C@@H](C3)C[C@@H](O)[C@@H]3[C@@H]4C[C@H](O)[C@]4(C)[C@@H]([C@H](C)CCC(=O)O)CC[C@@H]34)cc2)cc1,0.050564116601553556,5.423838235808249,7.171784028263072
Cc1cccc(CN2C[C@@H]3C[C@H]4[C@@H]5C[C@H](F)C6=CC(=O)C=C[C@]6(C)[C@@]5(F)[C@@H](O)C[C@]4(C)[C@]3(C(=O)CO)C2)c1,0.623669309696049,4.892825637216494,7.786658728206469
COC(=O)NC(=O)C(C)(C)[C@@H]1c2ccc(-c3ccc(C(=O)OC)cc3)nc2Oc2c(F)cccc21,0.5362962043957105,3.320333073439059,6.0096004444839215
Cc1ccc(S(=O)(=O)N[C@@H](C)COc2cccc3cnccc23)c(C)c1,0.7198261425542088,2.660542044050038,6.442803270035879
C[C@@H]1C[C@H]2[C@@H]3C[C@H](F)C4=CC(=O)C=C[C@]4(C)[C@@]3(F)[C@@H](O)C[C@]2(C)[C@@]1(OC(=O)c1ccco1)C(=O)SCF,0.5437695227604175,5.082855131976894,9.760778635692338
CC(C)(C(=O)Nc1nncs1)[C@H]1c2ccccc2Oc2nc(-c3ccc(C(=O)N4CCCCC4)cc3)ccc21,0.3277632543374411,3.332329277149366,5.752853354956598
CS(=O)(=O)Nc1ccc2c(c1)C(c1ccccc1)Oc1cccc(O)c1-2,0.735832859039425,2.7850113545618136,6.381071422004932
O=c1cc(-c2ccccc2)oc2cc(O)c(O)c(O)c12,0.5910546660911952,2.2485006855013268,5.155972738259623
C[C@@H]1C[C@H]2[C@@H]3C[C@H](F)C4=CC(=O)C=C[C@]4(C)[C@@]3(F)[C@@H](O)C[C@]2(C)[C@@]1(O)C(=O)SCF,0.6823854735858573,5.077674417353576,9.15509559704664
CCCC1Oc2cccc(OC)c2-c2ccc3c(c21)C(C)=CC(C)(C)N3,0.715046197170406,3.2983869334072553,6.236743247900087
C[C@]12Cc3cnn(-c4ccc(F)cc4)c3C=C1CC[C@@H]2[C@H](O)c1ccc(F)cc1,0.6619564403689032,3.5534944183182375,7.861949833277676
CS(=O)(=O)Nc1cccc(N(Cc2ccccc2)Cc2ccccc2)c1-c1ccccc1,0.36779235664558074,2.129329980609336,6.931890112812249
COc1ccc(S(=O)(=O)Nc2ccc3c(c2)CCCN3C(=O)c2ccco2)cc1,0.6905354443617705,2.170822845524933,4.551002466556737
NS(=O)(=O)C[C@H]1COc2cc(F)ccc2N1C(=O)c1ccc2c(c1)NCCO2,0.7941410374982099,3.358985591239276,5.892269196345252
Cc1c(NS(C)(=O)=O)cccc1N(Cc1ccccc1)Cc1ccc(Cl)cc1F,0.545924718314405,2.259362357418661,7.977335931238129
COc1cccc2c1-c1ccc(NS(C)(=O)=O)cc1C(c1cccc(C)c1)O2,0.7052072377079902,2.8080874412879613,8.600202147325762
CC(C)(CNS(C)(=O)=O)[C@@H](c1ccccc1)c1ccc2c(cnn2-c2ccc(F)cc2)c1,0.4359373557113949,3.045587890238373,6.885057028250855
Cc1cccc(Cn2ncc3c(Cl)c(C(=O)Nc4ccc(C(C)C)cc4)cnc32)n1,0.481422263397887,2.428802358530044,6.857713520650993
CSc1ccc([C@@H](Oc2ccc3c(cnn3-c3ccc(F)cc3)c2)[C@H](C)NS(=O)(=O)C2CC2)cc1,0.30151727463918077,3.4491588770165533,9.0717459111992
CCCn1nc(C)c2c(Cl)c(C(=O)Nc3ccc(Cl)cc3)cnc21,0.730405372221041,2.209323733955575,6.591278314980432
C[C@]12C=CC(=O)C=C1[C@@H](F)C[C@H]1[C@@H]3C[C@H]4O[C@@H](c5ccc(Cc6cccc(N)c6)cc5)O[C@@]4(C(=O)SCF)[C@@]3(C)C[C@H](O)[C@@]12F,0.3802326471029854,5.189610262002812,7.844011411345401
COc1ccc2c(c1)-c1ccc3c(c1C(c1ccccc1)O2)C(C)=CC(C)(C)N3,0.5513809715606729,3.0783863427649587,6.735439898029166
Cc1nn(-c2ccccc2)c2ncc(C(=O)Nc3cccnc3)c(Cl)c12,0.5960971370013542,2.2264473356175056,5.8778044599740955
Cc1nn(C)c2ncc(C(=O)Nc3ccc(N(C)C)cc3)c(Cl)c12,0.7925629648082961,2.2583174193746345,6.615920500628915
COc1ccc(NC(=O)c2cnc3c(c(C)nn3Cc3c[nH]nn3)c2Cl)cc1,0.535368793113729,2.774630429278048,6.008826788183481
Clc1ccccc1C(c1ccccc1)(c1ccccc1)n1ccnc1,0.45454498474207145,2.2108412569666633,5.558853867143203
Cn1c(SCC(=O)[C@@]2(OC(=O)c3ccco3)CC[C@H]3[C@@H]4CCC5=CC(=O)CC[C@]5(C)[C@H]4[C@@H](O)C[C@@]32C)nc2ccccc21,0.2732201419134249,4.611756476934632,8.470228648125946
C[C@]12C=CC(=O)C=C1[C@@H](F)C[C@H]1[C@@H]3C[C@H]4O[C@@H](c5ccc(CSc6ccc(N)c(Cl)c6)cc5)O[C@@]4(C(=O)CO)[C@@]3(C)C[C@H](O)[C@@]12F,0.2583777899682764,5.154987309193288,7.565579317582379
C[C@]12Cn3cnc(-c4ccc(F)cc4)c3C=C1CCC[C@@H]2[C@](C)(O)c1ccncc1,0.654298881201641,4.100988045775477,6.139575755070672
C[C@]12C=CC(=O)C=C1[C@@H](F)C[C@H]1[C@@H]3C[C@H]4CN(Cc5cccc(Cl)c5)C[C@@]4(C(=O)CO)[C@@]3(C)C[C@H](O)[C@@]12F,0.5914147360204859,4.902607615238472,7.546043987653928
Cc1nn(CCCN2CCOCC2)c2ncc(C(=O)Nc3ccc(C(F)(F)F)cc3)c(Cl)c12,0.5652123891883686,2.539138812147499,6.724148618073354
O=C(c1nccs1)[C@]12Cc3cnn(-c4ccc(F)cc4)c3C=C1CCN(S(=O)(=O)c1ccc(F)c(F)c1)C2,0.3343719108142663,3.653112114729259,7.131850865843385
COc1ccc(F)cc1C(C)(C)CC(O)(Cc1cc2cccc(C(F)(F)F)c2[nH]1)C(F)(F)F,0.3963385718516714,3.3607325778559405,7.0485424156715775
CC(C)C[C@@](C)(O)[C@H]1CCCC2=Cc3c(-c4ccc(F)cc4)ncn3C[C@@]21C,0.7375541108471418,4.1632604320635105,6.129133206406304
Cc1ncncc1Nc1ccc2c(c1)CCC1=C3C[C@H](O)C[C@]3(C)CC[C@]12Cc1ccccc1,0.46334385032188247,4.143250171324672,6.729744113931669
C[C@]12Cc3cnn(-c4ccc(F)cc4)c3C=C1CCC[C@@H]2[C@@H](O)Cc1ccccc1,0.6378551582734021,3.544750201102108,8.351596063156705
CCC(Cc1cc(Cl)cc(Cl)c1)NS(=O)(=O)c1c(C)cc(C)cc1C,0.7228932107257926,2.742645696303807,5.957246062813453
CC(C)(CC(O)(Cc1ccccc1)C(=O)Nc1ccc2c(c1)COC2=O)c1cc(F)ccc1O,0.4491831377672744,3.1717403576743584,7.192441628540352
COc1cc(C)c(Cl)cc1S(=O)(=O)Nc1ccc2c(c1)CCCN2C(=O)c1ccc(Cl)cc1,0.48258425535369154,2.301430175832902,5.391000853613363
CCC(=O)O[C@]1(C(=O)SCCCCCCP(=O)(O)O)[C@H](C)C[C@H]2[C@@H]3C[C@H](F)C4=CC(=O)C=C[C@]4(C)[C@@]3(F)[C@@H](O)C[C@@]21C,0.16769652575302046,5.238061142476286,9.204762676316355
Cc1c(NS(C)(=O)=O)cccc1N(Cc1ccccc1)Cc1ccc(Oc2ccc(CCCC(=O)NCCC(=O)O)cc2)cc1,0.13325790596036996,2.602765908789225,8.667386844768915
CC(C)(C(=O)NC(N)=O)[C@H]1c2ccccc2Oc2nc(-c3ccc(C(=O)N4CCCC4)c(F)c3)ccc21,0.5419494339857386,3.311731820272784,5.974467326220075
C[C@]12C=CC(=O)C=C1CC[C@@H]1[C@@H]2[C@@H](O)C[C@@]2(C)[C@H]1C[C@H]1O[C@@H](c3ccc(Oc4ccc(N)cc4)cc3)O[C@]12C(=O)CO,0.44223501874402266,4.764316116133551,8.238562693097526
CC(O)n1cc(-n2ncc3cc(O[C@H](c4ccccc4)[C@H](C)NC(=O)C(C)(F)F)ccc32)ccc1=O,0.38465211120558845,3.950643097455866,8.179353797038047
CCC(Cc1c(C)cccc1C)NS(=O)(=O)c1c(C)cc(C)cc1C,0.8235739084591165,2.7474670510684476,5.094333955849087
CC(C)(CC(O)(Cc1cc2cc(S(C)(=O)=O)ncc2[nH]1)C(F)(F)F)c1ccc(Cl)cc1C(N)=O,0.43762487157817825,3.604301086419299,6.9338688375328195
Cc1ncncc1Nc1ccc2c(c1)CCC1=C3C[C@@H](O)C[C@]3(C)CC[C@]12Cc1ccccc1,0.46334385032188247,4.143250171324672,6.729744113931669
CC(C)(CO)NC(=O)c1ccccc1CC[C@]1(O)CCC2=Cc3c(cnn3-c3ccc(F)cc3)C[C@@]21C,0.43931946353079676,3.768775930444555,8.414631055488057
C[C@H](NS(=O)(=O)C1CC1)[C@H](Oc1ccc2c(cnn2-c2ccc(F)cc2)c1)c1ccccc1,0.40743370646484495,3.2722501804109427,8.910138524302678
Cc1ccsc1[C@@](C)(O)[C@H]1CCCC2=Cc3c(-c4ccc(F)cc4)ncn3C[C@@]21C,0.5480183296490222,4.252979360097271,6.1879687618186265
CC(C)(CC(O)(Cc1ccc(-c2ccccc2)cc1)C(=O)Nc1ccc2c(c1)COC2=O)c1ccccc1,0.27550290662139115,3.019877711059534,6.494400302063188
C[C@]12CCC(=O)C=C1CC[C@@H]1[C@@H]2[C@@H](O)C[C@@]2(C)[C@H]1CC[C@]2(OC(=O)c1ccco1)C(=O)CSc1ccc2ccccc2n1,0.24995804145453993,4.6138866587080765,8.533965967332104
Cc1nn(-c2ccccc2)c2ncc(C(=O)Nc3ccc(F)cc3)c(Cl)c12,0.5563914811428445,2.102505981818041,6.448807893292976
COc1ccc(-n2ncc3c(NC[C@H](C)NS(=O)(=O)c4c(C)cc(C)cc4C)cccc32)cc1,0.3821606179410483,2.929926754435492,8.238496392015554
Cn1nc(Br)c2c(Cl)c(C(=O)Nc3ccc(Cl)cc3)cnc21,0.698631055936756,2.3341939750934397,6.642553806428737
Cc1ccc([C@@H](Oc2ccc(C(=O)N[C@H]3CCCN(C(=O)[C@H]4COC(=O)C4)C3)cc2)[C@H](C)NC(=O)C(F)(F)F)cc1,0.4664360222438655,3.8602354643844325,7.251583071778748
CCOc1ccc(-c2ccc3c(n2)Oc2c(F)cccc2[C@@H]3C(C)(C)c2nc3nccnc3[nH]2)cc1,0.32318838741107375,3.6051658016844357,5.512294759383257
C[C@H](c1ccc(F)cc1)N1C(=O)O[C@](Cc2ccccc2)(c2nc3cc(-c4cc[nH]n4)ccc3[nH]2)C1=O,0.33402078242744415,3.92456555467726,5.51390773471621
CC#C[C@]1(O)CC[C@H]2[C@@H]3CCc4cc(C(=O)Nc5ncccc5C)ccc4[C@H]3[C@@H](O)C[C@@]21C,0.6058454469563851,4.219770341497265,6.28845224465707
Cc1cc(C)c(S(=O)(=O)NC(C)Cc2c[nH]c3c(C)cccc23)c(C)c1,0.7028315514086092,2.8067381941858365,6.208929130701686
Cc1cc(NC[C@H](C)NS(=O)(=O)C2CC2)c2cnn(-c3cccc(C(=O)N(C)[C@H](C)C(N)=O)c3)c2c1,0.38040473174137324,3.6681757070500236,7.571504817090169
Cc1noc(=O)c2ccc(NC(=O)C(O)(CC3CCCCC3)CC(C)(C)c3cc(F)ccc3O)cc12,0.40652120591898555,3.4554935649980445,8.058005342191382
C[C@H](NC(=O)C(C)(F)F)[C@H](Oc1ccc2c(cnn2-c2ccc(F)cc2)c1)c1ccc2c(c1)OCCO2,0.3685876942428671,3.502999121484285,10.458097193695323
Cc1nn(C2CCN(S(C)(=O)=O)CC2)c2ncc(C(=O)Nc3ccc(C(F)(F)F)cc3)c(Cl)c12,0.5597105953822595,2.643857519222024,6.80238114245402
O=S(=O)(N1CCOCC1)N1CCC2=Cc3c(cnn3-c3ccc(F)cc3)CC2(Cc2ccc(F)cc2)C1,0.5097242185136472,3.412123739478667,7.134896310117339
C=CCNC(=O)c1ccccc1CC[C@]1(O)CCC2=Cc3c(cnn3-c3ccc(F)cc3)C[C@@]21C,0.4751397812332271,3.6855813385550142,8.305526329716491
CC(C)(CC(O)(Cc1ccccc1)C(=O)Nc1ccc2c(c1)COC2=O)c1ccccc1,0.536839836167971,2.9582465546508825,7.389109040536961
C[C@H]1c2c(F)c(-c3cccc4cc[nH]c34)c(F)c(F)c2NC(C)(C)[C@@H]1O,0.5395682533338066,3.939690555045165,7.774157685313536
CC(C)(c1nc2nccnc2[nH]1)[C@@H]1c2ccc(-c3ccc(F)nc3)nc2Oc2c(F)cccc21,0.37056542681915094,3.8146047284915117,5.588848968657161
COc1ccc(NS(C)(=O)=O)c(C)c1N(Cc1ccccc1)Cc1ccccc1,0.5904360620268104,2.2083168915024647,5.932609597206112
C[C@]12Cc3cnn(-c4ccc(F)cc4)c3C=C1CCCC21OCCO1,0.790252637019371,3.822961066108089,7.870611366725537
CCc1ccc(NC(=O)c2cnc3c(c(C)nn3-c3ccccc3)c2Cl)cc1,0.5207959949882642,2.130188890816507,6.5074493571280225
COc1ccccc1S(=O)(=O)Nc1ccc2c(c1)CCCN2C(=O)c1ccco1,0.6905354443617705,2.2367588974248402,4.969114145793994
Cc1nn(Cc2ccoc2)c2ncc(C(=O)Nc3ccc(Cl)cc3)c(Cl)c12,0.5258392167686315,2.4548726151846747,6.5730066843279955
C[C@H](NC(=O)C(C)(F)F)[C@H](Oc1ccc2c(cnn2-c2cccc(C(=O)N[C@H]3CCC[C@@H]3O)c2)c1)c1ccc2c(c1)OCOC2,0.24534389695173417,4.233816443639098,8.940110639055083
O=C(c1ccccn1)[C@]12Cc3cnn(-c4ccc(F)cc4)c3C=C1CCN(S(=O)(=O)c1cccc(C(F)(F)F)c1)C2,0.23475328080414942,3.560619974225384,7.280483077334203
C[C@]12Cn3cnc(-c4ccc(F)cc4)c3C=C1CCC[C@@H]2[C@](C)(O)c1ccc(Cl)cc1,0.511642643956177,3.9640705097767803,6.320979412980862
COc1ccc(F)cc1C(C)(C)CC(O)(Cc1cc(C)c(C#N)c(C)c1)C(F)(F)F,0.6221273124357555,3.224592683014901,7.775874716328233
CC(C)(C)c1ccc(S(=O)(=O)N2CCC3=Cc4c(cnn4-c4ccc(F)cc4)C[C@]3(COCCC#N)C2)cc1,0.37604225471667396,3.5193378259457013,7.340679127606111
C[C@]12CCC(=O)C=C1CC[C@@H]1[C@@H]2[C@@H](O)C[C@@]2(C)[C@H]1CC[C@]2(O)C(=O)CSc1nnc(-c2ccccc2)o1,0.5466017921829985,4.380143959575575,7.559323374943212
N#Cc1cccc(S(=O)(=O)N2CCC3=Cc4c(cnn4-c4ccc(F)cc4)C[C@]3(C(=O)c3cc(C(F)(F)F)ccn3)C2)c1,0.22802933521534036,3.7320898388112758,6.935777651920124
C[C@H](NC(=O)C(C)(F)F)[C@H](Oc1ccc2c(cnn2-c2ccc(=O)n(CC3CC3)c2)c1)c1ccccc1,0.351175622771873,3.662690427485975,8.47564561736959
C[C@]12C=CC(=O)C=C1[C@@H](F)C[C@H]1[C@@H]3C[C@H]4O[C@@H](c5ccc(Cc6cccc(N)c6)cc5)O[C@@]4(C(=O)CO)[C@@]3(C)C[C@H](O)[C@@]12F,0.42967174555566673,5.032395101656876,7.6853645048191765
CC[C@@]12CC[C@](O)(c3ccccc3)C[C@H]1CCc1cc(O)ccc12,0.8429845365913178,3.5438202167317456,5.7129333677799705
C#Cc1ccc(NC(=O)c2cnc3c(c(C)nn3C3CCNCC3)c2Cl)cc1,0.6673485563204897,2.6995081215857404,6.608758318370258
Cc1c(NS(C)(=O)=O)cccc1N(Cc1ccccc1)Cc1ccc(Oc2ccc(OC[C@@H](O)C[C@@H](O)CC(=O)O)cc2)cc1,0.12847321319128657,3.405429935804155,8.40157032459753
Cc1nn(-c2ccc(Br)cc2)c2ncc(C(=O)Nc3ccc(C(C)C)cc3)c(Cl)c12,0.3592965273662849,2.288482274496433,6.552972659715813
CC(C)(C(=O)Nc1nccs1)C(c1ccncc1)c1ccc2c(cnn2-c2ccc(F)cc2)c1,0.339051289022797,3.208126235555877,6.867362317708618
Cc1cc(NC[C@H](C)NS(=O)(=O)C2CC2)c2cnn(-c3cccc(C(=O)N4CCCC(CO)C4)c3)c2c1,0.3954510501655485,3.5541791848824236,7.1753264036780715
CC(C)(C)c1ccc(CC(O)(CC(C)(C)c2ccccc2)C(=O)Nc2ccc3c(c2)COC3=O)cc1,0.4065657646987369,3.1258734111518915,6.884275634914878
COc1ccc(F)cc1C(C)(C)CC(O)(C(=O)Nc1ccc2c(=O)onc(C)c2c1)C(F)(F)F,0.5098746721943489,3.3113905031564066,7.16125105083458
Cn1nc(Cl)c2c(Cl)c(C(=O)Nc3ccc(Cl)cc3)cnc21,0.749896890945751,2.330323861600375,6.589287858574432
COc1cccc2c1-c1ccc(NS(C)(=O)=O)cc1C(C1CCCCC1)O2,0.8223445023814738,2.9221499118782592,7.2075789227796125
CC(C)(C)c1ccc(S(=O)(=O)N2CCC3=Cc4c(cnn4-c4ccc(F)cc4)C[C@]3(COCCN3CCCC3)C2)cc1,0.3260566633527365,3.466537344777537,7.654252625551922
O=C(c1ccco1)N1CCCc2cc(NS(=O)(=O)c3ccc(-c4ccccc4)cc3)ccc21,0.43777897684816014,2.1975737377058113,5.223723912546467
CC(C)(C)NC(=O)NCC(C)(C)[C@@H](c1ccccc1)c1ccc2c(cnn2-c2ccc(F)cc2)c1,0.3401453848887022,3.107075532452799,6.999997447861065
Cn1c(=O)[nH]c(N2CCC(C(=O)c3ccccc3)CC2)c(Cc2ccccc2)c1=O,0.6649940385024009,2.396929667800805,5.475792999911887
CN(C)c1cccc2c(S(=O)(=O)Nc3ccc4c(c3)CCCN4C(=O)c3ccco3)cccc12,0.44429288494884533,2.482492115420637,4.6974051887620485
C[C@]12Cc3cnn(-c4ccc(F)cc4)c3C=C1CC[C@@H]2[C@H](O)c1ccsc1,0.6812944047895505,3.7742421628483367,8.349648531370338
C[C@]12C=CC(=O)C=C1[C@@H](F)C[C@H]1[C@@H]3C[C@H]4O[C@@H](c5ccc(Cc6ccc(O)c(N)c6)cc5)O[C@@]4(C(=O)CO)[C@@]3(C)C[C@H](O)[C@@]12F,0.28785621158313157,5.119373848816,8.015530698197388
Cc1cc2cc(CC(O)(CC(C)(C)c3cc(F)ccc3C)C(F)(F)F)[nH]c2cn1,0.5461401194464561,3.3717591167009395,7.7615862089568415
CC[C@H]1OC(=O)[C@H](C)[C@@H](O)[C@H](C)[C@@H](O[C@@H]2O[C@H](C)C[C@H](N(C)C)[C@H]2O)[C@](C)(O)C[C@@H](C)CN(CCCNC(=O)[C@@]2(O)[C@H](C)C[C@H]3[C@@H]4C[C@H](F)C5=CC(=O)C=C[C@]5(C)[C@H]4[C@@H](O)C[C@@]32C)[C@H](C)[C@@H](O)[C@]1(C)O,0.12247590101969666,7.013866594361607,7.226151156825666
Cc1ccc([C@@H](Oc2ccc(C(=O)N[C@@H]3CCCN(C(=O)[C@H]4CCC(=O)O4)C3)nc2)[C@H](C)NC(=O)C(F)(F)F)cc1,0.46289597553375883,4.0365103631698585,7.370218597201468
Cc1c(N[C@@H]2COC[C@@]2(C)O)ccc(C#N)c1Cl,0.8602157451803665,3.784894463139077,5.923985451577133
C=CCOC(=O)O[C@H]1C[C@@]2(C)[C@@H](CC[C@@]2(O)C#CC)[C@@H]2CCc3cc(C(=O)Nc4cccnc4C)ccc3[C@H]21,0.29915928599360814,4.485446726514615,7.892141403956097
COc1ccc(F)cc1C(C)(C)CC(O)(Cn1cc(C)c(=O)c(C)c1)C(F)(F)F,0.7171202837252234,3.428251190821152,6.758370672048678
CC1=CC(C)(C)Nc2ccc3c(c21)C(c1ccc(Cl)cc1)Oc1ccccc1-3,0.4805361795720726,3.066893307889714,6.560922479426302
O=S(=O)(c1ccc(F)cc1)N1CCC2=Cc3c(cnn3-c3ccc(F)cc3)C[C@]2(CN2CCCC2)C1,0.5146696043580358,3.273288138962542,7.1922334700416135
CC(=O)OCC(=O)[C@@]1(O)CC[C@H]2[C@@H]3CCC4=CC(=O)CC[C@]4(C)[C@H]3C(=O)C[C@@]21C,0.7288385619310164,4.298054223274169,5.750867586347767
N#Cc1cc(F)cc(-c2ccc3c(c2)C(c2ccco2)(c2ccco2)OCC(=O)N3)c1,0.5197020199061265,3.154732934371628,5.989735805079975
CCCC(c1ccc2c(cnn2-c2ccc(F)cc2)c1)C(C)(C)C(=O)Nc1nncs1,0.4105126818588626,3.2872415647315467,6.888966356616338
O=C(c1ccco1)N1CCCc2cc(N(S(=O)(=O)c3ccc(Cl)cc3)S(=O)(=O)c3ccc(Cl)cc3)ccc21,0.28235144567318915,2.617933666383589,4.47533694498312
CC(C)(C(=O)NC(N)=O)[C@@H]1c2ccc(-c3ccc(-n4cnnn4)cc3)nc2Oc2c(F)cccc21,0.4636165664255238,3.5195877630793166,5.733794571500001
Cc1c(NS(C)(=O)=O)cccc1N(Cc1ccc(Oc2ccccc2)cc1)Cc1cccc(CCCC(=O)O)c1,0.18796251261794686,2.469239944987871,7.278187444190164
Cc1ccccc1C(O)(c1ccc2c(cnn2-c2ccc(F)cc2)c1)C(F)(F)F,0.4759181308511575,2.9139748300474224,6.798436354566165
CC(C)(C(=O)Nc1nncs1)[C@H]1c2ccccc2Oc2nc(-c3ccc(C(=O)N4CCC(F)(F)C4)c(Cl)c3)ccc21,0.2778488466754521,3.695846764676312,6.290213467429292
Cc1ccc(-c2noc(Cn3nc(C)c4c(Cl)c(C(=O)Nc5ccc(Cl)cc5)cnc43)n2)cc1,0.33708089391302026,2.4596859298536256,6.562612396636641
C=Cc1c(-c2cccc3cc[nH]c23)cc2c(c1C)NC(C)(C)[C@H](O)[C@H]2C,0.5772844599836516,3.959837765229346,6.338500192734735
C[C@]12C=CC(=O)C=C1CC[C@@H]1[C@@H]2[C@@H](O)C[C@@]2(C)[C@H]1C[C@H]1O[C@@H](C3CCCCC3)O[C@]12C(=O)CO,0.6559282998675063,4.837755611653785,8.298864511841566
CC(=O)[C@@]12CN(Cc3cccc(Cl)c3)C[C@@H]1C[C@H]1[C@@H]3C[C@H](F)C4=CC(=O)C=C[C@]4(C)[C@@]3(F)[C@@H](O)C[C@@]12C,0.5789030279582518,4.858807804348205,7.4671367201796315
CCC(c1ccc2c(cnn2-c2ccc(F)cc2)c1)C(C)(C)C(=O)Nc1nccs1,0.4284419755080852,3.161116470173388,6.883745249707787
Cc1ccccc1-c1ccc2c(cnn2-c2ccc(F)cc2)c1,0.5010898933426605,1.9011312769922029,5.076680187561765
CCC(C)(C)NC(=O)O[C@]1(C(=O)CO)[C@@H](C)C[C@H]2[C@@H]3CCC4=CC(=O)C=C[C@]4(C)[C@@]3(F)[C@@H](O)C[C@@]21C,0.5236909666589781,4.870848180225444,7.594100957767922
CCC(=O)Nc1ccc2c(c1)C(c1ccccc1)Oc1cccc(OC)c1-2,0.6970150844706879,2.6207663108638872,6.773598192184724
O=c1[nH]c(=O)c(Cc2cc(Cl)ccc2Cl)c([C@H]2CC[C@@H](c3ccccc3)CC2)[nH]1,0.5831917011318996,2.4970782672116805,5.657847632797585
O=c1[nH]c(=O)c(Cc2ncccc2Cl)c([C@H]2CC[C@@H](c3ccccc3)CC2)[nH]1,0.6962259642793565,2.600674211329329,5.622373709394592
C[C@]12Cn3cnc(-c4ccc(F)cc4)c3C=C1CCC[C@@H]2[C@](C)(O)c1nccs1,0.6421816237620704,4.267156883563835,6.138583383813458
COc1ccc(F)cc1C(C)(C)CC(O)(Cc1cc2cccc(C#N)c2[nH]1)C(F)(F)F,0.51127000099433,3.3554622690272513,7.61938837579627
COc1ccc(NC(=O)c2cnc3c(c(C)nn3Cc3nnc(C)[nH]3)c2Cl)cc1,0.521614608595241,2.7920487864367978,6.660856251892212
Cc1nn(CCCN2CCCC2)c2ncc(C(=O)Nc3ccc(C(F)(F)F)cc3)c(Cl)c12,0.5465419741403081,2.4750355885497832,6.651978704540717
CC(C)(C(=O)Nc1nncs1)C(c1ccccc1)c1ccc2c(cnn2-c2ccccc2)c1,0.3593001432914995,3.09156911631748,6.890243696936595
Cc1noc(=O)c2ccc(NC(=O)C(O)(CC3(C4CCCC4)CCCc4ccccc43)C(F)(F)F)cc12,0.46365769563916936,3.814476226302542,7.506817645669264
O=C(c1cccs1)[C@]12Cc3cnn(-c4ccc(F)cc4)c3C=C1CCN(S(=O)(=O)c1ccc(C(F)(F)F)cc1)C2,0.21236664645599698,3.5647594395394915,7.095110460302594
O=C1COc2ccc(C3=Nc4ccccc4SC3c3ccccc3)cc2N1,0.6897458021362326,3.059747301988148,5.796579892042755
O=C(c1ccco1)N1CCCc2cc(NS(=O)(=O)c3ccc(Cl)c([N+](=O)[O-])c3)ccc21,0.4475715506802051,2.405783809703193,5.347552461713083
C=C1C(C)CCC(C)(C)[C@@H]1Cc1cc(OC)c(Br)cc1OC(C)=O,0.38076392796175784,3.6497728105249356,5.908352616233428
C[C@]12Cc3cnn(-c4ccc(F)cc4)c3C=C1CCC[C@@H]2[C@@H](O)c1ccc(F)cc1,0.6121514657362664,3.5900488686735095,7.823051517075645
O=S(=O)(c1ccccc1)N1CCC2=Cc3c(cnn3-c3ccc(F)cc3)CC2(Cc2ccc(F)cc2)C1,0.3556305466785313,3.178214321793549,7.1474358502382485
Cc1nn(CCOCc2ccccc2)c2ncc(C(=O)Nc3ccc(C(C)C)cc3)c(Cl)c12,0.326588472806985,2.3694765609463992,6.768414131717724
CC(C)(C(=O)Nc1nncs1)[C@H]1c2ccccc2Oc2nc(-c3ccccc3)ccc21,0.4642137086233583,3.1986298514448332,5.79625049349228
COc1ccc(F)cc1-c1ccc([C@@H](C)NS(=O)(=O)c2c(C)noc2C)cc1,0.6675918682001372,2.6573485776199828,6.289024466892624
C[C@H](NC(=O)C(C)(F)F)[C@H](Oc1ccc2c(cnn2-c2cccc(C(=O)N[C@H]3CC[S+]([O-])C3)c2)c1)c1ccc2c(c1)OCOC2,0.260054986015637,4.668432068639097,8.541921333441222
CC[C@H]1OC(=O)[C@H](C)[C@@H](O[C@H]2C[C@@](C)(OC)[C@@H](O)[C@H](C)O2)[C@H](C)[C@@H](O[C@@H]2O[C@H](C)C[C@H](N(C)C)[C@H]2O)[C@](C)(O)C[C@@H](C)CN(CCCNC(=O)[C@@]2(O)[C@H](C)C[C@H]3[C@@H]4C[C@H](F)C5=CC(=O)C=C[C@]5(C)[C@@]4(Cl)[C@@H](O)C[C@@]32C)[C@H](C)[C@@H](O)[C@]1(C)O,0.07674243897386601,7.572716266223468,7.175869755088424
COc1ccccc1-c1ccc2c(c1)C(CSc1ccccc1)=CC(C)(C)N2,0.4897426071525579,2.456522074577194,6.053455140706145
COc1cccc2c1-c1ccc3c(c1C(CC(C)C)O2)C(C)=CC(C)(C)N3,0.6795947303567557,3.342880725065072,6.317033193278712
COc1cc(C)c(Cl)cc1S(=O)(=O)Nc1ccc2c(c1)CCCN2C(=O)C1CCCCC1,0.6334115522795423,2.4021432808574765,4.565809427257151
C[C@]12CC[C@H]3[C@@H](CCC4=CC(=O)CC[C@@]43C)[C@@H]1CC[C@@H]2O,0.7342296115534325,3.9027311282485204,6.0964431215429835
C[C@H](Nc1ccc([C@@H]2O[C@@H]3C[C@H]4[C@@H]5CCC6=CC(=O)C=C[C@]6(C)[C@@]5(F)[C@@H](O)C[C@]4(C)[C@]3(C(=O)CO)O2)cn1)c1ccc(N)cc1,0.34381569817492463,5.103266305958858,7.8938264122360655
CCCS(=O)(=O)N[C@@H](C)CNc1cc(C)cc2c1cnn2-c1cccc(C(=O)NC(C)C)c1,0.41900912594526635,3.110245384280284,7.689509263375814
Cc1ncccc1Nc1ccc2c(c1)CCC1=C3C[C@@H](O)C[C@]3(C)CC[C@]12Cc1ccccc1,0.4291554299600361,3.9952445769190774,6.746632385347693
Cc1cc(-c2cccc3cc[nH]c23)c(C)c2c1NC(C)(C)[C@H](O)[C@H]2C,0.578261284786813,3.7222003982299547,7.6757412628461585
CC(C)(C(=O)Nc1nccs1)C(c1ccccc1)c1ccc(O)cc1F,0.679038961409007,3.0132035825115757,5.988221898017425
Cc1nn(-c2ccccc2)c2ncc(C(=O)NC3CCCCC3)c(Cl)c12,0.7427562687827407,2.2347513356175064,5.633171770855752
O=C(O)C[C@H]1COc2cc(Cl)ccc2N1C(=O)c1ccc2c(c1)NC(=O)CO2,0.817009582728375,3.081256282573258,5.9619184695744885
COc1ccc(F)cc1C(C)(C)C[C@@](O)(Cc1cc2ccccc2[nH]1)C(F)(F)F,0.5268299269868365,3.069196230025783,8.03665509268972
CCOC[C@]12Cc3cnn(-c4ccc(F)cc4)c3C=C1CCN(S(=O)(=O)c1ccc(C(F)(F)F)cc1)C2,0.41295069051231537,3.380813477077516,7.671707429433671
COc1cc(C)c(Cl)cc1S(=O)(=O)Nc1ccc2c(c1)CCCN2C(=O)c1ncccn1,0.6049618430154553,2.571390973165167,5.292108980243796
CC(C)(CC(O)(Cc1cc2cc(S(C)(=O)=O)ncc2[nH]1)C(F)(F)F)c1cccc2c1S(=O)(=O)CC2,0.5039339730002909,3.9246276083404386,7.296652002484292
C[C@@H]1C[C@H]2[C@@H]3CCC4=CC(=O)C=C[C@]4(C)[C@H]3[C@@H](O)C[C@]2(C)[C@@]1(O)C(=O)CSc1nc2ccccc2o1,0.5764119978026495,4.611689236013716,8.218538335005844
Cc1ccc(F)cc1C(C)(C)CC(O)(Cc1[nH]c2cnccc2c1C)C(F)(F)F,0.546140119446456,3.385457933268987,7.906834095526739
COC(=O)c1cccc(CN(Cc2ccccc2)c2cccc(NS(C)(=O)=O)c2C)c1,0.5290592605561653,2.212852775220435,5.279872217184159
Cn1c(=O)[nH]c(N2CCC(O)(Cc3ccccc3)CC2)c(Cc2ccccc2)c1=O,0.6824830005303861,2.608059363686312,5.9343452076405265
CC(C)(c1nc2nccnc2[nH]1)[C@@H]1c2ccc(-c3ccc(N)cc3)nc2Oc2c(F)cccc21,0.3577737204926646,3.6748165024318578,6.258449453785755
CCCCC1Oc2ccc(Cl)cc2-c2ccc3c(c21)C(C)=CC(C)(C)N3,0.6168686275672377,3.266233508749721,6.435940099639526
Cc1n[nH]c(C)c1S(=O)(=O)N1CCC2=Cc3c(cnn3-c3ccc(F)cc3)C[C@]2(C(=O)c2cc(C(F)(F)F)ccn2)C1,0.26326279802082597,3.862337758978722,7.7334576200020475
CC1(C)Nc2c(cc(-c3ccnc4ncccc34)c3c2CCC3)C(C)(C)C1=O,0.6651711123383506,3.0677944969508815,7.195764713858859
C=C1C=C(C)CC(C)(C)C1C/C=C/c1cc(OC)c(Br)cc1O,0.6854674413858147,3.7211371366971626,5.864476348966288
CC1=CC(C)(C)Nc2ccc3c(c21)C(c1cccc(Br)c1)Oc1ccccc1-3,0.43893121777408745,3.155183307889714,6.646554005400237
C[C@]12Cc3cnn(-c4ccccn4)c3C=C1CC[C@@H]1[C@@H]2[C@@H](O)C[C@@]2(C)[C@H]1CC[C@]2(O)C(=O)CSc1nc2ccccc2s1,0.2619211883720003,4.648556676259369,7.249196374733718
Cc1cc(C)c(S(=O)(=O)N[C@@H](C)CNc2cc(C)cc3c2cnn3-c2ccc(N[C@@H](C)C(N)=O)cc2)c(C)c1,0.2334128355196324,3.5209002437192876,7.61091462148886
COc1cc([C@H]2O[C@@H](c3ccc(O)c(OC)c3)[C@H](C)[C@@H]2C)ccc1O,0.8698961948673771,3.408901342514808,5.7751706944998284
Cc1noc(C)c1S(=O)(=O)N[C@H](C)c1ccc(-c2cccnc2OC(F)F)cc1,0.6174577128070254,2.9770712616713535,5.58025893214359
Cc1nn(Cc2cccs2)c2ncc(C(=O)Nc3ccc(Cl)cc3)c(Cl)c12,0.48321267319998407,2.3341035842156437,6.585346062486234
Cc1ccc(-n2nc(C)c3c(Cl)c(C(=O)Nc4ccc(Cl)cc4)cnc32)cc1,0.47774517508775194,2.150612997437735,5.974000639503091
CC1=CC(C)(C)Nc2ccc3c(c21)/C(=C/c1ccccc1)Oc1ccccc1-3,0.5089179697352829,2.6324075446626622,6.0889942463730335
Cc1ccc(-n2ncc3c(NC[C@H](C)NS(=O)(=O)c4c(C)cc(C)cc4C)cccc32)cc1,0.4035165612583632,2.924882745080019,8.46238969473646
CC1(C)COC2(CCC3=Cc4c(cnn4-c4ccc(F)cc4)C[C@@]32C)OC1,0.7424765184301442,4.019896539241174,7.6910877353057305
Cc1cn(CC(O)(CC(C)(C)c2cccc3c2OCC3)C(F)(F)F)cc(C)c1=O,0.8103609445563089,3.62398633563585,7.366516896544115
C[C@]12Cc3cnn(-c4ccc(F)cc4)c3C=C1CCC[C@@H]2[C@@H](O)c1cc(Cl)sc1Cl,0.4609591410060962,3.9427652424502106,7.961027952459468
Cc1cc(C)c(S(=O)(=O)N[C@@H](C)CNc2ccc3ncccc3c2)c(C)c1,0.6763227983350648,2.7471601096804577,5.468269132520322
Cc1cccc(CN(Cc2ccccc2)c2cccc(NS(C)(=O)=O)c2C)c1,0.6211518920761505,2.1261789175935295,6.907968535103889
NC(=O)C[C@H]1COc2cc(F)ccc2N1C(=O)c1ccc2c(c1)NC(=O)CO2,0.8306260092449181,3.1363219106161013,5.8445089027861306
CN(C)C[C@]12Cc3cnn(-c4ccc(F)cc4)c3C=C1CCN(S(=O)(=O)c1ccc(F)cc1)C2,0.5538832403853594,3.28483704795776,7.936983819213904
CCOc1cccc(-c2ccc3c(cnn3-c3ccc(F)cc3)c2)c1,0.5114873474444788,1.9602516576729538,5.158306820693183
C[C@@H]1C[C@H]2[C@@H]3CCC4=CC(=O)C=C[C@]4(C)[C@H]3[C@@H](O)C[C@]2(C)[C@@]1(O)C(=O)CSc1nc2ccccc2[nH]1,0.528575257834919,4.5939222900883525,7.648627666189906
CCn1c(CCCc2ccc(-c3ccc(NS(=O)(=O)c4ccc(-c5ccc(OC)cc5)cc4)cc3)cc2)nn(Cc2ccc(C(C)(C)C)cc2)c1=O,0.12917915627599086,2.7758963977213327,5.168864546717788
C[C@]12Cc3cnn(-c4ccc(F)cc4)c3C=C1CCC[C@@H]2[C@@H](O)c1cccc(O)c1,0.6310816574005075,3.678025076186925,7.849046689109199
CC1(C)O[C@@H]2C[C@H]3[C@@H]4C[C@H](F)C5=CC(=O)C=C[C@]5(C)[C@H]4[C@@H](O)C[C@]3(C)[C@]2(C(=O)CO)O1,0.6927713808384576,5.013636121184815,8.292127415765822
CN1CCN(c2ccc([C@H]3C[C@@]4(C)[C@@H](CC[C@@]4(O)C#CC(C)(C)C)[C@@H]4CCC5=CC(=O)CC[C@@H]5[C@H]43)cc2)CC1,0.474504698094253,4.632926065686517,7.629289737941911
CC1C(c2ccc3c(c2)NC(=O)CO3)=C(c2ccc(F)cc2)C(=O)N1C,0.9040892790938049,3.1479778712365487,5.617316485293088
COc1c(O)ccc2c1-c1ccc3c(c1/C(=C/c1ccc(OC(F)(F)F)cc1)O2)C(C)=CC(C)(C)N3,0.39489601959873516,3.063018801770996,7.494171220849377
C#Cc1ccc(NC(=O)c2cnc3c(c(C)nn3C3CCN(C)CC3)c2Cl)cc1,0.6687875984817679,2.6349388427219758,6.710213764525161
C=CCC1Oc2cccc(OCC3CC3)c2-c2ccc3c(c21)C(C)=CC(C)(C)N3,0.5750101038542296,3.499920900508126,7.092538167067389
CC(C)(C(=O)Nc1nncs1)C1c2ccccc2Oc2ncccc21,0.7749183038134205,3.281446614788309,5.975411856002311
O=c1[nH]c(N2CCC(c3cccc(Cl)c3)CC2)c(Cc2ccccc2)c(=O)[nH]1,0.707406516534638,2.432340877995996,5.8730747150122795
CC#C[C@]1(O)CC[C@H]2[C@@H]3CCC4=CC(=O)CCC4=C3[C@@H](c3ccc(N(C)CCO[C@H]4CC[C@@]5(C)[C@@H](C4)C[C@@H](O)[C@@H]4[C@@H]5C[C@H](O)C5[C@@H]([C@H](C)CCC(=O)O)CC[C@]54C)cc3)C[C@@]21C,0.1718261131210443,6.097867543639195,8.591246041404357
CC/C(=C1\c2ccccc2OCc2cccc(OC)c21)c1cccc(NS(C)(=O)=O)c1,0.5884457188371636,2.681816291014986,6.666387991852002
COc1cccc2c1-c1ccc(NS(=O)(=O)c3ccccc3)cc1C(c1ccccc1)O2,0.43323441782779337,2.674673250039861,6.879463647621123
C[C@]12CCC(=O)C=C1CC[C@@H]1[C@@H]2[C@@H](O)C[C@@]2(C)[C@H]1CC[C@]2(O)C(=O)CSc1nc2ncccc2s1,0.5782183683247367,4.577119779043906,7.310193438302963
CC(C)[C@H](NC(=O)C(F)(F)F)[C@H](Oc1ccc2c(cnn2-c2ccc(=O)n(C)c2)c1)c1ccccc1,0.40573803650977114,3.663186231382835,7.32565711859472
Cc1nn(Cc2ccc(C(F)(F)F)nc2)c2ncc(C(=O)Nc3ccc(Cl)cc3)c(Cl)c12,0.40328901556420743,2.5129465306413987,5.921608280445101
CC#C[C@]1(O)CC[C@H]2[C@@H]3CCC4=CC(=O)CC[C@]4(C)[C@H]3[C@@H](c3ccc(N(C)C)cc3)C[C@@]21C,0.5909352845070879,4.53413420464449,7.481427805985198
CCC(=O)O[C@]1(C(=O)SCCCCCCCCCCP(=O)(O)O)[C@H](C)C[C@H]2[C@@H]3C[C@H](F)C4=CC(=O)C=C[C@]4(C)[C@@]3(F)[C@@H](O)C[C@@]21C,0.10219674066440602,5.235598858589592,9.204762676316355
C#C[C@]1(O)CC[C@H]2[C@@H]3CCC4=CC(=O)CCC4=C3[C@@H](c3ccc(N(C)CCC[C@H]4[C@H](O)CC[C@@]5(C)[C@@H]4C[C@@H](O)[C@@H]4[C@@H]5C[C@H](O)[C@]5(C)[C@@H]([C@H](C)CCC(=O)O)CC[C@@H]45)cc3)C[C@@]21C,0.14740693034363872,6.054930847665086,7.593836281146382
Cc1ncncc1Nc1ccc2c(c1)CCC1=C3C[C@H](O)C[C@]3(C)CC[C@]12C,0.7266578991493656,4.24034445573215,6.289448208093925
CN1C[C@@H]2C[C@H]3[C@@H]4C[C@H](F)C5=CC(=O)C=C[C@]5(C)[C@@]4(F)[C@@H](O)C[C@]3(C)[C@]2(C(=O)CO)C1,0.6941383972487425,5.079617989316683,7.786513050314503
CC(C)(CC(O)(CNc1cccc2ccccc12)C(F)(F)F)c1cc(F)ccc1O,0.44390463930270907,3.0079988672598006,7.731446226946474
CCC(Cc1ccccc1C)NS(=O)(=O)c1c(C)cc(C)cc1C,0.8518455094599175,2.589168064258489,5.0677697793948475
CC(C)Oc1ccc(-c2ccc3c(n2)Oc2c(F)cccc2[C@@H]3C(C)(C)C(=O)NC(N)=O)cc1F,0.5165924264550154,3.4647599221702254,6.391342332509926
CC(C)(C(=O)Nc1nncs1)C(c1ccccc1)c1ccc2c(cnn2-c2ccc(O)cc2)c1,0.34829701455921624,3.1936598305323294,6.86303646176761
Cc1cc2c(cnn2-c2ccc(=O)n(C)c2)cc1O[C@H](c1ccccc1)[C@@H](NC(=O)C(C)(F)F)C(C)C,0.3654573652786982,3.827913704548279,7.3154428145324815
CS(=O)(=O)Nc1cccc(C=C2c3ccccc3CCc3ccccc32)c1,0.7182658426489947,2.1656567310687898,5.9611727611683785
COc1cccc2c1-c1ccc(NS(=O)(=O)N(C)C)cc1C(c1ccccc1)O2,0.6887431915946867,2.8708259661741664,6.831879926601994
CC#C[C@]1(O)CC[C@H]2[C@@H]3CCC4=CC(=O)CCC4=C3[C@@H](c3ccc(N(C)Cc4ccc(C(=O)NCC(=O)O)cc4)cc3)C[C@@]21C,0.3446635610035453,4.445666501575119,7.869477302372513
Cc1nn(Cc2cccs2)c2ncc(C(=O)Nc3ccc(C(F)(F)F)cc3)c(Cl)c12,0.4288373403876622,2.472069087683245,6.622364196960947
Cc1nn(CC2CC2)c2ncc(C(=O)Nc3ccc(C(C)C)cc3)c(Cl)c12,0.6609867859832514,2.366109346453406,6.763033107964855
COc1c(O)ccc2c1-c1ccc3c(c1/C(=C/c1ccccc1Cl)O2)C(C)=CC(C)(C)N3,0.4368547528269529,2.9615448193190144,7.88620134170057
C#C[C@]1(O)CC[C@H]2[C@@H]3CCC4=CC(=O)CCC4=C3[C@@H](c3ccc(N(C)CCNC(=O)O[C@@H]4C[C@@H]5CC(O)CC[C@]5(C)[C@H]5C[C@H](O)[C@]6(C)[C@@H]([C@H](C)CCC(=O)O)CC[C@H]6[C@H]45)cc3)C[C@@]21C,0.14541334910189704,6.022698084447629,7.907563415621947
CC(C)(O)c1ccc(-c2ccc3c(n2)Oc2c(F)cccc2[C@@H]3C(C)(C)C(=O)NC(N)=O)cn1,0.5361550430473281,3.6195496720272384,6.221790467000101
CC(C)(C(=O)Nc1nccs1)[C@@H](c1ccccc1)c1ccc(O)c(Br)c1,0.568155194509758,2.9692354054831256,6.112367386262099
O=c1[nH]c(=O)c(Cc2cccc(Cl)c2Cl)c([C@H]2CC[C@@H](c3ccccc3)CC2)[nH]1,0.5831917011318996,2.5288710382960176,5.793565994378056
CCC(Cc1cccc(C)c1)NS(=O)(=O)c1c(C)cc(C)cc1C,0.8518455094599175,2.575637176684525,5.056713174474929
COc1ccc([C@H]2C[C@@]3(C)[C@@H](CC[C@@]3(O)C#CC(C)(C)C)[C@@H]3CCC4=CC(=O)CCC4=C32)cc1,0.523522738191279,4.360791487691058,7.610857693314945
CC(C)(C(=O)Nc1nncs1)[C@@H](c1ccccc1)c1ccc2[nH]ncc2c1,0.5455908062634558,3.160008322698207,5.855824175090472
CC(C)C(c1ccc2c(cnn2-c2ccc(F)cc2)c1)C(C)(C)C(=O)Nc1nncs1,0.4370836856030921,3.336998286458096,6.874568049554294
C[C@]12C=CC(=O)C=C1[C@@H](F)C[C@H]1[C@@H]3C[C@H]4CN(Cc5ccccc5)C[C@@]4(C(=O)NCc4ccccc4)[C@@]3(C)C[C@H](O)[C@@]12F,0.49591486133140966,4.742736797593958,7.610866617840277
C[C@H](NC(=O)C(C)(F)F)[C@H](Oc1ccc2c(cnn2-c2cccc(C(=O)NC3CCCC3)c2)c1)c1ccc2c(c1)OCCO2,0.25233255675672017,3.673167974976197,8.911190179013524
CCCCCCCCCC[C@H]1C[C@@]2(C)C(CC[C@@H]2O)C2CCC3=CC(=O)CCC3=C21,0.40304945166262934,4.162055191587816,5.982097364730508
COc1ccccc1C1CCN(c2[nH]c(=O)[nH]c(=O)c2Cc2ccccc2)CC1,0.7007730072320928,2.4080176687739723,5.698562837888053
CC(C)(C(=O)NC(N)=O)[C@H]1c2ccccc2Oc2nc(-c3cc[n+]([O-])cc3)ccc21,0.5135031458508851,3.5326617190421645,5.6465918461756495
Cc1c(NS(C)(=O)=O)cccc1N(Cc1ccccc1)Cc1cccc(Br)c1,0.5193672392635367,2.1853826176909,6.359964502526575
CC(C)[C@H](NC(=O)C(C)(F)F)[C@H](Oc1ccc2c(cnn2-c2ccc(=O)n(C)c2)c1)c1ccc(Cl)c(F)c1,0.3194619506926698,3.891374716025293,7.432134872719796
COc1ccc(Oc2ccc(CN(Cc3cc(F)cc(F)c3)c3c(Br)cc(CC(=O)O)cc3Br)cc2)c(OC)c1,0.17306804895745634,2.7001486349820887,5.9044969483086165
CC#C[C@@]1(O)CC[C@@]2(CC)c3ccc(OCc4cccnc4C)cc3CC[C@@H]2C1,0.7383825594446437,3.915756512850212,7.887745263769585
CC(=O)[C@@]1(O)CC[C@H]2[C@@H]3C[C@H](C)C4=CC(=O)C=C[C@]4(C)[C@@]3(F)[C@@H](O)C[C@@]21C,0.737908895441975,4.660934821061702,7.127685664786921
CC#C[C@]1(O)C[C@H]2CCc3cc(O)ccc3[C@]2(CC)[C@H](O)C1,0.6984559816643073,4.515096452723892,6.612830037645202
Cc1noc(=O)c2ccc(NC(=O)C(O)(CC3CCCc4ccccc43)C(F)(F)F)cc12,0.6255973336815608,3.571581318939497,5.672572465696661
CC(C)(Cc1c[nH]c2ccccc12)NS(=O)(=O)c1c(N)cc(Cl)cc1Cl,0.5444958825565768,2.5615456324755783,6.053450710899845
C[C@]12C=CC(=O)C=C1[C@@H](F)C[C@H]1[C@@H]3C[C@H]4O[C@@H](c5ccc(Cc6ccc(N)cc6)cc5)O[C@@]4(C(=O)CO)[C@@]3(C)C[C@H](O)[C@@]12F,0.42967174555566673,5.005551574452373,7.9293202973308965
CC(C)(CC(O)(Cc1cc2ccncc2[nH]1)C(F)(F)F)c1cc(-c2ccccc2)ccc1O,0.3278287351937399,3.234238932370989,8.045815183725892
Cc1nn(Cc2ccoc2)c2ncc(C(=O)Nc3ccc(C(F)(F)F)cc3)c(Cl)c12,0.4724246020123487,2.5827740327381896,6.656914455804011
C[C@]12C=CC(=O)C=C1[C@@H](F)C[C@H]1[C@@H]3C[C@H]4O[C@H](c5ccc(Cc6ccc(Cl)c(N)c6)cc5)O[C@@]4(C(=O)CO)[C@@]3(C)C[C@H](O)[C@@]12F,0.38708928625984085,5.086579510354461,7.665851679080166
Cc1ccc(-c2noc(Cn3nc(C)c4c(Cl)c(C(=O)Nc5ccc(C(F)(F)F)cc5)cnc43)n2)cc1,0.29824903656248924,2.599441471246916,6.580632415050551
C[C@@](c1ccc(F)cc1)(c1c[nH]c2c(NS(C)(=O)=O)cccc12)C1CC1,0.6974715935108359,3.0609075603830185,6.5298277436106495
Cc1nn(C2CCN(C(=O)OC(C)(C)C)CC2)c2ncc(C(=O)Nc3ccc(C(F)(F)F)cc3)c(Cl)c12,0.4272153666896028,2.666210501359986,6.713174365523948
CC1=CC(C)(C)Nc2ccc3c(c21)/C(=C/c1ccc(F)c(F)c1)Oc1ccccc1-3,0.46825405470472276,2.785681272557195,6.019455416030061
Cc1nn(C)c2ncc(C(=O)Nc3ccc(F)cc3)c(Cl)c12,0.7881912444334536,2.132124113807187,6.664162653107116
Cc1nc(SCC(=O)[C@@]2(O)CC[C@H]3[C@@H]4CCC5=CC(=O)CC[C@]5(C)[C@H]4[C@@H](O)C[C@@]32C)sc1C,0.5986005038183466,4.548692777175638,7.614367433865924
COc1c(O)ccc2c1-c1ccc3c(c1/C(=C/c1ccccc1-c1ccccc1)O2)C(C)=CC(C)(C)N3,0.3055420977446404,2.9274243756792035,8.565104511331837
CC(C)[C@H](NC(=O)C(F)(F)F)[C@H](Oc1ccc2c(cnn2-c2ccc(=O)n(C)c2)c1)c1ccc(C(F)(F)F)cc1,0.2971487655200785,3.8216380630816795,7.133632653982701
COc1cccc2c1-c1ccc(NS(C)(=O)=O)cc1C(c1ccccn1)O2,0.7458260852517854,2.948391070719417,6.283346097823946
C#CCC1Oc2cccc(OC)c2-c2ccc3c(c21)C(C)=CC(C)(C)N3,0.7366405977248072,3.5653863011627873,6.28497204993056
CC#C[C@]1(O)CC[C@H]2[C@@H]3CCc4cc(C(=O)Nc5cccnc5C)ccc4[C@H]3[C@@H](OCC)C[C@@]21C,0.5950791661159069,4.310142118193683,8.963617731250872
COc1ccc(F)cc1C(C)(C)CC(O)(Cc1ccc(C#N)cc1F)C(F)(F)F,0.6747231789652838,3.140298062370654,7.647934085442883
Cc1csc(Cc2c(=O)[nH]c(=O)[nH]c2[C@H]2CC[C@@H](c3ccccc3)CC2)n1,0.7201854191993866,2.6544774411279626,5.544569275367748
Cc1cc(C)c(S(=O)(=O)N[C@@H](C)CNc2cccc3nc(C)ccc23)c(C)c1,0.6523459904524391,2.7833108153822206,5.831734107914534
C[C@@H]1C[C@H]2[C@@H]3CCC4=CC(=O)C=C[C@]4(C)[C@H]3[C@@H](O)C[C@]2(C)[C@@]1(O)C(=O)CO,0.6851425387768038,4.568280922220818,8.123647755114657
CCCNC(=O)c1ccccc1CC[C@]1(O)CCC2=Cc3c(cnn3-c3ccc(F)cc3)C[C@@]21C,0.49226717560454125,3.56794995393963,8.369432307722269
CC[C@H]1OC(=O)[C@H](C)[C@@H](O[C@H]2C[C@@](C)(OC)[C@@H](O)[C@H](C)O2)[C@H](C)[C@@H](O[C@@H]2O[C@H](C)C[C@H](N(C)C)[C@H]2O)[C@](C)(O)C[C@@H](C)CN(CCCNC(=O)[C@@]2(O)[C@H](C)C[C@H]3[C@@H]4C[C@H](F)C5=CC(=O)C=C[C@]5(C)[C@H]4[C@@H](O)C[C@@]32C)[C@H](C)[C@@H](O)[C@]1(C)O,0.10147995858591326,7.50960374713824,7.223388145633259
C[C@H](c1ccc(F)cc1)N1C(=O)O[C@](Cc2ccccc2)(c2nc3c(NS(C)(=O)=O)cccc3[nH]2)C1=O,0.37430603713754373,3.7082602499711816,5.397399749677454
CCCC1(CC(O)(C(=O)Nc2ccc3c(=O)onc(C)c3c2)C(F)(F)F)CCCc2ccccc21,0.4981109232909952,3.789377275113301,7.344960390561605
CC(C)[C@H](NC(=O)C(C)(F)F)[C@H](Oc1ccc2c(cnn2-c2ccns2)c1)c1ccccc1,0.37450449016658516,3.9454982665732343,7.661114717559863
CC#C[C@]1(O)CC[C@H]2[C@@H]3CCC4=CC(=O)CCC4=C3[C@@H](c3ccc(N(C)C)cc3)C[C@@]21C,0.6395257442251707,4.359137319850213,7.672996587078467
COc1ccc(C(c2ccccc2)c2c[nH]c3ccccc23)cc1,0.5390554770388727,2.304775744898542,5.2915098189475644
COc1ccc(F)cc1C(C)(C)C[C@@](O)(Cc1cc2ccncc2[nH]1)C(F)(F)F,0.567725605551682,3.270500027494138,7.194299784540026
C[C@]12C=CC(=O)C=C1CC[C@@H]1[C@@H]2[C@@H](O)C[C@@]2(C)[C@H]1C[C@H]1O[C@H](c3ccc(Cc4cccc(N)c4)cc3)O[C@]12C(=O)CO,0.4550592531584339,4.804287286140014,8.173570769534427
CC(C)(C(=O)Nc1nncs1)[C@H]1c2ccccc2Oc2nc(-c3ccc(C(=O)N4CCC(F)(F)C4)c(F)c3)ccc21,0.30595270183051065,3.703221035233341,6.162150173625855
CCC1(CC(O)(CNc2cccc3cnccc23)C(F)(F)F)CCCc2ccccc21,0.5050578299703519,3.60481617517228,7.764826879004122
CCC1(CC(O)(C(=O)Nc2ccc3c(=O)onc(C)c3c2)C(F)(F)F)CCCCc2ccccc21,0.48230279267195264,3.733417401996727,7.508238503739578
COC(=O)c1ccc(CN(Cc2ccccc2)c2cccc(NS(C)(=O)=O)c2C)cc1,0.5290592605561653,2.1685657725679146,6.305736505283341
COc1ccc(F)cc1C(C)(C)CC(O)(Cc1ccc(C)c2ccccc12)C(F)(F)F,0.4489336934198364,3.003354576719559,7.190047288328998
Cc1nn(-c2ccc(I)cc2)c2ncc(C(=O)Nc3ccc(C(C)C)cc3)c(Cl)c12,0.31229953769456775,2.376525681089838,5.883486649609451
COc1ccc(CN(Cc2ccccc2)c2cccc(NS(C)(=O)=O)c2C)cc1,0.5904360620268103,2.091793064110343,7.113080947263796
CCC1(C(=O)Nc2nccs2)CC2c3ccccc3C1c1ccccc12,0.7009143444112759,3.8428176580110547,6.430326710757952
COc1ccc(F)cc1C(C)(C)CC(O)(Cc1cc2cccc(C)c2[nH]1)C(F)(F)F,0.4903528929159711,3.1858095822900285,7.296984434044853
Cc1cc(C)c(S(=O)(=O)NC(C)Cc2c[nH]c3ccccc23)c(C)c1,0.7256351794926139,2.620355644888644,6.8934886108531375
C#C[C@]1(O)CC[C@H]2[C@@H]3CCC4=CC(=O)CCC4=C3[C@@H](c3ccc(N(C)CCOC4CC[C@@]5(C)[C@H](CC[C@@H]6[C@@H]5CC[C@]5(C)[C@@H]([C@H](C)CCC(=O)O)CC[C@@H]65)C4)cc3)C[C@@]21C,0.2291600981033369,5.674781236083179,7.780784671740609
CC[C@H](NC(=O)C(F)(F)F)[C@H](Oc1ccc(C#N)cc1Br)c1cnc(C2CC2)nc1,0.6239660344239947,3.713861998935397,7.665807191898915
C=CCC1Oc2ccc(O)c(OC)c2-c2ccc3c(c21)C(C)=CC(C)(C)N3,0.6884551807395737,3.571153955834303,6.688302244004085
CC1C(=O)C(C)(C)Nc2ccc3c(c21)/C(=C/c1cccc(F)c1)Oc1ccccc1-3,0.5248073480308753,3.3568017190421653,6.328881568515129
CCc1ccccc1/C=C1\Oc2ccc(F)cc2-c2ccc3c(c21)C(C)=CC(C)(C)N3,0.4698571463244638,2.873851430875126,6.840907727523695
CC#C[C@]1(O)CC[C@H]2[C@@H]3CCC4=CC(=O)CCC4=C3[C@@H](c3c(F)cc(OC)cc3F)C[C@@]21C,0.5920696344714661,4.547458662986175,8.667056070909158
Cc1nn(C2CCCC2)c2ncc(C(=O)Nc3ccc(C(F)(F)F)cc3)c(Cl)c12,0.5816841906000274,2.4256956907519953,6.663811385291001
CC/C=C(\C)c1ccsc1/C=C1\Oc2ccc(O)c(OC)c2-c2ccc3c(c21)C(C)=CC(C)(C)N3,0.38921122985807927,3.477353623228889,8.63054159125229
C[C@H](NC(=O)C(C)(F)F)[C@H](Oc1ccc2c(cnn2-c2cccc(C(=O)N[C@H]3CCOC3)c2)c1)c1ccc2c(c1)OCCO2,0.2865814910533015,3.9631402915986786,7.613825702307718
COCC[C@@]12CC[C@@]3(C)C[C@@H](O)CC3=C1CCc1cc(Nc3cncnc3C)ccc12,0.6677201388334357,4.359005264628669,6.081210743380162
C#C[C@]1(O)CC[C@H]2[C@@H]3CCC4=CC(=O)CCC4=C3[C@@H](c3ccc(N(C)CCOC4CC[C@@]5(C)[C@H](CC[C@@H]6[C@@H]5C[C@H](O)[C@]5(C)[C@@H]([C@H](C)CCC(=O)O)CC[C@@H]65)C4)cc3)C[C@@]21C,0.20195893728703318,5.82003516130649,7.964074909302455
C[C@]12C=CC(=O)C=C1[C@@H](F)C[C@H]1[C@@H]3C[C@H]4O[C@@H](c5ccc(CSc6ccc(N)cc6)cc5)O[C@@]4(C(=O)CO)[C@@]3(C)C[C@H](O)[C@@]12F,0.29221289859472294,5.0729047674973184,7.943512609497076
Cc1ccccc1CC(O)(CC(C)(C)c1cc(F)ccc1O)C(=O)Nc1ccc2c(c1)COC2=O,0.4254437434055148,3.261955119434301,7.09898516832163
O=S(=O)(c1ccc(N2CCOCC2)cc1)N1CCC2=Cc3c(cnn3-c3ccc(F)cc3)CC2(Cc2ccc(F)cc2)C1,0.3017729965741727,3.3799416470757384,7.1207757008461705
C[C@]12Cn3cnc(-c4ccc(F)cc4)c3C=C1CCC[C@@H]2[C@](C)(O)Cc1ccc(F)cc1,0.5448240228171259,3.9837448918424316,6.688687649673688
CC(C)[C@H](NC(=O)C(C)(F)F)[C@H](Oc1ccc2c(cnn2-c2cnc(=O)n(C)c2)c1)c1ccccc1,0.39857256630438037,3.856849615998219,7.790544413896527
OC(c1ccc(Cl)c(Cl)c1)(c1ccc2c(cnn2-c2ccc(F)cc2)c1)C(F)(F)F,0.3701264291135376,2.957955416910563,6.885641934604751
COc1ncccc1-c1ccc([C@@H](C)NS(=O)(=O)c2c(C)noc2C)cc1,0.6965497682589532,2.763467186603533,5.630453303517784
COCCCOC[C@]12Cc3cnn(-c4ccc(F)cc4)c3C=C1CCN(S(=O)(=O)c1ccc(C(C)(C)C)cc1)C2,0.32470975840397137,3.4427883027117145,7.583340554357589
Cc1cccc2c1CCCC2CC(O)(C(=O)Nc1ccc2c(=O)onc(C)c2c1)C(F)(F)F,0.5962020908090323,3.689092283970231,5.9754495014305595
C/C=C/[C@H]1OC2(CCCC3=Cc4c(cnn4-c4ccc(F)cc4)C[C@@]32C)O[C@@H]1/C=C/C,0.591301249775311,4.802241956982773,8.587254211352606
C[C@]12Cc3cnn(-c4ccc(F)cc4)c3C=C1CC[C@@H]2[C@H](O)c1cccc2ccccc12,0.4218491984615065,3.558800638577085,8.084083270792418
COc1cc([C@@H]2c3cc4c(cc3[C@H](O)[C@H]3COC(=O)[C@H]23)OCO4)cc(OC)c1OC,0.7629173210900769,3.7523244459817278,7.029160474998394
Cc1cc(C)cc(CC(O)(CC(C)(C)c2cc(F)ccc2O)C(=O)Nc2ccc3c(c2)COC3=O)c1,0.3999065173462795,3.3414252153476944,6.6547548933713285
COc1ccc(F)cc1C(C)(C)CC(O)(Cc1ccc(C#N)c2ccccc12)C(F)(F)F,0.46924543204320185,3.136122638248983,7.623993962805257
CC(C)(CC(O)(Cc1cc2cc(N3CCOCC3)ncc2[nH]1)C(F)(F)F)c1cccc(C(N)=O)c1,0.46858145195670525,3.407810789537395,7.733992164783814
Cc1ccc(F)cc1C(C)(C)CC(O)(Cc1cc2nc(N3CCOCC3)ncc2[nH]1)C(F)(F)F,0.5104234123176258,3.4761558491034226,7.829188216480643
Cc1ncccc1Nc1ccc2c(c1)CC[C@@H]1C3=CC(=O)C[C@]3(C)CC[C@@]21Cc1ccccc1,0.47316024453590044,3.9150529685274673,6.248815170061602
CCC1(c2ccco2)OCC(=O)Nc2ccc(-c3cc(F)cc(C#N)c3)cc21,0.725979795355159,3.388176000197406,6.440133317928486
C=CCC1Oc2cccc(CO)c2-c2ccc3c(c21)C(C)=CC(C)(C)N3,0.7241944566632017,3.5721652263471926,7.065560677538918
Cn1cncc1Cn1ncc2c(Cl)c(C(=O)Nc3ccc(Cl)cc3)cnc21,0.5648527269079081,2.53907701078907,6.536109240520279
C/C(=C1/c2ccccc2COc2ccccc21)c1cccc(NS(C)(=O)=O)c1,0.6887311264046587,2.38453235235497,6.370248599797939
CCN(CC(O)(CNC(=O)c1cnn(-c2ccc(F)cc2)c1N)C(F)(F)F)C(=O)c1cccnc1Cl,0.3047811540679928,3.3406951882319564,7.962844166517842
CC(=O)O[C@]1(C(C)=O)CC[C@H]2[C@@H]3C=C(Cl)C4=CC(=O)CC[C@]4(C)[C@H]3CC[C@@]21C,0.6227651876315359,4.476208069702646,7.476024771856268
C/C=C/COC(C)C1=CC(C)(C)Nc2ccc(-c3ccccc3OC)cc21,0.6451933706700221,3.3445349032027245,6.30833004203421
O=C(c1ccco1)N1CCCc2cc(NS(=O)(=O)CCc3ccccc3)ccc21,0.6692722199284983,2.283178108334411,5.075002843650201
C=CC[C@H](O)[C@H]1CCCC2=Cc3c(cnn3-c3ccc(F)cc3)C[C@@]21C,0.8105038125102578,3.848822949389695,8.390276077572057
CCCCC1Oc2ccccc2-c2ccc3c(c21)C(C)=CC(C)(C)N3,0.6842761548088554,3.1904080449074854,6.385379741305538
CN(C)C(=O)c1ccc(-c2ccc3c(n2)Oc2ccccc2[C@H]3C(C)(C)C(=O)Nc2nncs2)cc1,0.40516309884544216,3.3427420808351496,5.708069325925743
Cc1ccccc1Oc1ccc(CN(Cc2cc(F)cc(F)c2)c2c(Br)cc(CC(=O)O)cc2Br)cc1,0.20166428972327258,2.62914812805165,6.0102415237479
COc1ccc(Cn2nnc(Cn3nc(C)c4c(Cl)c(C(=O)Nc5ccc(OC)cc5)cnc43)c2C)cc1,0.30996500122538556,2.6563423771432326,6.590507348458917
CC(Cc1c[nH]c2ccccc12)NS(=O)(=O)c1c(Cl)cccc1Cl,0.6867906961684543,2.6113749105006523,6.58230193555385
CC(C)(CC(O)(Cc1ccc2ccccc2c1)C(=O)Nc1ccc2c(c1)COC2=O)c1ccccc1,0.3290902093798971,3.0718994634297108,6.647828769399163
O=c1cc(C(F)(F)F)c2cc3c(cc2[nH]1)OCCN3CC(F)(F)F,0.8013299753072507,2.817573159019604,5.641292546211384
COc1ccc(-n2nc(C)c3c(Cl)c(C(=O)Nc4ccc(C(F)(F)F)cc4)cnc32)cc1,0.42628703225240977,2.313154309379515,6.530667306169758
CC(C)(C(=O)Nc1nccs1)C(c1ccccc1)c1ccc2c(-c3ccc(F)cc3F)ncn2c1,0.2955257513987565,3.3920826721702255,6.2441506187947375
Cn1c(=O)[nH]c(N2CCC(Cc3ccccc3)CC2)c(Cc2ccccc2Br)c1=O,0.6185329245257707,2.55164755688846,5.620746659456886
CC(C)(C(=O)NC(N)=O)[C@H]1c2ccccc2Oc2nc(-c3ccc(-c4ccccc4)cc3)ccc21,0.39545293265965187,3.0753449798625336,5.6889209835856835
COc1cccc2c1-c1ccc3c(c1C(c1cccc(OC(=O)N(C)C)c1)O2)C(C)=CC(C)(C)N3,0.4727187619507304,3.395150414713397,7.553189448501886
CC1(C)Nc2c(cc(-c3ccnc4ccccc34)c3c2CCC3)C(C)(C)C1=O,0.6199419979508971,2.8686517510891463,7.140114302019141
CNC(=O)C[C@H]1COc2cc(Br)ccc2N1C(=O)c1ccc2c(c1)NC(=O)CO2,0.7333149162639769,3.1867073920653493,5.7712854141620635
Cc1ccccc1C(C)(C)CC(O)(Cc1cc2ncncc2[nH]1)C(F)(F)F,0.6896141913113853,3.3469560597844064,7.774383725862558
COc1ccccc1C1Oc2cccc(OC)c2-c2ccc(NS(C)(=O)=O)cc21,0.6803468508594924,2.798329530902121,6.446822905578133
CC(C)(C(=O)Nc1nncs1)[C@@H]1c2ccccc2Oc2cc(O)ccc21,0.7265062460371131,3.2139184231688827,5.752012250741811
CCCC1O[C@@H]2C[C@H]3[C@@H]4CCC5=Cc6c(cnn6-c6ccc(OCCCCP(=O)(O)O)cc6)C[C@]5(C)[C@H]4[C@@H](O)C[C@]3(C)[C@]2(C(=O)CO)O1,0.1910423346252035,5.161751433299424,8.540665255104836
CC(=O)[C@H]1CC[C@H]2[C@@H]3CCC4=CC(=O)CC[C@]4(C)[C@H]3CC[C@]12C,0.7013194281770768,3.9460262418397285,6.007301473996681
CC#C[C@]1(O)CC[C@H]2[C@@H]3CCC4=CC(=O)CCC4=C3[C@@H](c3cc(C)c(OCCO[C@H]4CC[C@@]5(C)[C@@H](C4)C[C@@H](O)[C@@H]4[C@@H]5C[C@H](O)[C@]5(C)[C@@H]([C@H](C)CCC(=O)O)CC[C@@H]45)c(C)c3)C[C@@]21C,0.13507403743538896,6.033435442847841,8.410768439661277
Cc1c[nH]c2c(-c3c(F)cc4c(c3F)/C(=N/OC(C)(C)CO)CC(C)(C)N4)cccc12,0.48121076595030116,3.5241637941001365,7.356482782934406
CCn1c(SCC(=O)[C@@]2(O)CC[C@H]3[C@@H]4CCC5=CC(=O)C=C[C@]5(C)[C@H]4[C@@H](O)C[C@@]32C)nc2ccccc21,0.5541776801919245,4.416534263886648,7.398347552721819
COc1ccc([C@@H](Oc2ccc3c(cnn3-c3ccc(F)cc3)c2)[C@H](C)NC(=O)C2CC2)cn1,0.41574818866133406,3.2864149629547637,9.409489572302297
C[C@H](NC(=O)C(C)(F)F)[C@H](Oc1ccc(C#N)cc1Cl)c1cnc(C2CC2)nc1,0.7261964750587142,3.663354136916902,8.200642485580525
COc1cccc2c1-c1ccc(NS(C)(=O)=O)cc1C(c1ccc(Oc3ccccc3)cc1)O2,0.37135866783004184,2.806909909025263,7.265155941712312
C=CC[C@@]12CC[C@](O)(C#CC)C[C@H]1CCc1cc(O)ccc12,0.6450226629359591,4.172628506469643,6.272555798694059
O=C(O)Cc1cc(Br)c(N(Cc2ccccc2)Cc2ccc(Oc3ccccc3)cc2)c(Br)c1,0.2189936664687414,2.3383230076506454,5.8952365136908895
C[C@H]1c2c(cc(F)c(-c3cccc4c(Cl)c[nH]c34)c2F)NC(C)(C)[C@@H]1OC(=O)NC1CCCCC1,0.3478012429730337,3.87627944216569,7.765978507210031
Cc1c(NS(=O)(=O)C(C)C)cccc1N(Cc1ccccc1)Cc1ccccc1,0.5463733110142637,2.1775041335287284,6.6844652181230995
CC#C[C@]1(O)CC[C@H]2[C@@H]3CCC4=CC(=O)CCC4=C3[C@@H](c3ccc(C(C)C)cc3)C[C@@]21C,0.5486448654052134,4.315755781388674,7.839284783498734
CCCCn1cnc2c(Cl)c(C(=O)Nc3ccc(C(F)(F)F)cc3)cnc21,0.6479390091095324,2.3952970387610986,5.66125506974615
Cc1c(NS(C)(=O)=O)cccc1N(Cc1ccc(Oc2cccc(OC[C@@H](O)C[C@@H](O)CC(=O)O)c2)cc1)Cc1ccc(F)cc1F,0.11955718291578886,3.606434982368782,7.796057239222218
C/C=C1\C(=O)C[C@H]2[C@@H]3CCC4=CC(=O)CC[C@]4(C)[C@H]3CC[C@]12C,0.6104424612516859,4.220286215812726,5.575814746832411
Cc1ncsc1C(=O)NCc1ccc(N2C(=S)N(c3cccc(C(F)(F)F)c3)C(=O)C2(C)C)cc1F,0.34686517542166195,2.897795727987635,5.8654167644882325
CCCOc1ccccc1NC(=O)c1cnc2c(c(C)nn2C)c1Cl,0.7487941324872828,2.240140466945874,6.536822114819471
C[C@H](NC(=O)C(C)(F)F)[C@H](Oc1ccc2c(cnn2-c2ccc(=O)n(C3CC3)c2)c1)c1ccccc1,0.38329377007386173,3.6562875291741523,8.66604244207533
C[C@H](c1ccc(F)cc1)N1C(=O)O[C@](Cc2ccc(F)cc2)(C(=O)NCc2ccc(Cl)c(Cl)c2)C1=O,0.40105846133464657,3.4532231544597582,5.401288350517051
CC(C)(C(=O)NC(=O)NC1CCCC1)[C@@H]1c2ccc(-c3ccc(C(=O)N4CCOCC4)cc3)nc2Oc2c(F)cccc21,0.41491311165601436,3.486754813304633,6.221283352669076
Cc1ccc(S(=O)(=O)N[C@@H](C)COc2cccc3ncccc23)c(C)c1,0.7198261425542088,2.567755742680175,5.79877273770508
C[C@]12C=CC(=O)C=C1[C@@H](F)C[C@H]1[C@@H]3C[C@H]4CN(Cc5ccc(C(F)(F)F)cc5)C[C@@]4(C(=O)CO)[C@@]3(C)C[C@H](O)[C@@]12F,0.509854016295466,4.951916159653125,7.385765837095831
CC[C@@]12CC[C@](O)(c3ccccc3)C[C@H]1CCc1cc(OCc3cccnc3C)ccc12,0.5231499203773158,3.636653244036143,6.1703245907379145
COc1cccc2c1-c1ccc(NS(C)(=O)=O)cc1C(c1ccc(Cl)cc1)O2,0.6598570038444145,2.7678880255138605,7.825628645065782
C=C[C@@H]1CO[C@]2(CCC3=Cc4c(cnn4-c4ccc(F)cc4)C[C@@]32C)O1,0.7653028226852779,4.592632240683275,7.810914243313822
Cc1cc(C)c(S(=O)(=O)N[C@@H](C)CNc2cc(C)cc3c2cnn3-c2ccc(S(C)(=O)=O)cc2)c(C)c1,0.34191677101366746,3.15386970327706,7.5926580881136605
COc1ccccc1CN(Cc1ccccc1)c1cccc(NS(C)(=O)=O)c1C,0.5904360620268104,2.1471523511647526,6.442262611660265
CC(C)[C@H](NC(=O)C(F)(F)F)[C@H](Oc1cc2cnn(-c3ccc(=O)n(C)c3)c2cc1Cl)c1ccccc1,0.3547347628407496,3.7724788629193204,7.272762112044163
Cc1nn(Cc2ccc(F)cn2)c2ncc(C(=O)Nc3ccc(Cl)cc3)c(Cl)c12,0.5010198853469179,2.4267315256488047,6.6175745798050745
CCCNC(=O)O[C@]1(C(=O)CO)[C@@H](C)C[C@H]2[C@@H]3CCC4=CC(=O)C=C[C@]4(C)[C@@]3(F)[C@@H](O)C[C@@]21C,0.5610902604469918,4.731001490108236,8.407689657937176
CCCC[C@H]1OC2(CCCC3=Cc4c(cnn4-c4ccc(F)cc4)C[C@@]32C)O[C@@H]1CCCC,0.4536154216078703,4.424572282447693,8.03155590711249
C[C@H]1COc2cc(F)ccc2N1C(=O)c1ccc2c(c1)NC(=O)CO2,0.8649211168764754,2.9562208293061847,5.9628115459796165
C[C@H]1OC2(CCCC3=Cc4c(cnn4-c4ccc(F)cc4)C[C@@]32C)O[C@@H]1C,0.7343977086813747,4.4384551546160775,7.954535737176649
Cn1c(SCC(=O)[C@@]2(O)CC[C@H]3[C@@H]4CCC5=Cc6c(cnn6C6CCCCC6)C[C@]5(C)[C@H]4[C@@H](O)C[C@@]32C)nc2ccccc21,0.3180714942084464,4.702200505375178,8.164524368542844
COc1ccc(F)cc1C(C)(C)CC(O)(Cc1cc2ccncc2[nH]1)C(C)(C)C,0.5845575394954984,3.303532744144576,7.563579052459721
C[C@]12Cc3cnn(C4CCCCC4)c3C=C1CC[C@@H]1[C@@H]2[C@@H](O)C[C@@]2(C)[C@H]1CC[C@]2(O)C(=O)CSc1nc2ccccc2o1,0.31117333890818827,4.723377271792867,8.350891312393461
CC(=O)c1ccc(NC(=O)O[C@@H]2[C@@H](C)c3c(cc(F)c(-c4cccc5cc[nH]c45)c3F)NC2(C)C)cc1,0.2564249690123609,3.750412184537736,7.572283758259717
Cc1cc(-c2cccc3cc[nH]c23)c(Cl)c2c1NC(C)(C)CC2=O,0.6085361449551363,3.0434718395812936,7.326775367628414
CC(C)(C(=O)Nc1nccs1)C(c1ccccc1)c1ccc2ncccc2c1,0.49266726061041943,2.8771584788298856,5.835626572501853
C[C@]12Cc3cnn(-c4ccc(F)cc4)c3C=C1CCC[C@@H]2[C@](C)(O)c1ccc(F)cc1,0.5811677491432042,3.74820897131524,8.19277172703681
C[C@]12C=CC(=O)C=C1CC[C@@H]1[C@@H]2C(=O)C[C@@]2(C)[C@H]1CC[C@]2(O)C(=O)CO,0.784833280255696,4.389631109331721,6.00675636041922
Cn1cc(S(=O)(=O)N2CC[C@H]3Cc4c(cnn4-c4ccc(F)cc4)C[C@]3(C(=O)c3cc(C(F)(F)F)ccn3)C2)cn1,0.2594590103162567,4.084429429446524,7.330081619134833
CCS(=O)(=O)Nc1ccc(-c2ccc3c(cnn3-c3ccc(F)cc3)c2)c(C(F)(F)F)c1,0.3913918865294424,2.463464421739067,5.072912040226579
CC#C[C@]1(O)CC[C@H]2[C@@H]3CCC4=CC(=O)CCC4=C3[C@@H](c3cc(OC)c(OC)c(OC)c3)C[C@@]21C,0.5924095876009619,4.36432725405836,8.172543197269997
C[C@]12C=CC(=O)C=C1[C@@H](F)C[C@H]1[C@@H]3C[C@H]4CN(Cc5ccc6ccccc6n5)C[C@@]4(C(=O)CO)[C@@]3(C)C[C@H](O)[C@@]12F,0.5823626241029032,4.960477458028664,7.717722912221094
COc1ccc(F)cc1C(C)(C)CC(O)(Cc1cc2cc(C(F)(F)F)ccc2[nH]1)C(F)(F)F,0.39633857185167126,3.265041493939857,6.947315701160276
COc1ccc(F)cc1C(C)(C)CC(O)(Cc1cc2cc(F)ccc2[nH]1)C(F)(F)F,0.49898438482125484,3.1698027446831905,7.67350048227606
Cc1c(NS(C)(=O)=O)cccc1N(Cc1ccccc1)Cc1ccc(Oc2ccc(CCCC(=O)NCCCC(=O)O)cc2)cc1,0.10981896578468266,2.6347023644028624,8.724798865055995
Cc1cc(C)c(S(=O)(=O)N[C@@H](C)CNc2cc(C)cc3c2cnn3-c2cccc(NCC(N)=O)c2)c(C)c1,0.24380253779868002,3.2665374993446434,7.85630491191713
C=CCC1Oc2cccc(COC)c2-c2ccc3c(c21)C(C)=CC(C)(C)N3,0.6658032616572322,3.5606351056318744,6.727129896547479
C[C@@H]1C[C@H]2[C@@H]3CCC4=CC(=O)C=C[C@]4(C)[C@H]3[C@@H](O)C[C@]2(C)[C@@]1(O)C(=O)CSc1ncnc2ccccc12,0.45249562019076883,4.59127621804456,7.765859627673889
CNc1ccc(Cc2ccc([C@H]3O[C@@H]4C[C@H]5[C@@H]6C[C@H](F)C7=CC(=O)C=C[C@]7(C)[C@@]6(F)[C@@H](O)C[C@]5(C)[C@]4(C(=O)CO)O3)cc2)cc1OC,0.3855999319910387,5.0979792178204155,7.889486407221483
CNC(=O)C[C@H]1COc2cc(F)c(CC(C)C)cc2N1C(=O)c1ccnc(NC(N)=O)c1,0.6321329882236032,3.3776396384901206,5.928495764860067
CCS(=O)(=O)NCC(C)[C@@H](c1ccccc1)c1ccc2c(cnn2-c2ccc(F)cc2)c1,0.415624392635868,3.2492958212047345,6.981116189705755
CC(Cc1c[nH]c2ccccc12)NS(=O)(=O)c1ccc(Cl)cc1,0.737576505347789,2.38637917525414,5.6077302290577
C[C@H](NC(=O)C1CC1)[C@H](Oc1ccc2c(cnn2-c2ccc(F)cc2)c1)c1ccccc1,0.43936738870941666,3.0348926770244997,9.049987145313656
COc1ccc(F)cc1C(C)(C)CC(O)(Cc1ccccc1Cl)C(F)(F)F,0.6264223577908086,2.9088367250650737,6.914556658625054
C[C@]12Cc3cnn(-c4ccc(F)cc4)c3C=C1CC[C@@H]1[C@@H]2[C@@H](O)C[C@@]2(C)[C@H]1CC[C@]2(O)C(=O)CSc1ccc2ccccc2c1,0.22688768057603498,4.532625437401505,9.030197755927153
CCN1CCN(CCn2nc(C)c3c(Cl)c(C(=O)Nc4ccc(C(F)(F)F)cc4)cnc32)CC1,0.5531836338943457,2.5505516187388046,6.75389856566654
Cc1cnc(C(=O)[C@]23Cc4cnn(-c5ccc(F)cc5)c4C=C2CCN(S(=O)(=O)c2ccc(Cl)c(Cl)c2)C3)s1,0.26203143428884007,3.6935350287429047,7.755135720845125
Cc1nn(C)c2ncc(C(=O)Nc3ccccc3Cl)c(Cl)c12,0.7740894367219607,2.166551099935811,6.5648043870919714
COc1ccc(F)cc1C(C)(C)CC(O)(CN1C[C@@H](C)C(=O)[C@@H](C)C1)C(F)(F)F,0.7097311259218763,3.9199350309712795,7.447615240136109
Cc1noc(=O)c2ccc(NC(=O)C(O)(CC3CCCc4ccc([N+](=O)[O-])cc43)C(F)(F)F)cc12,0.40431076601262456,3.746361280862706,5.893982813961141
CCCC1O[C@@H]2C[C@H]3[C@@H]4CCC5=Cc6c(cnn6-c6ccc(OCCCCCCCCCP(=O)(O)O)cc6)C[C@]5(C)[C@H]4[C@@H](O)C[C@]3(C)[C@]2(C(=O)CO)O1,0.10648956479047209,5.219813143619017,8.443384943768956
C[C@]12CC[C@@H]3c4ccc(O)cc4CC[C@H]3[C@@H]1CC[C@@H]2O,0.757169743555686,3.585348700780936,4.758965951886235
Cc1ncccc1-c1ccc2c(c1)CCC1=C3C[C@H](O)C[C@]3(C)CC[C@]12Cc1ccccc1,0.46247009613721185,3.9738356487752986,6.746980119027369
CNC(=O)NC(=O)C(C)(C)[C@@H]1c2ccc(-c3ccc(S(C)(=O)=O)cc3)nc2Oc2c(F)cccc21,0.563004688310666,3.4082142490933016,6.0500120610171555
CCC1(CC(O)(CNc2cccc3ncccc23)C(F)(F)F)CCCc2ccccc21,0.5050578299703519,3.5280439723750776,7.939663211917576
COc1ccc(F)cc1C(C)(C)CC(O)(Cc1cc2cc(C)nc(C)c2[nH]1)C(F)(F)F,0.4976768615216598,3.4169267003790313,6.8606444964845394
CCc1nn(C)c2ncc(C(=O)Nc3ccc(C(C)C)cc3)c(Cl)c12,0.7450008898507328,2.3583107679492183,6.8051180948625385
CNC(=O)O[C@@H]1[C@@H](C)c2c(cc(F)c(-c3cccc4cc[nH]c34)c2F)NC1(C)C,0.5586481974277091,3.894759735748451,7.79399641411188
COc1ccc(F)cc1C(C)(C)CC(O)(Cc1cc2cc(C#N)ccc2[nH]1)C(F)(F)F,0.51127000099433,3.2690325986975806,8.433007757969733
Cn1nccc1C(=O)NCc1ccc(N2C(=S)N(c3ccc(C#N)c(C(F)(F)F)c3)C(=O)C23CCC3)cc1F,0.3690730698394201,3.5276167318995606,5.332870023723794
C[C@]12Cc3cnn(-c4ccc(F)cc4)c3C=C1CC[C@@H]1[C@@H]2[C@@H](O)C[C@@]2(C)[C@H]1CC[C@]2(O)C(=O)COc1ccc2ccccc2n1,0.2850491279068911,4.566914525058035,8.646353056403509
COc1cncc(Cn2nc(C)c3c(Cl)c(C(=O)Nc4ccc(C(F)(F)F)cc4)cnc32)c1,0.4332160929656243,2.5560398748295583,6.807118004818149
C[C@@H]1C(=O)C(C)(C)Nc2ccc3c(c21)[C@H](c1cccc(C(F)(F)F)c1)Oc1ccccc1-3,0.45868596428622593,3.6360421659576474,6.345397979490136
C[C@H](NC(=O)C(C)(F)F)[C@H](Oc1ccc2c(cnn2-c2cccc(C(=O)NCc3ccccc3)c2)c1)c1ccc2c(c1)OCOC2,0.19423202212340931,3.727357745544089,8.941734556895645
Cc1nn(C)c2ncc(C(=O)Nc3ccccc3C(F)(F)F)c(Cl)c12,0.7370677963847312,2.336956439796552,6.589709311927414
Cc1c(NS(C)(=O)=O)cccc1N(Cc1ccccc1)Cc1cccc(F)c1,0.6268985444452071,2.144145616717191,7.269058583829017
C#C[C@]1(O)CC[C@H]2[C@@H]3CCc4cc(O)ccc4[C@H]3CC[C@@]21C,0.7180018360911579,3.9347104482886746,5.638586213510419
COc1cc(C)c(Cl)cc1S(=O)(=O)Nc1ccc2c(c1)CCCN2C(=O)c1ccc(F)cc1,0.5359371497038254,2.3053161290101603,5.141256196263994
Cc1cc(C)c(S(=O)(=O)N[C@@H](C)CCc2ccccc2)c(C)c1,0.8720695812204569,2.3832889977393457,5.620349351972873
COc1ccc2[nH]c3c(C)c4ccncc4c(C)c3c2c1,0.5557652944545107,2.3624928512014005,4.332933928434541
Cc1ncccc1NC(=O)c1ccc2c(c1)CC[C@@H]1C[C@@](O)(C(F)(F)F)CC[C@@]21Cc1ccccc1,0.45654381025635765,3.7458478666866357,8.795065374401426
COC(=O)Nc1ccc(S(=O)(=O)N(Cc2ccccc2)c2ccc(Oc3ccccc3)cc2)cc1,0.3262185669785231,2.0697688990421845,5.6600027925426515
CCCCC1(CC(O)(C(=O)Nc2ccc3c(=O)onc(C)c3c2)C(F)(F)F)CCCc2ccccc21,0.4399310515890105,3.7909363852289886,7.82773902771248
Cc1ccc(Cn2nc(C)c3c(Cl)c(C(=O)Nc4ccc(C(F)(F)F)cc4)cnc32)nn1,0.4720500820118086,2.6480507657321493,7.001048531866789
COc1ccc(-n2nc(C)c3c(Cl)c(C(=O)Nc4ccc(C(C)C)cc4)cnc32)cc1,0.4327772107882016,2.240857019252264,6.588422400872748
COc1c(O)ccc2c1-c1ccc3c(c1/C(=C/c1oc(C)cc1C(=O)N(C)C)O2)C(C)=CC(C)(C)N3,0.46069327630590096,3.3899095570157494,8.375671802053672
COc1ccc(Cn2nnc(Cn3nc(C)c4c(Cl)c(C(=O)Nc5ccc(Cl)cc5)cnc43)c2C)cc1,0.3030271811645266,2.6569446369273884,6.57816797030068
Cc1ccc(-n2nc(C)c3c(Cl)c(C(=O)Nc4ccc(OC(F)(F)F)cc4)cnc32)cc1,0.4150472701520672,2.364693116639671,6.457333972836425
Cc1c(Cl)c(-c2cccc3cc[nH]c23)cc2c1NC(C)(C)[C@H](O)[C@H]2C,0.5426604769350967,3.7937448798353053,7.31761483166339
C=CCC1Oc2ccc(OCC)c(OC)c2-c2ccc3c(c21)C(C)=CC(C)(C)N3,0.6005747369882645,3.476092778765371,6.6329444791214325
C[C@H]1c2cc(-c3cccc4cc[nH]c34)c(F)c(F)c2NC(C)(C)[C@@H]1O,0.595843287839253,3.8335515687985158,7.608599473870186
Cc1nn(Cc2cnccn2)c2ncc(C(=O)Nc3ccc(C(F)(F)F)cc3)c(Cl)c12,0.4984920714547059,2.583100520578526,6.506778937662811
C[C@H](NC(=O)C(F)(F)F)[C@H](Oc1ccc2c(cnn2-c2ccc(F)cc2)c1)c1cccc(OS(=O)(=O)O)c1,0.24302446061042535,3.519228253641522,7.586612456977639
Cc1nn(CCCN(C)C)c2ncc(C(=O)Nc3ccc(C(F)(F)F)cc3)c(Cl)c12,0.6086115715872702,2.472950392963332,6.814777886174037
CCS(=O)(=O)Nc1cccc(N(Cc2ccccc2)Cc2ccccc2)c1C,0.5871711456432965,2.1125229292780467,6.861798261735316
CC(C)(CC(O)(Cc1cc2ccccc2[nH]1)C(F)(F)F)c1cccc2c1OCC2,0.6067232606817615,3.2665474796200726,7.981386163451269
CC(C)C[C@]1(CCO)C[C@H](CNC(=O)COCCOCCNC(=O)[C@@]2(O)[C@H](C)C[C@H]3[C@@H]4CCC5=CC(=O)C=C[C@]5(C)[C@@]4(F)[C@@H](O)C[C@@]32C)ON1Cc1ccccc1,0.14574164768195536,5.556522852091546,7.2090360213824445
N#Cc1cccc(S(=O)(=O)N2CCC3=Cc4c(cnn4-c4ccc(F)cc4)C[C@]3(C(=O)c3ccccn3)C2)c1,0.3521860250644291,3.5511594568148324,6.861315275987348
COc1ccc(F)cc1C(C)(C)CC(O)(Cc1cccc(C)c1)C(F)(F)F,0.6808822227910496,2.8900559558343026,6.781816048308176
CC1(C(=O)Nc2ccc([N+](=O)[O-])cc2O)CC2c3ccccc3C1c1ccccc12,0.37049851602432643,3.687713501595181,5.7802834279001365
CC(C)[C@H](NC(=O)C(F)(F)F)[C@H](Oc1ccc2c(cnn2-c2ccc(F)cc2)c1)c1ccccc1,0.32745542651432324,3.3700244971107454,7.650041342503791
O=C(c1ccco1)N1CCCc2cc(NS(=O)(=O)c3ccc4ccccc4c3)ccc21,0.5010916858565831,2.2477437036023975,5.648990406521885
O=S(=O)(c1ccccc1)N1CCC2=Cc3c(cnn3-c3ccc(F)cc3)C[C@]2(CN2CCOCC2)C1,0.528865550170446,3.2842658946683745,7.200266808905767
COc1ccc(F)cc1C(C)(C)CC(O)(Cc1ccccc1Br)C(F)(F)F,0.5652974434710537,2.973900186603535,6.7799691382135
CC(C)[C@H](NC(=O)C(C)(F)F)[C@H](Oc1ccc2c(cnn2-c2cc(C#N)c(=O)n(C)c2)c1)c1ccccc1,0.3690949530854293,3.8926616602349275,7.93485327668622
Oc1ccc2c(c1)CC[C@@H]1C[C@@](O)(C#CCl)CC[C@@]21Cc1ccccc1,0.7653178000558072,3.856737785148532,6.732459275020275
CCCSCC1=CC(C)(C)Nc2ccc(-c3ccccc3OC)cc21,0.6346771703217209,2.6034553531863924,6.046236358778603
Cc1nn(C(C)C)c2ncc(C(=O)Nc3ccc(C(C)C)cc3)c(Cl)c12,0.6729344499115546,2.351604787405156,7.048853490086057
CC1=CC(C)(C)Nc2ccc3c(c21)C(c1ccc(Cl)c(Cl)c1)Oc1ccccc1-3,0.4329193548331102,3.1607509192698524,6.926264750057835
CC(C)(O)c1ccc(-c2ccc3c(n2)Oc2c(F)cccc2[C@@H]3C(C)(C)C(=O)NC(N)=O)cc1,0.5242336443740804,3.4728876372877853,6.134918200059861
CC(C)(C(=O)Nc1nncs1)[C@H]1c2ccccc2Oc2nc(-c3ccc(C(=O)O)cc3)ccc21,0.41017394954756997,3.2747777398689415,5.71250123858297
CC(C)(C)c1ccc(S(=O)(=O)N2CCC3=Cc4c(cnn4-c4ccc(F)cc4)C[C@]3(CN3CCCCC3)C2)cc1,0.39360319580651837,3.382477833720995,7.679223363614165
CC(C)(C(=O)NC(=O)N1CCOCC1)[C@@H]1c2ccc(-c3ccc(C(=O)N4CCOCC4)cc3)nc2Oc2c(F)cccc21,0.48677792174443996,3.5347593161188904,5.99515355927774
CC(C)(C(=O)Nc1nncs1)[C@@H](c1ccccc1)c1ccc2c(cnn2-c2cccnc2)c1,0.38718319189197986,3.2495479624713246,6.894876744546241
Cc1noc(=O)c2ccc(NC(=O)C(O)(CC3CCCc4c(C#N)cccc43)C(F)(F)F)cc12,0.5916854982358752,3.805792682427656,5.60447286689048
Cc1nn(-c2ccccc2)c(C)c1S(=O)(=O)N[C@@H](C)COc1cccc2cnccc12,0.4764467054186703,2.850474082214065,7.017792733368763
COc1ccc(F)cc1C(C)(C)CC(O)(Cc1cc2cccnc2[nH]1)C(F)(F)F,0.567725605551682,3.247869453005336,7.5701580064167
C[C@]12C=CC(=O)C=C1[C@@H](F)C[C@H]1[C@@H]3C[C@H]4O[C@@H](c5ccc(Cc6cccc(N)c6)cc5)O[C@@]4(C(=O)O)[C@@]3(C)C[C@H](O)[C@@]12F,0.427215678973271,4.981353724836999,7.5419524037569
Cc1c(NS(C)(=O)=O)cccc1N(Cc1ccccc1)Cc1ccc(Oc2ccccc2)cc1,0.30767124885507235,2.1832941222503326,7.362459924300888
COc1ccc(NC(=O)O[C@@H]2[C@@H](C)c3c(cc(F)c(-c4cccc5cc[nH]c45)c3F)NC2(C)C)cc1Cl,0.2550246428740179,3.781063267435421,7.751159083755647
COc1ccc(S(=O)(=O)N(c2ccc3c(c2)CCCN3C(=O)c2ccco2)S(=O)(=O)c2ccc(OC)cc2)cc1,0.2981346414679979,2.623991834923739,4.32033730754038
COc1ccccc1Oc1ccc(CN(Cc2cc(F)cc(F)c2)c2c(Br)cc(CC(=O)O)cc2Br)cc1,0.18856695215856206,2.6315934794677016,5.945690676557809
C[C@]12C=CC(=O)C=C1[C@@H](F)C[C@H]1[C@@H]3C[C@H]4O[C@@H](c5ccc(Oc6ccc(N)cc6)cc5)O[C@@]4(C(=O)CO)[C@@]3(C)C[C@H](O)[C@@]12F,0.41755448006762363,4.993723807097776,8.32154880969336
Cc1ccc(F)cc1C(C)(C)CC(O)(Cc1cc2cc(OC(C)C)ncc2[nH]1)C(F)(F)F,0.4323759258349927,3.4765070315621642,7.903975451608523
Cc1ccc([C@@H](Oc2ccc(C(=O)N[C@@H]3CCCN(C(=O)[C@@H]4CCC(=O)O4)C3)nc2)[C@H](C)NC(=O)C(F)(F)F)cc1,0.46289597553375883,4.0365103631698585,7.370218597201468
COc1ccc(F)cc1C(C)(C)CC(O)(Cn1cnc2ccccc21)C(F)(F)F,0.5915378759613975,3.072200319607089,7.518291505650027
O=C(O)Cc1cc(Br)c(N(Cc2ccc(Oc3ccccc3C(F)(F)F)cc2)Cc2cc(F)cc(F)c2)c(Br)c1,0.17878543720502593,2.792047692006145,6.400258978958136
COc1cc(Cc2ccc([C@@H]3O[C@@H]4C[C@H]5[C@@H]6C[C@H](F)C7=CC(=O)C=C[C@]7(C)[C@@]6(F)[C@@H](O)C[C@]5(C)[C@]4(C(=O)CO)O3)cc2)ccc1N,0.39599314275636266,5.073622765924059,7.9192827887452175
Fc1ccc(-n2ncc3cc(-c4cccc(C(F)(F)F)c4)ccc32)cc1,0.4120189544639483,2.0667698221039945,5.549300276166134
C[C@]12CCC(=O)C=C1CC[C@@H]1[C@@H]2[C@@H](O)C[C@@]2(C)[C@H]1CC[C@]2(OC(=O)c1ccco1)C(=O)CSc1nc2ncccc2s1,0.2643494534487477,4.7673015635393305,8.097006918634465
Cc1cc(C)nc(Cn2nc(C)c3c(Cl)c(C(=O)Nc4ccc(Cl)cc4)cnc32)c1,0.46390875447376656,2.469982274496431,6.565734158592727
C[C@]12Cn3cnc(-c4ccc(F)cc4)c3C=C1CCC[C@@H]2[C@](C)(O)CCc1ccccc1,0.5175035079735694,3.9082864461075655,6.15253177649253
CCc1ccc(-c2ccc3c(n2)Oc2ccccc2[C@H]3C(C)(C)C(=O)Nc2nncs2)cc1,0.39464132903553895,3.2622386912162646,5.770105849032052
CC1(C)C/C(=N\O)c2c(cc(F)c(-c3cccc4cc[nH]c34)c2F)N1,0.43603768045178304,3.2333409065063137,7.519081600642932
C[C@]12Cc3cnn(-c4ccc(F)cc4)c3C=C1CCC[C@@H]2[C@@H](O)c1ccc(Cl)s1,0.5384179751657233,3.8092028520531764,8.092618286040187
CC(C)(C(=O)Nc1nncs1)[C@@H](c1ccccc1)c1ccc(O)c(Br)c1,0.6073688621278416,3.0906756583809116,6.0934733305529445
C[C@]12Cn3cnc(-c4ccc(F)cc4)c3C=C1CCC[C@@H]2[C@](C)(O)c1ccc(Cl)s1,0.5012910127333157,4.26269121530089,6.330426634299205
COc1c(O)ccc2c1-c1ccc3c(c1/C(=C/c1cccc(C)c1)O2)C(C)=CC(C)(C)N3,0.4701245990165424,2.9525678962420905,9.343420073925682
CC(C)(CC(O)(Cc1cc2cc(N3CCOCC3)ncc2[nH]1)C(F)(F)F)c1cccc(S(C)(=O)=O)c1,0.4842191258090435,3.454156683879164,7.339296140106873
C[C@]12Cc3cnn(-c4ccc(F)cc4)c3C=C1CCC[C@@H]2[C@H](O)c1ccc(F)nc1,0.6201381261870486,3.8293152371887142,7.959797612938029
CC1OC(=O)C(c2ccc(F)cc2)=C1c1ccc2c(c1)NC(=O)CO2,0.85447570103034,3.098101002653964,5.365511657320681
COc1cccc(CN(Cc2ccccc2)c2cccc(NS(C)(=O)=O)c2C)c1,0.5904360620268103,2.1334108877501183,6.632200331217009
C=CCC1Oc2ccc(C(=O)OC)c(OC)c2-c2ccc3c(c21)C(C)=CC(C)(C)N3,0.5171927655702876,3.527487761674232,6.614630434783656
COc1ccc(-c2ccc3c(n2)Oc2ccccc2[C@@H]3C(C)(C)C(=O)Nc2nncs2)cc1,0.4243021105639311,3.2307394199612025,5.77022808360489
O=c1[nH]c(N2CCC(c3ccccc3)CC2)c(Cc2cccc(Br)c2)c(=O)[nH]1,0.648744467525395,2.481906689961807,5.7859867970960295
Cc1cnc(Nc2ccc3c(c2)CCC2=C4C[C@H](O)C[C@]4(C)CC[C@]23C)c(C)n1,0.685118083462973,4.22544179506726,5.896050985542038
C[C@]12C=CC(=O)C=C1CC[C@H]1[C@@H]3C[C@H]4O[C@@H](c5ccc(Sc6ccc(Cl)c(N)c6)cc5)O[C@@]4(C(=O)CO)[C@@]3(C)C[C@H](O)[C@@]12F,0.35312940290872863,5.021371083557871,7.607301922552708
Cc1cc(C2=C(c3ccc(F)cc3)C(=O)NC2C)cc2c1OCC(=O)N2,0.8733173244045709,3.317420653112209,5.352311788335753
CC1=CC(C)(C)Nc2ccc3c(c21)C(c1ccc(Br)cc1)Oc1ccccc1-3,0.43893121777408745,3.113317730966637,6.804352827628691
COc1ccc(F)cc1C(C)(C)CC(O)(Cc1cc2ccncc2[nH]1)C1CCC1,0.5804529745720518,3.335448334320926,7.676837186351004
C[C@]12C=CC(=O)C=C1[C@@H](F)C[C@H]1[C@@H]3C[C@H]4CN(c5ccc(Cl)cc5)C[C@@]4(C(=O)CO)[C@@]3(C)C[C@H](O)[C@@]12F,0.6094922637784114,4.922923641452275,7.612239957997793
Cn1c(C#N)ccc1-c1ccc2c(c1)C(C)(c1ccsc1)OCC(=O)N2,0.7517546459463392,3.651657092607551,6.6193141927872166
CC(C)(CNS(=O)(=O)CC(F)(F)F)[C@@H](c1ccccc1)c1ccc2c(cnn2-c2ccc(F)cc2)c1,0.2992510722936139,3.292788795767277,6.97772952787874
CCN1CCOc2cc3[nH]c(=O)cc(C(F)(F)F)c3cc21,0.8802641741658813,2.654779429450736,5.727952233846447
CN1CCN(c2ncc(-c3ccc4c(n3)Oc3c(F)cccc3[C@@H]4C(C)(C)C(=O)NC(N)=O)cn2)CC1,0.5543574808625323,3.599239216722488,5.985530484093846
CCN(C[C@@](O)(CNC(=O)c1cnn(-c2ccc(F)cc2)c1N)C(F)(F)F)C(=O)c1c(C)cccc1F,0.3911550745976329,3.3475667847698247,7.935848412558711
Cc1cc(C)c(S(=O)(=O)NC(COc2ccccc2)C(F)(F)F)c(C)c1,0.8179711766453985,2.753723109833569,5.0869384595451885
N#Cc1ccc(S(=O)(=O)N(Cc2ccccc2)c2ccc(Oc3ccccc3)cc2)cc1,0.36705439720414423,2.0172952411552423,5.363272085211351
Cc1nn(Cc2ccncn2)c2ncc(C(=O)Nc3ccc(Cl)cc3)c(Cl)c12,0.5437282604014654,2.466576006201125,6.639639326382479
CCOC(=O)c1ccc(NC(=O)c2ccc(S(=O)(=O)NC3CCCCCC3)cc2)s1,0.4867427643455162,2.265851046312852,5.830305703054941
O=C(c1cncs1)[C@]12Cc3cnn(-c4ccc(F)cc4)c3C=C1CCN(S(=O)(=O)c1ccc(C(F)(F)F)cc1)C2,0.2306675707753623,3.7126290106763182,7.066996094035414
CC#C[C@@]1(O)CC[C@@]2(C)c3ccc(O)cc3CC[C@@H]2C1,0.7109749567046084,3.972479354812572,5.867583828995749
C[C@@]12C(=Cc3c(cnn3-c3ccc(F)cc3)C1O)CC[C@@]2(O)CCc1ccc(F)cc1C(N)=O,0.5328851829992051,4.101545290941896,8.507941641681668
C=CCSCC1=CC(C)(C)Nc2ccc(-c3ccccc3OC)cc21,0.5193942192390367,2.7686653206836844,6.164026691656891
CC1=CC(C)(C)Nc2ccc3c(c21)C(c1ccccc1)Oc1ccc(Cl)cc1-3,0.4805361795720726,3.0947154232743292,6.631232898111779
Cc1ccc([C@@H](Oc2ccc(C(=O)N[C@H]3CCCN(C(=O)[C@@H]4COC(=O)C4)C3)nc2)[C@H](C)NC(=O)C(F)(F)F)cc1,0.4630324353894633,4.029123318635445,7.827509253069413
COc1ccc(NC(=O)c2cnc3c(c(C)nn3-c3ccc(F)cc3)c2Cl)cc1,0.5252269104313774,2.1620926888758234,6.473872142029681
O=c1[nH]c(N2CCC(c3ccccc3)CC2)c(Cc2cccc(Cl)c2)c(=O)[nH]1,0.707406516534638,2.43684515150027,5.90676873645061
CCS(=O)(=O)c1ccc(-c2ccc3c(n2)Oc2ccccc2[C@@H]3C(C)(C)C(=O)NC(N)=O)cc1,0.5691269994963246,3.279197256632064,6.02393922419632
COc1ncc(C#N)cc1-c1ccc([C@@H](C)NS(=O)(=O)c2cn(C)nc2C(F)(F)F)cc1,0.5974513461402386,3.2255767496548176,5.829842537312508
Cc1cc(-c2cccc3cc[nH]c23)c(Cl)c2c1NC(C)(C)C(C)(C)C2=O,0.5373357025787798,3.2020004537106797,7.433872584513089
C=C1CCC(Br)C(C)(C)[C@H]1Cc1cc(OC)c(Br)cc1O,0.5219757795080732,3.777120028065987,5.357605445503158
CCc1cccc(C)c1C(=O)N(CC)C[C@@](O)(CNC(=O)c1cnn(-c2ccc(F)cc2)c1N)C(F)(F)F,0.362276444480228,3.393770927275936,8.017316683545687
CCC(Cc1cc(F)cc(F)c1)NS(=O)(=O)c1c(C)cc(C)cc1C,0.8320981687489691,2.7486264081292973,5.338466212606729
Cc1ccc(N(Cc2ccccc2)Cc2ccccc2)c(C)c1NS(C)(=O)=O,0.6211518920761505,2.1442297452468893,5.404475822256815
CNC(=O)C[C@H]1COc2ccccc2N1C(=O)c1ccc2c(c1)NC(=O)CO2,0.8411261954017135,3.048889846351252,5.704022650337482
CC(C)c1ccc([C@H]2C[C@@]3(C)[C@@H](CC[C@@]3(O)C#CC(C)(C)C)[C@@H]3CCC4=CC(=O)CCC4=C32)cc1,0.4546729222278966,4.420949021686903,7.51588183005269
CC(C)(CNC(=O)NCC(F)(F)F)[C@@H](c1ccccc1)c1ccc2c(cnn2-c2ccc(F)cc2)c1,0.2989288833411522,3.1774968902074896,7.09845150800154
CC#C[C@]1(O)CC[C@H]2[C@@H]3CCC4=CC(=O)CCC4=C3[C@@H](c3cc(C)c(OC)c(C)c3)C[C@@]21C,0.5721294071085444,4.465924382049721,8.353784662080225
O=C(c1cnccn1)[C@]12Cc3cnn(-c4ccc(F)cc4)c3C=C1CCN(S(=O)(=O)c1ccc(C(F)(F)F)cc1)C2,0.24916869727369048,3.6286272686550927,7.144451229192092
C[C@]12C=CC(=O)C=C1CC[C@@H]1[C@@H]2[C@@H](O)C[C@@]2(C)[C@H]1CC[C@]2(O)C(=O)CSc1ccc2ccccc2n1,0.5770008577297665,4.427891209099206,7.200200746797483
COc1cccc2c1-c1ccc(NS(C)(=O)=O)cc1C(c1cccc(Cl)c1)O2,0.6598570038444146,2.8139904597884478,8.058856821105735
C[C@]12Cc3cnn(-c4ccccc4)c3C=C1CC[C@@H]1[C@@H]2[C@@H](O)C[C@@]2(C)[C@H]1CC[C@]2(O)C(=O)CSc1nc2ccccc2s1,0.24354965910013607,4.532848611743239,8.081962034769282
CO/N=C1/c2c(cc(F)c(-c3cccc4c(C)c[nH]c34)c2F)NC(C)(C)C1O,0.5750699305053846,3.843561165032572,7.576484416829552
CCCCc1ccc(S(=O)(=O)Nc2ccc3c(c2)CCCN3C(=O)c2ccco2)cc1,0.5619339129484462,2.2518191746482064,5.034636914387328
C=C1C[C@H](C)C[C@@H](C)[C@@H]1Cc1cc(OC)c(Br)cc1O,0.7902438006375345,3.843091167999386,5.707291543904105
C=C1CCCC(C)(C)C1Cc1cc(OC)c(Br)cc1O,0.7776092416985738,3.3123496355415654,5.563341363423898
COc1ccccc1/C=C1\Oc2ccc(F)cc2-c2ccc3c(c21)C(C)=CC(C)(C)N3,0.490609786724746,2.775998458847152,6.813326017670345
C[C@@H]1C[C@H]2[C@@H]3CCC4=CC(=O)C=C[C@]4(C)[C@H]3[C@@H](O)C[C@]2(C)[C@@]1(O)C(=O)CSc1nc2ccccc2s1,0.534986749586204,4.577703097399854,8.211115586302656
Cc1nn(C)c2ncc(C(=O)NC3CCCC3)c(Cl)c12,0.9253768687428423,2.3233539822046243,5.599748701281147
C=C1C(C)=CCC(C)(C)[C@@H]1Cc1cc(OC)c(Br)cc1OC(C)=O,0.5024472440329758,3.590082028755531,5.64127601505047
CC#C[C@]1(O)CC[C@H]2[C@@H]3CCC4=CC(=O)CC[C@]4(C)[C@H]3[C@@H](c3ccc(N(C)CCOC)cc3)C[C@@]21C,0.5353251703367204,4.614500899525262,7.586189667984102
COc1nc(C2=NN(c3ccc(C#N)c(C)n3)[C@@H](C3CCCC3)C2)ccc1C(=O)O,0.809546785339959,3.4423465154222566,5.177139787623703
C[C@H]1c2c(cc(F)c(-c3cccc4cc[nH]c34)c2F)NC(C)(C)[C@@H]1OC(=O)N1CCCCC1,0.4712792934257127,3.8095275469702576,6.596673486113879
Cc1nn(-c2ccccc2)c2ncc(C(=O)Nc3ccccc3)c(Cl)c12,0.5774466900438114,2.039199335617507,6.352749689381175
Cc1cccc(Cc2c(=O)[nH]c(=O)[nH]c2[C@H]2CC[C@@H](c3ccccc3)CC2)c1,0.7105790614815056,2.393501561756679,5.813225940246171
CS(=O)(=O)c1ccccc1Cc1c(=O)[nH]c(=O)[nH]c1[C@H]1CC[C@@H](c2ccccc2)CC1,0.6367261307044351,2.586779752553447,5.456239771821115
O=S(=O)(Nc1ccc(Oc2ccccc2)cc1)c1cccc(C(F)(F)F)c1,0.6401195589321378,1.8390830468582653,5.282950715502598
O=C(c1ccccn1)[C@]12Cc3cnn(-c4ccc(F)cc4)c3C=C1CCN(S(=O)(=O)c1ccc(F)c(F)c1)C2,0.33967111721556903,3.5178622523301284,7.20963336187079
C=C1C=C(C)CC(C)(C)C1(O)Cc1ccc([N+](=O)[O-])cc1,0.6790208995177964,3.5151085045383414,5.600419391679946
C[C@]12Cn3cnc(-c4ccc(F)cc4)c3C=C1CCC[C@@H]2[C@](C)(O)c1cccnc1,0.654298881201641,4.0897050404087505,6.127226938885566
C[C@H]1c2c(cc(F)c(-c3cccc4cc[nH]c34)c2F)NC(C)(C)[C@@H]1OC(=O)Nc1ccc(C#N)cc1,0.29351213141524074,3.8115303319159644,7.797605789450135
COc1ccc(F)cc1C(C)(C)CC(O)(Cc1cc2ccncc2[nH]1)C(C)C,0.6020625741539555,3.3625457804171877,7.498675344281616
O=C(c1ccco1)N1CCCc2cc(N(S(=O)(=O)c3ccccc3)S(=O)(=O)c3ccccc3)ccc21,0.3703786872335601,2.5266434425476945,4.485532479971565
Cc1ccncc1Nc1ccc2c(c1)CC[C@@H]1C3=CC(=O)C[C@]3(C)CC[C@@]21Cc1ccccc1,0.47316024453590044,3.9230473741218743,5.805784794464063
CC#C[C@]1(O)CC[C@H]2[C@@H]3CCC4=CC(=O)CCC4=C3[C@@H](c3c(OC)cc(OC)cc3OC)C[C@@]21C,0.5924095876009619,4.47423463239431,7.0978651520639175
CC(C)(C(=O)Nc1nncs1)C(Cc1ccccc1)c1ccc2c(cnn2-c2ccc(F)cc2)c1,0.3065400645400738,3.1968475982936075,6.894662837596764
CC(C)(C(=O)NC(N)=O)[C@@H]1c2ccc(-c3ccc(S(C)(=O)=O)cc3)nc2Oc2c(F)cccc21,0.5816165762574758,3.3802315578833184,6.009047844038698
CCN1CCC(n2nc(C)c3c(Cl)c(C(=O)Nc4ccc(Cl)cc4)cnc32)CC1,0.6334900262828984,2.394387247975258,6.61048923377363
Cc1noc(=O)c2ccc(NC(=O)C(O)(CC3CCCc4c(N)cccc43)C(F)(F)F)cc12,0.5085865283259533,3.757805724375979,5.977857472179778
CC1(C)O[C@@H]2CC3C4C[C@H](F)C5=CC(=O)C=C[C@]5(C)[C@@]4(F)[C@@H](O)C[C@]3(C)[C@]2(C(=O)CSC(CCO)C(=O)[O-])O1,0.4691828140556389,5.552439032378291,7.947690368186819
CN(C)C[C@]12Cc3cnn(-c4ccc(F)cc4)c3C=C1CCN(S(=O)(=O)c1ccccc1)C2,0.5767226499154394,3.2428627742552862,7.941173732980395
C=CCCC1Oc2cccc(OC)c2-c2ccc3c(c21)C(C)=CC(C)(C)N3,0.6419169466065983,3.4391168870083924,6.4355321246908614
C[C@](c1ccc(F)cc1F)(c1c[nH]c2c(NS(C)(=O)=O)cccc12)C1CC1,0.6721751820191927,3.2293460805744285,6.890905974793119
COc1ccc(F)cc1C(C)(C)CC(O)(Cc1c(C)ccc2ccccc12)C(F)(F)F,0.4489336934198366,3.043287543752527,7.067942713564454
CNc1cccc(C2Oc3cccc(OC)c3-c3ccc(NS(C)(=O)=O)cc32)c1,0.6573647984873693,2.9250404127032468,7.811090616858058
CCc1nn(-c2ccccc2)c2ncc(C(=O)Nc3ccc(C(F)(F)F)cc3)c(Cl)c12,0.4255606243242661,2.397466568323882,6.050701669960424
COc1ccc(F)cc1C(C)(C)CC(O)(Cc1cc2ccccn2n1)C(F)(F)F,0.6002540878862873,3.3745021696557735,6.481026879283963
CC(C)(c1nc2cncnc2[nH]1)[C@@H]1c2ccc(-c3ccc(S(C)(=O)=O)cc3)nc2Oc2c(F)cccc21,0.35138045483458796,3.692558477077517,5.69324616180122
COc1ccc(F)cc1C(C)(C)CC(O)(Cc1cc2cc(C)ccc2[nH]1)C(F)(F)F,0.4903528929159711,3.144905308785754,7.40742117952772
O=c1[nH]c(=O)c(Cc2c(Cl)cccc2Cl)c([C@H]2CC[C@@H](c3ccccc3)CC2)[nH]1,0.5831917011318996,2.5146979150337376,5.745347702396482
C#Cc1ccc(NC(=O)c2cnc3c(c(C)nn3C3CCN(Cc4ccc(N=[N+]=[N-])cc4)CC3)c2Cl)cc1,0.13587154904705628,2.9546830381641698,5.887599728272402
Cc1ccncc1Nc1ccc2c(c1)CCC1=C3C[C@H](O)C[C@]3(C)CC[C@]12Cc1ccccc1,0.4291554299600361,4.003238982513482,6.248398534505691
CC(C)(O)CNC(=O)NC(=O)C(C)(C)[C@@H]1c2ccc(-c3ccc(C(=O)N4CCOCC4)cc3)nc2Oc2c(F)cccc21,0.3920218205988113,3.607738847075738,6.359783440869632
Cc1nn(-c2ccccc2)c2ncc(C(=O)Nc3ccc(C4CCCCC4)cc3)c(Cl)c12,0.3814385735824183,2.2984004520733556,5.933465411456081
C[C@@H]1C[C@H]2[C@@H]3C[C@H](F)C4=CC(=O)C=C[C@]4(C)[C@@]3(F)[C@@H](O)C[C@]2(C)[C@@]1(O)C(=O)SCCCCCCCCCCP(=O)(O)O,0.155923476673547,5.16131326171243,8.820581953984835
CS(=O)(=O)Nc1ccc2c(c1)C(c1ccccc1)Oc1cccc(-c3cccs3)c1-2,0.4335807745207583,2.9278561487503865,6.300789373906431
COc1cc(F)ccc1-c1c(CN(C)Cc2ccccc2)[nH]c2c(NS(C)(=O)=O)cc(C(C)(C)C)cc12,0.28492308161068985,2.790032238737343,7.979603691856931
CCc1ccc([C@@H](Oc2ccc3c(cnn3-c3ccc(F)cc3)c2)[C@H](C)NC(=O)C(C)(C)C)cc1,0.33798140467463256,3.2254946697952036,10.126834380770775
O=C(O)Cc1cc(Br)c(N(Cc2ccc(Oc3ccccc3)cc2)Cc2cc(F)cc(F)c2)c(Br)c1,0.2063158448290806,2.5616702316352473,6.101778493991492
Cc1cc(C)c(S(=O)(=O)NC(C)Cc2c[nH]c3ccc(F)cc23)c(C)c1,0.7049328163949514,2.747511758649541,6.894851419015031
Cc1nn(C2CCCC2)c(C)c1S(=O)(=O)N[C@@H](C)COc1cccc2cnccc12,0.6165920364299627,3.042221990535377,7.244976876463938
O=c1[nH]c(N2CCC(c3ccccc3)CC2)c(Cc2ccccc2)c(=O)[nH]1,0.750434646141214,2.3286554652460065,5.72913294665527
CC(C)(CC(O)(Cc1cc2ccccc2[nH]1)C(F)(F)F)c1cc(Br)cc2c1OCC2,0.4639839806787302,3.3993657968920257,7.705330300852752
Cc1c(NS(C)(=O)=O)cccc1N(Cc1ccccc1)Cc1ccc(Oc2cccc(OCCCC(=O)O)c2)cc1,0.16333706947532162,2.488299264048729,7.962724747437378
COc1ccc(Cn2cnc3c(Cl)c(C(=O)Nc4ccc(C(F)(F)F)cc4)cnc32)cc1,0.4319711177552986,2.353177127011323,5.553065780217863
Cc1ncccc1NC(=O)c1ccc2c(c1)C=C[C@@H]1C[C@@](O)(C(F)(F)F)CC[C@@]21Cc1ccccc1,0.45307573792538003,3.941753296550888,8.193711647935737
CNC(=O)O[C@@H]1[C@@H](C)c2c(cc(F)c(-c3cccc4c(Cl)c[nH]c34)c2F)NC1(C)C,0.47825150046071513,3.9421496161961844,7.889440725421483
Cc1cc(O)c(C(=O)/C=C/c2ccnc(F)c2)c(=O)o1,0.5267048700884613,2.7488539772096203,5.509959245673261
O=C(Nc1ccc(C(F)(F)F)cc1)c1cnc2c(cnn2Cc2nccn2Cc2ccccc2)c1Cl,0.3201259118408953,2.586173838365468,6.794255158622487
Cc1noc(=O)c2ccc(NC(=O)C(O)(CC3CCCc4cccc(F)c43)C(F)(F)F)cc12,0.5595154352650922,3.735419080250873,6.093877026699538
CC(C)(CC(O)(Cc1cc2cc(S(C)(=O)=O)ncc2[nH]1)C(F)(F)F)c1ccc(F)cc1C(N)=O,0.42798092447817654,3.617002624880838,6.95716901726467
C[C@]12C=CC(=O)C=C1[C@@H](F)C[C@H]1[C@@H]3C[C@H]4CN(Cc5cccnc5)C[C@@]4(C(=O)CO)[C@@]3(C)C[C@H](O)[C@@]12F,0.6448715160076012,4.957249819899756,7.7549856981857905
C=Cc1c(-c2cccc3cc[nH]c23)cc(C)c2c1[C@H](C)[C@@H](O)C(C)(C)N2,0.5772844599836516,3.8949339190755,6.483200149023337
CC(C)(C(=O)Nc1nncs1)C(c1ccccc1)c1ccc2c(cnn2CCO)c1,0.4748576745160397,3.2416284453391224,5.827506277543823
COc1cc(C)c(Cl)cc1S(=O)(=O)Nc1ccc2c(c1)CCCN2C(=O)c1ccc(C(F)(F)F)cc1,0.4276724420529362,2.4517487178549118,5.388233173185356
CC(C)[C@H](NC(=O)C(C)(F)F)[C@H](Oc1ccc2c(cnn2-c2ccc(=O)n(C)c2)c1)c1ccc(C(F)(F)F)cc1,0.2814036365234381,3.880377512622962,7.101020093637023
CC1=CC(C)(C)Nc2ccc3c(c21)C(c1cccc(Cl)c1)Oc1ccccc1-3,0.4805361795720726,3.1124194617358683,6.756303701446781
Cc1ccc(F)cc1C(C)(C)CC(O)(Cc1cc2cc(N)ncc2[nH]1)C(F)(F)F,0.5302909532516961,3.432644915517507,8.046399188774542
CCNC[C@]12Cc3cnn(-c4ccc(F)cc4)c3C=C1CCN(S(=O)(=O)c1ccc(C(C)(C)C)cc1)C2,0.4981452177304938,3.379882855775742,7.6491407574946075
CC(C)C(=O)OCC(=O)[C@@]12O[C@H](C3CCCCC3)O[C@@H]1C[C@H]1[C@@H]3CCC4=CC(=O)C=C[C@]4(C)[C@H]3[C@@H](O)C[C@@]12C,0.5046539264256359,4.892733027946083,8.412997849669098
CC(C)(C(=O)Nc1nncs1)C(c1ccccc1)c1cc(-c2ccc(F)cc2)c2ncccc2c1,0.2927829223836873,3.1591298526728915,6.146222354821282
COc1ccc(S(=O)(=O)N2CCC3=Cc4c(cnn4-c4ccc(F)cc4)C[C@]3(C)C2)cc1,0.5977074298329021,3.1406521336872313,7.87160150850738
O=S(=O)(c1ccc(Cl)cc1)N(Cc1ccccc1)c1ccc(Oc2ccccc2)cc1,0.32204268783707113,1.883140626679321,5.562978079709603
C#C[C@]1(O)CC[C@H]2[C@@H]3CCC4=CC(=O)CCC4=C3[C@@H](c3ccc(N(C)C(=O)CNC(=O)OC4CC[C@@]5(C)[C@@H](C4)C[C@@H](O)[C@@H]4[C@@H]5C[C@H](O)[C@]5(C)[C@@H]([C@H](C)CCC(=O)O)CC[C@@H]45)cc3)C[C@@]21C,0.15361487334106624,6.0354825551669915,7.924726423313919
CC(C)(CC(O)(Cc1cc2cc(N3CCOCC3)ncc2[nH]1)C(F)(F)F)c1ccccc1S(N)(=O)=O,0.4346592178618526,3.5258210195435,7.424437190925813
COc1ccc(F)cc1C(C)(C)CC(O)(Cc1cc(C)cc(Cl)c1)C(F)(F)F,0.5828269997517987,3.0609773515487575,7.209889981221587
COCC[C@@]12CC[C@@]3(C)C[C@H](O)CC3=C1CCc1cc(Nc3cccnc3C)ccc12,0.6202408695516953,4.19436982815503,6.414823448271201
Cc1noc(=O)c2ccc(NC(=O)C(O)(Cc3ccccc3)CC(C)(C)c3ccccc3)cc12,0.41766359766520345,3.048807721034682,7.212533526853981
CC(C)(C(=O)Nc1nncs1)C(c1ccccc1)c1ccn2c(-c3ccccc3)ncc2c1,0.3605999765570461,3.373411904779016,5.710904748995344
C#C[C@]1(O)CC[C@H]2[C@@H]3CCC4=CC(=O)CCC4=C3[C@@H](c3ccc(N(C)C(=O)CC[C@H](NC(=O)CC[C@@H](C)[C@H]4CC[C@H]5[C@@H]6[C@H](O)C[C@@H]7C[C@H](O)CC[C@]7(C)[C@H]6C[C@H](O)[C@]45C)C(=O)O)cc3)C[C@@]21C,0.12151683494078785,6.1073774144424045,7.551754465440992
COc1ccc([C@@H](Oc2ccc(C#N)c(Cl)c2)[C@H](C)NC(=O)C(C)(F)F)cn1,0.7493988346943734,3.479127662533612,8.012386832610227
Cc1cccc(-n2ncc3c(NC[C@H](C)NS(=O)(=O)c4c(C)cc(C)cc4C)cccc32)c1,0.4035165612583632,2.963965019327512,8.430769408338541
CO/N=C1\CC(C)(C)Nc2cc(F)c(-c3cccc4cc[nH]c34)c(F)c21,0.631558654318431,3.265298614858814,7.62228726712261
COc1ccc([C@@H](Oc2ccc3c(cnn3-c3ccc(F)cc3)c2)[C@H](C)NC(=O)C(C)(C)C)cc1,0.3644938634717432,3.1949596619459104,9.791670974513018
O[C@@]1(c2ccccc2)CCCC[C@@]12C=Cc1c(cnn1-c1ccc(F)cc1)C2,0.6832154598145449,4.036289013298928,7.700864447415037
Cc1ccc(-n2nc(C)c3c(Cl)c(C(=O)Nc4ccc(C(F)(F)F)cc4)cnc32)cc1,0.4237353618950961,2.305616583745511,6.4773339728364245
Cc1cnc(C(=O)[C@]23Cc4cnn(-c5ccc(F)cc5)c4C=C2CCN(S(=O)(=O)c2cccc(C(F)(F)F)c2)C3)s1,0.21628883531858176,3.7434071510216,7.626108490856354
N#Cc1ccc(S(=O)(=O)N(Cc2cccc(Cl)c2)c2ccc(Oc3ccccc3)cc2)cc1,0.31048610172918467,2.123332057543868,5.258411209303451
COc1ccccc1-c1ccc2c(c1)C(C(C)OCCC1CCCCC1)=CC(C)(C)N2,0.509628710868492,3.2037775610386108,6.431757303895251
C[C@@]1(C(=O)Nc2nccs2)CC2c3ccccc3C1c1ccccc12,0.7261515379105239,3.648083420585607,5.703579794703737
CC(C)(CC(O)(Cc1cc2cc(S(C)(=O)=O)ncc2[nH]1)C(F)(F)F)c1ccccc1S(C)(=O)=O,0.4939260691621301,3.584231855650069,7.431904847577425
CC(=O)N[C@@H](Cc1cnc[nH]1)C(=O)N[C@@H](CO)C(=O)N[C@@H](CCC(N)=O)C(=O)NCC(=O)N[C@H](C(=O)N[C@@H](Cc1ccccc1)C(=O)N[C@H](C(=O)N[C@@H](CO)C(=O)N[C@@H](CC(=O)O)C(=O)N[C@@H](Cc1ccc(O)cc1)C(=O)N[C@@H](CO)C(=O)N[C@@H](CCCCN)C(=O)N[C@@H](Cc1ccc(O)cc1)C(=O)N[C@@H](CC(C)C)C(=O)N[C@@H](CC(=O)O)C(=O)N[C@@H](CO)C(=O)N[C@@H](CCCNC(=N)N)C(=O)N[C@@H](CCCNC(=N)N)C(=O)N[C@@H](C)C(=O)N[C@@H](CCC(N)=O)C(=O)N[C@@H](CC(=O)O)C(=O)N[C@@H](Cc1ccccc1)C(=O)N[C@H](C(=O)N[C@@H](CCC(N)=O)C(=O)N[C@@H](Cc1c[nH]c2ccccc12)C(=O)N[C@@H](CC(C)C)C(=O)N[C@@H](CC(C)C)CN(CC(=O)N[C@H](C(N)=O)[C@@H](C)O)S(=O)(=O)CCN)C(C)C)[C@@H](C)O)[C@@H](C)O,0.009561341131882348,9.623109144618255,5.987959359062007
COCCOC[C@]12Cc3cnn(-c4ccc(F)cc4)c3C=C1CCN(S(=O)(=O)c1ccc(C)cc1)C2,0.4276369232044204,3.30771021772396,7.963713039300719
COc1ccc(NC(=O)c2cnc3c(c(C)nn3Cc3cc(OC)ncn3)c2Cl)cc1,0.49086088008185036,2.5474016057002977,6.629244355818465
COc1cc(NS(C)(=O)=O)c2[nH]c(C)c(-c3ccccc3)c2c1,0.7686299805007957,2.275356359512296,6.236274436318199
CC(C)N(c1ccccc1)S(=O)(=O)c1ccc(-c2ccc3c(cnn3-c3ccc(F)cc3)c2)c(C(F)(F)F)c1,0.20528915772260936,2.650220113337756,7.514326608889718
CC(C)(C(=O)NC(N)=O)[C@@H]1c2ccc(-c3ccc(C(=O)N4CC[C@H](F)C4)cc3)nc2Oc2c(F)cccc21,0.5246923589088127,3.7820970365567197,5.946229239880508
C=C1CC[C@@H](Br)C(C)(C)[C@@H]1Cc1cc(OC)c(Br)cc1O,0.5219757795080732,3.777120028065987,5.357605445503158
O=C(O)Cc1cc(Br)c(N(Cc2ccc(Oc3ccc(F)cc3F)cc2)Cc2cc(F)cc(F)c2)c(Br)c1,0.18459694682109568,2.706661656291759,7.696054046766141
CC(C)CNS(=O)(=O)c1ccc(-c2ccc3c(cnn3-c3ccc(F)cc3)c2)c(C(F)(F)F)c1,0.34771475019521636,2.501514480311723,5.041176425362551
C[C@]12Cc3cnn(-c4ccc(F)cc4)c3C=C1CC[C@@H]2[C@@H](O)c1ccsc1,0.6812944047895505,3.7742421628483367,8.349648531370338
Cc1noc(=O)c2ccc(NC(=O)C(O)(CC3CCCCC3)CC(C)(C)c3ccccc3)cc12,0.48333129271441627,3.2581745479577595,7.458414828774946
CC(C)(C[C@@](O)(Cc1cc2cnccc2[nH]1)C(F)(F)F)c1cc(F)ccc1O,0.5518316233119286,3.342137538658946,8.477637806567822
CC1(C)OC(S)=Nc2ccc(-c3csc(C#N)c3)cc21,0.7897554676603314,3.432660850336492,5.93606750270395
O=S(=O)(Nc1ccc(-c2ccc3c(cnn3-c3ccc(F)cc3)c2)c(C(F)(F)F)c1)c1ccccc1,0.26882639300386196,2.3787530370651133,5.520292409606919
Cc1ccc(-n2cc3c(n2)C=C2CC[C@@H]4[C@H]([C@@H](O)C[C@@]5(C)[C@H]4CC[C@]5(O)C(=O)CO)[C@@]2(C)C3)cc1,0.6288993421336645,4.517639445092145,7.869769512648059
C[C@]12CCC(=O)C[C@@H]1CC[C@@H]1[C@@H]2CC[C@]2(C)[C@@H](O)CC[C@@H]12,0.7329727353787588,3.9936281917300116,6.159152261069209
Cc1nn(Cc2nccs2)c2ncc(C(=O)Nc3ccc(Cl)cc3)c(Cl)c12,0.5166974925882781,2.4816604273724874,6.580410311222938
CCOc1ccccc1-c1ccc2c(cnn2-c2ccc(F)cc2)c1,0.5114873474444787,1.9650636703178428,5.117230617302616
CC(=O)O[C@]1(C(C)=O)CC[C@H]2[C@@H]3C[C@H](C)C4=CC(=O)CC[C@]4(C)[C@H]3CC[C@@]21C,0.6479725905950843,4.402755826246651,7.798027829547713
Cc1nn(C2CCCC2)c2ncc(C(=O)Nc3ccc(C(C)C)cc3)c(Cl)c12,0.5981579315462116,2.355134711167043,6.749763818622463
Cc1cc(C)c(S(=O)(=O)NC(CSc2ccccc2)C(F)(F)F)c(C)c1,0.7165543806602657,2.8872791537896134,5.043906921514931
COc1ccc(-n2ncc3c2C=C2CC[C@@H]4[C@H]([C@@H](O)C[C@@]5(C)[C@H]4CC[C@]5(O)C(=O)CSc4nc5ccccc5s4)[C@@]2(C)C3)cc1,0.2253128520585274,4.5732086216591075,7.473642356539491
COc1ccc(F)cc1C(C)(C)CC(O)(Cc1ccc(C=O)cc1)C(F)(F)F,0.5357595802301364,3.0055758463512543,7.252805360634878
CNC(=O)NC(=O)C(C)(C)[C@@H]1c2ccc(-c3cnc(N4CCN(C)CC4)nc3)nc2Oc2c(F)cccc21,0.5407856176449729,3.6247523375905093,6.012898168081307
C[C@H]1C[C@H]2[C@@H]3CCC4=CC(=O)C=C[C@]4(C)[C@@]3(F)[C@@H](O)C[C@]2(C)[C@@]1(OC(=O)NC1CCCCC1)C(=O)CO,0.5203687564161562,4.730548111535684,8.412027176261459
C[C@]12C=CC(=O)C=C1[C@@H](F)C[C@H]1[C@@H]3C[C@H]4CN(c5ccccc5)C[C@@]4(C(=O)CF)[C@@]3(C)C[C@H](O)[C@@]12F,0.6618759388453087,4.964829571001763,7.961403165488028
C[C@H]1C[C@H](C)OC2(CCC3=Cc4c(cnn4-c4ccc(F)cc4)C[C@@]32C)O1,0.7343977086813747,4.430160049720973,8.232839208373235
Cc1ncccc1NC(=O)c1ccc2c(c1)CC[C@@H]1C[C@@](O)(C(F)F)CC[C@@]21Cc1ccccc1,0.48452034587727383,3.80790758924343,8.283385056204523
COc1ccc(F)cc1C(C)(C)CC(O)(Cc1cc2ccccc2[nH]1)C(F)(F)F,0.5268299269868365,3.069196230025783,8.03665509268972
COc1c(O)ccc2c1-c1ccc3c(c1/C(=C/c1sccc1C(=O)N1CCCCC1)O2)C(C)=CC(C)(C)N3,0.37457874691733334,3.2642013515022077,8.739261796749604
C[C@@H]1CC[C@H]([C@@H](O)C(F)(F)F)N1c1ccc2[nH]c(=O)cc(C(F)(F)F)c2c1,0.7617453513269903,3.9332782575228933,5.545411151201154
C#C[C@]1(O)CC[C@H]2[C@@H]3CCC4=CC(=O)CCC4=C3[C@@H](c3ccc(N(C)CCOC4CC[C@@]5(C)[C@@H](C4)C[C@@H](O)[C@@H]4[C@@H]5CC[C@]5(C)[C@@H]([C@H](C)CCC(=O)O)CC[C@@H]45)cc3)C[C@@]21C,0.20195893728703318,5.809523554570031,8.053770362955532
CC(C)(C(=O)Nc1nccs1)C(c1ccccc1)c1ccc(O)cc1,0.7026979964532806,2.786511836890151,5.7572152506236725
Cc1ncccc1Nc1ccc2c(c1)CCC1=C3C[C@H](O)C[C@]3(C)CC[C@]12Cc1ccccc1,0.4291554299600361,3.9952445769190774,6.746632385347693
C[C@]12C=CC(=O)C=C1CC[C@H]1[C@@H]3C[C@H]4O[C@@H](c5ccc(Cc6cccc(N)c6)cc5)O[C@@]4(C(=O)CO)[C@@]3(C)C[C@H](O)[C@@]12F,0.43927804011527344,4.8653731633146755,7.858255995250139
Cc1c[nH]c2c(-c3c(F)cc4c(c3F)/C(=N/OC(C)(C)C)CC(C)(C)N4)cccc12,0.47079771857204983,3.3250308807682103,7.747352599728202
C[C@@H]1C[C@H]2[C@@H]3CCC4=CC(=O)C=C[C@]4(C)[C@@]3(F)[C@@H](O)C[C@]2(C)[C@@]1(O)C(=O)CSc1nc2ccccc2s1,0.5107220730768546,4.641940344545393,8.249464282698716
CNC(=O)c1ccc(N2C(=S)N(c3ccc(C#N)c(C(F)(F)F)c3)C(=O)C2(C)C)cc1F,0.5492417106050057,2.8372388464683347,5.0141352974552005
CCN(C[C@@](O)(CNC(=O)c1cnn(-c2ccc(F)cc2)c1N)C(F)(F)F)C(=O)c1ccccc1C,0.40582759611979674,3.1910069621723007,7.935820408159839
COc1cc(NS(C)(=O)=O)c2[nH]c(C)c(-c3cc(F)ccc3OC)c2c1,0.7098476184957336,2.492420172020541,7.361194215117782
C[C@]12C=CC(=O)C=C1CC[C@@H]1[C@@H]2[C@@H](O)C[C@@]2(C)[C@H]1C[C@H]1O[C@@H](c3ccc(Cc4cccc(N)c4)cc3)O[C@]12C(=O)CO,0.4550592531584339,4.804287286140014,8.173570769534427
C[C@@H]1C[C@H]2[C@@H]3CCC4=CC(=O)C=C[C@]4(C)[C@H]3[C@@H](O)C[C@]2(C)[C@@]1(O)C(=O)CSc1nnc(-c2ccccc2)o1,0.5330366984602565,4.573342489661906,8.141785926509556
C[C@]12Cc3cnn(-c4ccccc4)c3C=C1CC[C@@H]1[C@@H]2[C@@H](O)C[C@@]2(C)[C@H]1CC[C@]2(O)C(=O)CSc1ccc2ccccc2n1,0.24734407252132565,4.544814964144756,8.270033499209136
C[C@]12Cc3cnn(-c4ccc(F)cc4)c3C=C1CCC[C@@H]2[C@@H](O)c1ccccc1,0.6441297963490832,3.530954579843459,7.901093249807634
C#COc1ccc2c(c1OC)-c1ccc3c(c1[C@H](CC=C)O2)C(C)=CC(C)(C)N3,0.5198371763238544,3.860138932611524,6.621656700737697
CC(C)(C)CC(=O)NCC(C)(C)[C@@H](c1ccccc1)c1ccc2c(cnn2-c2ccc(F)cc2)c1,0.3194846563993487,3.105368782060335,7.000736426251056
C[C@@H]1C[C@H]2[C@@H]3CCC4=CC(=O)C=C[C@]4(C)[C@H]3[C@@H](O)C[C@]2(C)[C@@]1(O)C(=O)CSc1cnc2ccccc2n1,0.5730496064132298,4.648506099701366,7.559100836681079
Cc1cc(C)c(S(=O)(=O)NC(Cc2c[nH]c3cc(C)ccc23)C(F)(F)F)c(C)c1,0.6148914663023146,3.0140561581210576,5.764227628181079
Cc1nn(Cc2ccccn2)c2ncc(C(=O)Nc3ccc(Cl)cc3)c(Cl)c12,0.5255658758772256,2.298390236970354,6.565865259752401
COc1ccc(F)cc1C(C)(C)CC(O)(Cc1cc2cnccc2[nH]1)C(C)(C)C,0.5845575394954984,3.2905646818271475,8.369186966575793
C[C@]12C=CC(=O)C=C1CC[C@@H]1[C@@H]2[C@@H](O)C[C@@]2(C)[C@H]1C[C@H]1O[C@@H](c3ccc(CN4CCNCC4)cc3)O[C@]12C(=O)CO,0.5030236053093767,4.841786838013228,7.4918855852983475
COc1ccccc1-c1ccc2c(c1)C(C(C)OCCc1ccc(Cl)cc1)=CC(C)(C)N2,0.4133145361048574,3.087822209764999,6.596571908692866
Cc1ccc([C@@H](Oc2ccc(C(=O)N[C@H]3CCCN(C(=O)[C@H]4COC(=O)C4)C3)nc2)[C@H](C)NC(=O)C(F)(F)F)cc1,0.4630324353894633,4.029123318635445,7.827509253069413
COc1ccc(F)cc1C(C)(C)CC(O)(Cc1cccc2ccccc12)C(F)(F)F,0.48192164323163983,2.899370724670682,6.943577331353436
O=C(c1ccco1)N1CCCc2cc(NS(=O)(=O)c3ccc4c(c3)CCO4)ccc21,0.6912203774797236,2.421871380218297,5.572730161277303
Cn1c(SCC(=O)[C@@]2(O)CC[C@H]3[C@@H]4CCC5=Cc6c(cnn6-c6ccccc6)C[C@]5(C)[C@H]4[C@@H](O)C[C@@]32C)nc2ccccc21,0.27000698565435527,4.54193896691364,8.410465086270305
COc1cccc2c1-c1ccc3c(c1C(c1cccc(OCSC)c1)O2)C(C)=CC(C)(C)N3,0.41027720941797624,3.458674230883764,7.8745016954801015
CCS(=O)(=O)c1ccc(-c2ccc3c(n2)Oc2c(F)cccc2[C@@H]3C(C)(C)C(=O)NC(N)=O)cc1,0.5451998817763484,3.4334661721702258,6.2094085227206115
CCc1ccccc1C(=O)N(CC)C[C@@](O)(CNC(=O)c1cnn(-c2ccc(F)cc2)c1N)C(F)(F)F,0.37406752037472746,3.2641591168338007,7.928365764805281
Cc1nn(Cc2ccsc2)c2ncc(C(=O)Nc3ccc(C(F)(F)F)cc3)c(Cl)c12,0.4288373403876622,2.517303153617311,6.676657460857191
C[C@]12C=CC(=O)C=C1[C@@H](F)C[C@H]1[C@@H]3C[C@H]4O[C@@H](c5ccc(Cc6ccc(N)cc6)c(O)c5)O[C@@]4(C(=O)CO)[C@@]3(C)C[C@H](O)[C@@]12F,0.3645469290548553,5.137500125739076,8.087074663689512
C=C[C@H]1CO[C@]2(CCC3=Cc4c(cnn4-c4ccc(F)cc4)C[C@@]32C)O1,0.7653028226852779,4.592632240683275,7.810914243313822
COC[C@]12Cc3cnn(-c4ccc(F)cc4)c3C=C1CCN(S(=O)(=O)c1ccc(C)cc1)C2,0.5693579137856112,3.223970139230735,7.9681613620979075
COc1ccc(F)cc1C(C)(C)CC(O)(Cc1cc2ccc(C(F)(F)F)cc2[nH]1)C(F)(F)F,0.39633857185167126,3.2695194659678286,6.957042827039937
CC1=CC(C)(C)Nc2ccc3c(c21)C(c1cccc(Cl)c1)Oc1ccc(Cl)cc1-3,0.4329193548331103,3.188053170676982,6.8879593726254855
COc1cccc2c1-c1ccc(NS(C)(=O)=O)cc1C(c1ccsc1)O2,0.7257976863889897,3.002594306744765,7.743127893556821
C=CCC1Oc2c(Br)cc(O)c(Cl)c2-c2ccc3c(c21)C(C)=CC(C)(C)N3,0.4836957346595927,3.868104708433057,6.379389611401577
C#C[C@]1(O)CC[C@H]2[C@@H]3CCC4=CC(=O)CCC4=C3[C@@H](c3ccc(N(C)CCCS(=O)(=O)N(C)C4CC[C@@]5(C)[C@@H](C4)C[C@@H](O)[C@@H]4[C@@H]5C[C@H](O)[C@]5(C)[C@@H]([C@H](C)CCC(=O)O)CC[C@@H]45)cc3)C[C@@]21C,0.1511425716181751,6.142439345642297,7.533304646948943
CC(Cc1c[nH]c2ccccc12)NS(=O)(=O)c1c(C(C)C)cc(C(C)C)cc1C(C)C,0.42281276177009675,2.973013367928349,6.930270455242918
CC#C[C@]1(O)CC[C@H]2[C@@H]3CCC4=CC(=O)CCC4=C3[C@@H](c3ccc(N(C)CC(=O)N(Cc4ccccc4)Cc4ccc(C(=O)O)cc4)cc3)C[C@@]21C,0.22272010535193654,4.546085862909495,7.704892099822714
O=C(Nc1ccc(Cl)cc1)c1cnc2c(cnn2-c2ccccc2)c1Cl,0.5429198231042212,2.062270720232892,5.828177105732767
Cc1c(NS(C)(=O)=O)cccc1N(Cc1ccccc1)Cc1ccc(Oc2cccc(OCC(=O)NCCO[C@H]3CC[C@@]4(C)[C@@H](C3)C[C@@H](O)[C@@H]3[C@@H]4C[C@H](O)[C@]4(C)[C@@H]([C@H](C)CCC(=O)O)CC[C@@H]34)c2)cc1,0.053217276109433415,5.407332728633875,7.7000633942731564
CC#C[C@]1(O)CC[C@H]2[C@@H]3CCc4cc(C(=O)Nc5cccnc5)ccc4[C@H]3[C@@H](O)C[C@@]21C,0.6310471945810063,4.1559280902770475,6.290349291171484
Cc1cccc(Cn2ncc3c(Cl)c(C(=O)Nc4ccc(C(F)(F)F)cc4)cnc32)n1,0.47364462000752444,2.4967864622230866,6.702269624848148
CC#C[C@]1(O)CC[C@H]2[C@@H]3CCc4cc(C(=O)Nc5cccnc5C)ccc4[C@H]3[C@@H](OCc3ccccc3)C[C@@]21C,0.3692963520707477,4.237038618241198,9.347289192439652
CC(C)n1cc(-c2ccc(C#N)c(F)c2)c2ccc(NS(C)(=O)=O)cc21,0.7440211565324877,2.5236578751624688,5.600378456110824
C[C@]12C=CC(=O)C=C1[C@@H](F)C[C@H]1[C@@H]3C[C@H]4O[C@@H](c5ccc(CN6CCNCC6)cc5)O[C@@]4(C(=O)CO)[C@@]3(C)C[C@H](O)[C@@]12F,0.4752724334638643,5.0689484133303235,7.496288931653309
O=C(Nc1nccs1)C1(CCO)CC2c3ccccc3C1c1ccccc12,0.7195960009078175,3.9362350933331935,6.5320408062208575
CCN(C[C@@](O)(CNC(=O)c1cnn(-c2ccc(F)cc2)c1N)C(F)(F)F)C(=O)c1ccccc1F,0.4028164491378483,3.206220776928972,7.955279492961248
C[C@]12Cc3cnn(-c4ccc(F)cc4)c3C=C1CC[C@@H]1[C@@H]2[C@@H](O)C[C@@]2(C)[C@H]1CC[C@]2(O)C(=O)CSc1ccc2ccccc2n1,0.23780302777564236,4.592427941873778,8.435144086427865
C[C@H](c1ccc(N)cc1)c1ccc([C@@H]2O[C@@H]3C[C@H]4[C@@H]5C[C@H](F)C6=CC(=O)C=C[C@]6(C)[C@@]5(F)[C@@H](O)C[C@]4(C)[C@]3(C(=O)CO)O2)cc1,0.400467821835129,5.16237856389363,8.173622043116435
CC(=O)Nc1ccc(S(=O)(=O)N(Cc2ccccc2)c2ccc(Oc3ccccc3)cc2)cc1,0.3499261281964391,1.9922991457982118,5.5679541431863155
Cc1ccc(F)cc1C(C)(C)CC(O)(Cc1cc2nc(C(C)C)ncc2[nH]1)C(F)(F)F,0.484140513837101,3.4848879608053513,6.865588178342373
C[C@]12CC[C@@H]3c4ccc(OC(=O)c5ccccc5)cc4CC[C@H]3[C@@H]1CC[C@@H]2O,0.5842361578235642,3.455469959723775,5.2393015862616705
C=CCSC(C)C1=CC(C)(C)Nc2ccc(-c3ccccc3OC)cc21,0.6107033438580285,3.373884509803462,6.277929715982996
C[C@]12C=CC(=O)C=C1[C@@H](F)C[C@H]1[C@@H]3C[C@H]4O[C@H](c5ccc(Sc6ccc(N)cc6)cc5)O[C@@]4(C(=O)CO)[C@@]3(C)C[C@H](O)[C@@]12F,0.39576805434848333,5.103934688898902,7.775585410004131
C#C[C@]1(OC(C)=O)CC[C@H]2[C@@H]3CCC4=CC(=O)CC[C@@H]4[C@H]3CC[C@@]21C,0.5338581764582067,4.483511379493086,6.327554889263604
CCCC1O[C@@H]2C[C@H]3[C@@H]4CCC5=Cc6c(cnn6-c6cccc(OCCCCP(=O)(O)O)c6)C[C@]5(C)[C@H]4[C@@H](O)C[C@]3(C)[C@]2(C(=O)CO)O1,0.1910423346252035,5.194197587145577,8.299163682266302
CC1=CC(C)(C)Nc2ccc3c(c21)C(c1ccc(Cl)c(C)c1)Oc1ccccc1-3,0.4580799428703435,3.1823255909396453,6.646233151352965
COc1ncc(C#N)cc1-c1ccc([C@@H](C)NS(=O)(=O)c2c(C)noc2C)cc1,0.6598493821724366,2.9981883770559676,5.884269979749896
Nc1c(C(=O)NCC(O)(CN(CCF)C(=O)c2c(F)cccc2F)C(F)(F)F)cnn1-c1ccc(F)cc1,0.35683137403084064,3.491719695013053,7.484033067045349
CC(C)[C@H](NC(=O)C(C)(F)F)[C@H](Oc1ccc2c(cnn2-c2cccn(C)c2=O)c1)c1ccccc1,0.3871905259099412,3.731184692921297,8.066454247686622
CCC(Cc1cc(C)c(OC)c(C)c1)NS(=O)(=O)c1c(C)cc(C)cc1C,0.7564376852316748,2.810717494295842,5.626034338915784
CC(C)[C@H](NC(=O)C(C)(F)F)[C@H](Oc1ccc2c(cnn2-c2ccc(=O)n(C)c2)c1)c1ccc(Cl)cc1,0.33677419822867927,3.7769123470822157,7.123710134007681
CC(C)Oc1ccc(-c2ccc3c(n2)Oc2c(F)cccc2[C@@H]3C(C)(C)c2nc3nccnc3[nH]2)cc1F,0.2816310900214366,3.760041601908746,6.018705120791953
CCc1c(NS(C)(=O)=O)cccc1N(Cc1ccccc1)Cc1ccccc1,0.5954133912623572,2.1394052369703562,7.524086432487919
Cc1nn(Cc2ccco2)c2ncc(C(=O)Nc3ccc(C(F)(F)F)cc3)c(Cl)c12,0.47242460201234887,2.4648394173535753,6.632132351882991
CC#C[C@]1(O)CC[C@H]2[C@@H]3CCc4cc(C(=O)Nc5cccnc5C)ccc4C3=CC[C@@]21C,0.6520383719695397,4.085836862516308,6.961878721822882
C[C@H]1C[C@H]2[C@@H]3CCC4=CC(=O)C=C[C@]4(C)[C@@]3(F)[C@@H](O)C[C@]2(C)[C@@]1(OC(=O)NCC(C)(C)C)C(=O)CO,0.5373869664246258,4.852317410994676,7.1018150534146605
CC(C)(CNC(=O)Cc1ccccc1)[C@@H](c1ccccc1)c1ccc2c(cnn2-c2ccc(F)cc2)c1,0.26313084053334257,2.944439483547683,6.99370367764718
Cc1ccnc(SCC(=O)[C@@]2(OC(=O)c3ccco3)CC[C@H]3[C@@H]4CCC5=CC(=O)C=C[C@]5(C)[C@H]4[C@@H](O)C[C@@]32C)n1,0.2973348944120513,4.703884710037159,8.507488942823944
C[C@@H]1CC(C)(C)O[C@@]2(CCC3=Cc4c(cnn4-c4ccc(F)cc4)C[C@@]32C)O1,0.6923235478496244,4.491743631812171,8.483730856931208
C[C@]12C=CC(=O)C=C1[C@@H](F)C[C@H]1[C@@H]3C[C@H]4O[C@@H](c5ccc(Sc6ccc(Cl)c(N)c6)cc5)O[C@@]4(C(=O)CO)[C@@]3(C)C[C@H](O)[C@@]12F,0.34984980818048017,5.185372371892922,7.502586060930665
COCCOc1cccc(Oc2ccc(CN(Cc3ccccc3)c3cccc(NS(C)(=O)=O)c3C)cc2)c1,0.19588469785434934,2.430332347433934,7.654310647806491
COc1cc([C@H](O)[C@H]2CCCC3=Cc4c(cnn4-c4ccc(F)cc4)C[C@@]32C)cc(F)c1F,0.5438930200288203,3.828336020983734,8.405221604552208
Cc1c(NS(C)(=O)=O)cccc1N(Cc1ccccc1)Cc1cccc(OC(F)(F)F)c1,0.4802383239382184,2.3584576801660315,6.729212409627151
Cc1cc(C)c(S(=O)(=O)N[C@@H](C)COc2ccc3c(cnn3-c3ccc(F)cc3)c2)c(C)c1,0.4223324003671695,2.8807466246786824,7.206223175694731
CN(C)c1ccc([C@H]2C[C@@]3(C)[C@@H](CC[C@@]3(O)C#CC(C)(C)C)[C@@H]3CCC4=CC(=O)CC[C@@H]4[C@H]32)cc1,0.5075858368333078,4.648479262859061,8.098338424316731
O=C(Nc1ccc(Cl)cc1)c1cnc2c(c(Cl)nn2C2CCOCC2)c1Cl,0.6412619397492457,2.6040496381616993,6.220109041106957
Cc1cc(Cn2nc(C)c3c(Cl)c(C(=O)Nc4ccc(Cl)cc4)cnc32)ncn1,0.5204100056644966,2.5289178295887673,6.681586337662966
CC1(CC(O)(Cc2ccnc3ccccc23)C(F)(F)F)CCCc2ccccc21,0.6055047879803656,3.427785533121809,7.480450781670099
COc1ccc(CC(O)(CC(C)(C)c2cc(F)ccc2OC)C(F)(F)F)cc1,0.661585781040814,2.834906307889714,6.212237776375448
Cc1cnc(Nc2ccc3c(c2)CCC2=C4C[C@H](O)C[C@]4(C)CC[C@]23Cc2ccccc2)c(C)n1,0.4310365299325391,4.143834446821495,6.189743211219652
C[C@]12C=CC(=O)C=C1[C@@H](F)C[C@H]1[C@@H]3C[C@H]4O[C@H](c5ccc(CSc6ccc(Cl)c(N)c6)cc5)O[C@@]4(C(=O)CO)[C@@]3(C)C[C@H](O)[C@@]12F,0.2583777899682764,5.153657862077903,7.715714372122857
CC(C)(CC(O)(CNc1cccc2ncccc12)C(F)(F)F)c1cc(F)ccc1O,0.48078286706524237,3.1076084357401026,8.057107506567785
CC(C)[C@H](NC(=O)C(F)(F)F)[C@H](Oc1ccc2c(cnn2-c2ccc(=O)n(C)c2)c1)c1cc(F)cc(Cl)c1,0.3151487544475405,3.880476195315233,7.730143236983096
CC(C)(C)c1ccc(S(=O)(=O)N2CCC3=Cc4c(cnn4-c4ccc(F)cc4)CC3(Cc3ccc(F)cc3)C2)cc1,0.26670059708797583,3.3275211678593353,7.641759866953947
C[C@H](NC(=O)C(C)(F)F)[C@H](Oc1ccc2c(cnn2-c2cccc(C(=O)N3CCC[C@@H]3C(N)=O)c2)c1)c1ccc2c(c1)OCCO2,0.2823322273056677,3.982056948357303,9.743975373638465
Cc1cc(F)ccc1-n1nc(C(F)(F)F)cc1-c1cc(Cl)c2c(c1)NC(=O)CO2,0.5884439885056214,2.745080690751994,6.014601162315218
Cc1cc(C)c(S(=O)(=O)NC(Cc2c[nH]c3c(C#N)cc(C)cc23)C(F)(F)F)c(C)c1,0.590784954409404,3.3475758199341756,6.069577723766407
CC1=CC(C)(C)Nc2ccc3c(c21)C(c1ccccc1)Oc1ccccc1-3,0.543151119602933,3.0165621688520545,6.621964864056539
CC(C)(C)c1ccc(S(=O)(=O)N2CCC3=Cc4c(cnn4-c4ccc(F)cc4)C[C@]3(CNCCO)C2)cc1,0.4456788217306554,3.434108915591948,7.658005980376123
CC[C@@]12C[C@@](C)(O)[C@](O)(c3ccccc3)C[C@H]1C=Cc1cc(O)ccc12,0.7635766443753373,4.118855396415746,8.986808533742817
C[C@]12C=CC(=O)C=C1CC[C@@H]1[C@@H]2[C@@H](O)C[C@@]2(C)[C@H]1CC[C@]2(O)C(=O)CSc1nc2cccnc2s1,0.5895493414310833,4.5866736251977525,7.1030214828366445
C#C[C@]1(O)CC[C@H]2[C@@H]3CCC4=CC(=O)CCC4=C3[C@@H](c3ccc(N(C)C(=O)CNC(=O)O[C@@H]4C[C@@H]5CC(O)CC[C@]5(C)[C@H]5C[C@H](O)[C@]6(C)[C@@H]([C@H](C)CCC(=O)O)CC[C@H]6[C@H]45)cc3)C[C@@]21C,0.15361487334106624,6.0509818326850535,7.944569392308375
Cn1c(=O)[nH]c(N2CCC(c3ccccc3)CC2)c(Cc2ccccc2)c1=O,0.7625155295906683,2.367609254064373,5.803207548736156
CC(C)(C)c1ccc(S(=O)(=O)N2CCC3=Cc4c(cnn4-c4ccc(F)cc4)C[C@]3(C)C2)cc1,0.5089371959493059,3.2513265924921733,7.7078205558157755
CN(c1ccccc1)S(=O)(=O)c1ccc(-c2ccc3c(cnn3-c3ccc(F)cc3)c2)c(C(F)(F)F)c1,0.2408086835930298,2.4966830392942523,7.566578199266636
COc1c(O)ccc2c1-c1ccc3c(c1/C(=C/c1ccc(Cl)cc1)O2)C(C)=CC(C)(C)N3,0.4368547528269529,2.920020203934399,6.661210115715777
O=C(Nc1ccc(C(F)(F)F)cc1)c1cnc2c(c(F)nn2C2CCOCC2)c1Cl,0.5888754039448963,2.742166340430499,6.822597170248652
Cc1cccc([C@@](C)(O)[C@H]2CCCC3=Cc4c(-c5ccc(F)cc5)ncn4C[C@@]32C)c1,0.5594289767379428,4.0075867685180375,6.2435752457103115
COc1cccc2c1CCCC2CC(O)(C(=O)Nc1ccc2c(=O)onc(C)c2c1)C(F)(F)F,0.5711388554372582,3.6622964467484405,5.963203302969105
CC[C@@]12C[C@@](C)(O)[C@](O)(c3cccnc3)C[C@H]1CCc1cc(O)ccc12,0.7732751145456047,4.030497967543248,7.521065529489754
CCC(=O)NC(=O)C(C)(C)[C@@H]1c2ccc(-c3ccc(C(=O)N4CCOCC4)cc3)nc2Oc2c(F)cccc21,0.5137252265602689,3.4241505532184284,6.076927696634437
COc1cc(C)c(Cl)cc1S(=O)(=O)Nc1ccc2c(c1)CCCN2C(=O)c1cccs1,0.5546477571651903,2.4222177619578353,5.653514314550682
C[C@]12CCC(=O)C=C1CC[C@H]1[C@@H]3CC[C@](O)(C(=O)CSc4nc5ccccc5s4)[C@@]3(C)C[C@H](O)[C@@]12F,0.5240502998414089,4.517673786044684,7.596667323225474
O=C(c1ccco1)N1CCCc2cc(NS(=O)(=O)c3ccc(C(F)(F)F)cc3)ccc21,0.6254368459562136,2.328340838880912,4.7820859024886335
C[C@]12CCC(=O)C=C1CC[C@@H]1[C@@H]2[C@@H](O)C[C@@]2(C)[C@H]1CC[C@]2(O)C(=O)CSc1nc2ccccc2s1,0.549454311893899,4.380830268554396,7.4711262536652505
Cc1noc(C)c1-c1ccc2c(c1)C(C)(C)C(=O)C(C)(C)N2,0.8639649494381444,2.820560384566157,7.037195614805494
COCC#C[C@]1(O)CC[C@H]2[C@@H]3CCC4=CC(=O)CC[C@]4(C)[C@H]3[C@@H](c3ccc(N(C)C)cc3)C[C@@]21C,0.5982468538122381,4.629089680570951,7.040813663301406
Cc1nn(C2CCN(C(=O)OC(C)(C)C)CC2)c2ncc(C(=O)Nc3ccc(C(C)C)cc3)c(Cl)c12,0.44104647985503986,2.6017822842884755,6.7641507404660715
O=c1[nH]c(N2CCC(Cc3ccccc3)CC2)c(Cc2ccccc2)c(=O)[nH]1,0.7199252701485233,2.3413339986964345,5.548113469960994
CC#C[C@]1(O)CC[C@H]2[C@@H]3CCC4=CC(=O)CCC4=C3[C@@H](c3ccc(OC)c(C)c3)C[C@@]21C,0.616208871078286,4.346658858311752,9.328569959791134
CC(C)(C(=O)Nc1nncs1)C(c1ccccc1)c1ccc2c(cnn2CCc2ccccc2)c1,0.2982377100906844,3.1391660024869674,5.876423800502697
Cc1nn(Cc2ccc(C(F)(F)F)nc2)c2ncc(C(=O)Nc3ccc(C(F)(F)F)cc3)c(Cl)c12,0.3333856009483333,2.6466486781739427,6.496638504569622
CCN(CC(O)(CNC(=O)c1cnn(-c2ccc(F)cc2)c1N)C(F)(F)F)C(=O)c1cccc(Cl)c1,0.38845350440027204,3.2021573546369773,7.929175138444347
COc1cc(CC2C(C)(C)CC(C)=CC23CC3)c(OC(C)=O)cc1Br,0.3650484573856966,4.064217883181835,5.776852530238625
CC(C)(CC(O)(Cc1cc2cc(N3CCOCC3)ncc2[nH]1)C(F)(F)F)c1ccccc1S(C)(=O)=O,0.4842191258090435,3.507805634928115,7.858178395571936
O=C(Nc1ccc(C(F)(F)F)cc1)c1cnc2c(c(Cl)nn2C2CCOCC2)c1Cl,0.5728287868903473,2.7195196371337946,6.109438535592142
CC#C[C@]1(O)CC[C@H]2[C@@H]3CCC4=CC(=O)CC[C@]4(Cc4ccc(C)cc4)C3=CC[C@@]21C,0.49602970775509403,4.400188651686046,7.103198745416535
COc1cccc(-n2ncc3c(NC[C@H](C)NS(=O)(=O)c4c(C)cc(C)cc4C)cccc32)c1,0.3821606179410483,2.9727142847998635,8.15598236694529
CC(C)(C(=O)NC(N)=O)[C@@H]1c2ccc(-c3ccc(N4CCOCC4)nc3)nc2Oc2c(F)cccc21,0.5724650330031392,3.510530316129268,6.150033875918137
COc1c(O)ccc2c1-c1ccc3c(c1/C(=C/c1ccc(C(C)C)cc1)O2)C(C)=CC(C)(C)N3,0.42675033512733157,2.9674389061881996,7.859412105836421
COc1ccc(F)cc1C(C)(C)CC(O)(Cc1cc2ccncc2o1)C(F)(F)F,0.5682040576763385,3.3374540683899516,7.364488051278295
CC1=CC(C)(C)Nc2ccc3c(c21)/C(=C/c1ccco1)Oc1ccc(F)cc1-3,0.5228130266904407,2.938105044662663,6.836791863591307
O=C(c1ccccn1)[C@]12Cc3cnn(-c4ccc(F)cc4)c3C[C@@H]1CCN(S(=O)(=O)c1cccc(C(F)(F)F)c1)C2,0.24073430742133856,3.8403049536075198,6.79214438420091
COc1ccc(C[C@]23CCC(=O)C=C2CCN(S(=O)(=O)c2ccc(C(C)(C)C)cc2)C3)cc1,0.6270961075622127,3.0473369256820266,5.548535182982405
